,-0.5,-0.4898989898989899,-0.4797979797979798,-0.4696969696969697,-0.4595959595959596,-0.4494949494949495,-0.4393939393939394,-0.4292929292929293,-0.41919191919191917,-0.40909090909090906,-0.398989898989899,-0.3888888888888889,-0.3787878787878788,-0.3686868686868687,-0.35858585858585856,-0.3484848484848485,-0.33838383838383834,-0.3282828282828283,-0.3181818181818182,-0.30808080808080807,-0.29797979797979796,-0.28787878787878785,-0.2777777777777778,-0.2676767676767676,-0.25757575757575757,-0.24747474747474746,-0.23737373737373735,-0.22727272727272724,-0.21717171717171713,-0.20707070707070707,-0.19696969696969696,-0.18686868686868685,-0.17676767676767674,-0.16666666666666663,-0.15656565656565652,-0.1464646464646464,-0.13636363636363635,-0.12626262626262624,-0.11616161616161613,-0.10606060606060602,-0.09595959595959591,-0.0858585858585858,-0.07575757575757575,-0.06565656565656564,-0.055555555555555525,-0.045454545454545414,-0.035353535353535304,-0.025252525252525193,-0.015151515151515138,-0.0050505050505050275,0.005050505050505083,0.015151515151515249,0.025252525252525304,0.03535353535353536,0.045454545454545525,0.05555555555555558,0.06565656565656575,0.0757575757575758,0.08585858585858586,0.09595959595959602,0.10606060606060608,0.11616161616161624,0.1262626262626263,0.13636363636363646,0.14646464646464652,0.15656565656565657,0.16666666666666674,0.1767676767676768,0.18686868686868696,0.19696969696969702,0.20707070707070718,0.21717171717171724,0.2272727272727273,0.23737373737373746,0.24747474747474751,0.2575757575757577,0.26767676767676774,0.2777777777777778,0.28787878787878796,0.297979797979798,0.3080808080808082,0.31818181818181823,0.3282828282828284,0.33838383838383845,0.3484848484848485,0.3585858585858587,0.36868686868686873,0.3787878787878789,0.38888888888888895,0.3989898989898991,0.40909090909090917,0.4191919191919192,0.4292929292929294,0.43939393939393945,0.4494949494949496,0.45959595959595967,0.4696969696969697,0.4797979797979799,0.48989898989898994,0.5
-0.5,19.111420541760246,19.111420541760246,19.111420541760246,19.111420541760246,19.111420541760246,19.111420541760246,19.111420541760246,19.111420541760246,19.111420541760246,19.111420541760246,19.111420541760246,19.111420541760246,19.111420541760246,19.111420541760246,19.111420541760246,19.111420541760246,19.111420541760246,19.111420541760246,19.111420541760246,19.111420541760246,19.111420541760246,19.111420541760246,19.111420541760246,19.111420541760246,19.111420541760246,19.111420541760246,19.111420541760246,19.111420541760246,19.111420541760246,19.111420541760246,19.111420541760246,19.111420541760246,19.111420541760246,19.111420541760246,19.111420541760246,19.111420541760246,19.111420541760246,19.111420541760246,19.111420541760246,19.111420541760246,19.111420541760246,19.111420541760246,19.111420541760246,19.111420541760246,19.111420541760246,19.111420541760246,19.111420541760246,19.111420541760246,19.111420541760246,19.111420541760246,19.111420541760246,19.111420541760246,19.111420541760246,19.111420541760246,19.111420541760246,19.111420541760246,19.111420541760246,19.111420541760246,19.111420541760246,19.111420541760246,19.157410720697822,19.157410720697822,19.157410720697822,19.157410720697822,19.157410720697822,19.157410720697822,19.157410720697822,19.157410720697822,19.157410720697822,19.157410720697822,19.157410720697822,19.157410720697822,19.157410720697822,19.157410720697822,19.157410720697822,19.157410720697822,19.157410720697822,19.157410720697822,19.157410720697822,19.157410720697822,18.187016935983003,18.187016935983003,18.187016935983003,18.187016935983003,18.187016935983003,18.187016935983003,18.187016935983003,18.187016935983003,18.187016935983003,18.187016935983003,18.187016935983003,18.187016935983003,18.187016935983003,18.187016935983003,18.187016935983003,18.187016935983003,18.187016935983003,18.187016935983003,18.187016935983003,19.111420541760246
-0.4898989898989899,19.111420541760246,19.111420541760246,19.111420541760246,19.111420541760246,19.111420541760246,19.111420541760246,19.111420541760246,19.111420541760246,19.111420541760246,19.111420541760246,19.111420541760246,19.111420541760246,19.111420541760246,19.111420541760246,19.111420541760246,19.111420541760246,19.111420541760246,19.111420541760246,19.111420541760246,19.111420541760246,19.111420541760246,19.111420541760246,19.111420541760246,19.111420541760246,19.111420541760246,19.111420541760246,19.111420541760246,19.111420541760246,19.111420541760246,19.111420541760246,19.111420541760246,19.111420541760246,19.111420541760246,19.111420541760246,19.111420541760246,19.111420541760246,19.111420541760246,19.111420541760246,19.111420541760246,19.111420541760246,19.111420541760246,19.111420541760246,19.111420541760246,19.111420541760246,19.111420541760246,19.111420541760246,19.111420541760246,19.111420541760246,19.111420541760246,19.111420541760246,19.111420541760246,19.111420541760246,19.111420541760246,19.111420541760246,19.111420541760246,19.111420541760246,19.111420541760246,19.111420541760246,19.111420541760246,19.157410720697822,19.157410720697822,19.157410720697822,19.157410720697822,19.157410720697822,19.157410720697822,19.157410720697822,19.157410720697822,19.157410720697822,19.157410720697822,19.157410720697822,19.157410720697822,19.157410720697822,19.157410720697822,19.157410720697822,19.157410720697822,19.157410720697822,19.157410720697822,19.157410720697822,19.157410720697822,17.26896715100481,18.187016935983003,18.187016935983003,18.187016935983003,18.187016935983003,18.187016935983003,18.187016935983003,18.187016935983003,18.187016935983003,18.187016935983003,18.187016935983003,18.187016935983003,18.187016935983003,18.187016935983003,18.187016935983003,18.187016935983003,18.187016935983003,18.187016935983003,18.187016935983003,18.187016935983003,19.111420541760246
-0.4797979797979798,19.111420541760246,19.111420541760246,19.111420541760246,19.111420541760246,19.111420541760246,19.111420541760246,19.111420541760246,19.111420541760246,19.111420541760246,19.111420541760246,19.111420541760246,19.111420541760246,19.111420541760246,19.111420541760246,19.111420541760246,19.111420541760246,19.111420541760246,19.111420541760246,19.111420541760246,19.111420541760246,19.111420541760246,19.111420541760246,19.111420541760246,19.111420541760246,19.111420541760246,19.111420541760246,19.111420541760246,19.111420541760246,19.111420541760246,19.111420541760246,19.111420541760246,19.111420541760246,19.111420541760246,19.111420541760246,19.111420541760246,19.111420541760246,19.111420541760246,19.111420541760246,19.111420541760246,19.111420541760246,19.111420541760246,19.111420541760246,19.111420541760246,19.111420541760246,19.111420541760246,19.111420541760246,19.111420541760246,19.111420541760246,19.111420541760246,19.111420541760246,19.111420541760246,19.111420541760246,19.111420541760246,19.111420541760246,19.111420541760246,19.111420541760246,19.111420541760246,19.111420541760246,19.157410720697822,19.157410720697822,19.157410720697822,19.157410720697822,19.157410720697822,19.157410720697822,19.157410720697822,19.157410720697822,19.157410720697822,19.157410720697822,19.157410720697822,19.157410720697822,19.157410720697822,19.157410720697822,19.157410720697822,19.157410720697822,19.157410720697822,19.157410720697822,19.157410720697822,19.157410720697822,17.26896715100481,17.26896715100481,18.187016935983003,18.187016935983003,18.187016935983003,18.187016935983003,18.187016935983003,18.187016935983003,18.187016935983003,18.187016935983003,18.187016935983003,18.187016935983003,18.187016935983003,18.187016935983003,18.187016935983003,18.187016935983003,18.187016935983003,18.187016935983003,18.187016935983003,18.145668503156106,18.145668503156106,19.111420541760246
-0.4696969696969697,19.111420541760246,19.111420541760246,19.111420541760246,19.111420541760246,19.111420541760246,19.111420541760246,19.111420541760246,19.111420541760246,19.111420541760246,19.111420541760246,19.111420541760246,19.111420541760246,19.111420541760246,19.111420541760246,19.111420541760246,19.111420541760246,19.111420541760246,19.111420541760246,19.111420541760246,19.111420541760246,19.111420541760246,19.111420541760246,19.111420541760246,19.111420541760246,19.111420541760246,19.111420541760246,19.111420541760246,19.111420541760246,19.111420541760246,19.111420541760246,19.111420541760246,19.111420541760246,19.111420541760246,19.111420541760246,19.111420541760246,19.111420541760246,19.111420541760246,19.111420541760246,19.111420541760246,19.111420541760246,19.111420541760246,19.111420541760246,19.111420541760246,19.111420541760246,19.111420541760246,19.111420541760246,19.111420541760246,19.111420541760246,19.111420541760246,19.111420541760246,19.111420541760246,19.111420541760246,19.111420541760246,19.111420541760246,19.111420541760246,19.111420541760246,19.111420541760246,19.157410720697822,19.157410720697822,19.157410720697822,19.157410720697822,19.157410720697822,19.157410720697822,19.157410720697822,19.157410720697822,19.157410720697822,19.157410720697822,19.157410720697822,19.157410720697822,19.157410720697822,19.157410720697822,19.157410720697822,19.157410720697822,19.157410720697822,19.157410720697822,19.157410720697822,19.157410720697822,17.26896715100481,17.26896715100481,17.26896715100481,18.187016935983003,18.187016935983003,18.187016935983003,18.187016935983003,18.187016935983003,18.187016935983003,18.187016935983003,18.187016935983003,18.187016935983003,18.187016935983003,18.187016935983003,18.187016935983003,18.187016935983003,18.187016935983003,18.187016935983003,18.187016935983003,18.187016935983003,18.145668503156106,18.145668503156106,19.111420541760246
-0.4595959595959596,19.111420541760246,19.111420541760246,19.111420541760246,19.111420541760246,19.111420541760246,19.111420541760246,19.111420541760246,19.111420541760246,19.111420541760246,19.111420541760246,19.111420541760246,19.111420541760246,19.111420541760246,19.111420541760246,19.111420541760246,19.111420541760246,19.111420541760246,19.111420541760246,19.111420541760246,19.111420541760246,19.111420541760246,19.111420541760246,19.111420541760246,19.111420541760246,19.111420541760246,19.111420541760246,19.111420541760246,19.111420541760246,19.111420541760246,19.111420541760246,19.111420541760246,19.111420541760246,19.111420541760246,19.111420541760246,19.111420541760246,19.111420541760246,19.111420541760246,19.111420541760246,19.111420541760246,19.111420541760246,19.111420541760246,19.111420541760246,19.111420541760246,19.111420541760246,19.111420541760246,19.111420541760246,19.111420541760246,19.111420541760246,19.111420541760246,19.111420541760246,19.111420541760246,19.111420541760246,19.111420541760246,19.111420541760246,19.111420541760246,19.111420541760246,19.157410720697822,19.157410720697822,19.157410720697822,19.157410720697822,19.157410720697822,19.157410720697822,19.157410720697822,19.157410720697822,19.157410720697822,19.157410720697822,19.157410720697822,19.157410720697822,19.157410720697822,19.157410720697822,19.157410720697822,19.157410720697822,19.157410720697822,19.157410720697822,19.157410720697822,19.157410720697822,17.26896715100481,17.26896715100481,17.26896715100481,17.26896715100481,18.187016935983003,18.187016935983003,18.187016935983003,18.187016935983003,18.187016935983003,18.187016935983003,18.187016935983003,18.187016935983003,18.187016935983003,18.187016935983003,18.187016935983003,18.187016935983003,18.187016935983003,18.187016935983003,18.187016935983003,18.187016935983003,18.145668503156106,18.145668503156106,18.145668503156106,19.111420541760246
-0.4494949494949495,19.111420541760246,19.111420541760246,19.111420541760246,19.111420541760246,19.111420541760246,19.111420541760246,19.111420541760246,19.111420541760246,19.111420541760246,19.111420541760246,19.111420541760246,19.111420541760246,19.111420541760246,19.111420541760246,19.111420541760246,19.111420541760246,19.111420541760246,19.111420541760246,19.111420541760246,19.111420541760246,19.111420541760246,19.111420541760246,19.111420541760246,19.111420541760246,19.111420541760246,19.111420541760246,19.111420541760246,19.111420541760246,19.111420541760246,19.111420541760246,19.111420541760246,19.111420541760246,19.111420541760246,19.111420541760246,19.111420541760246,19.111420541760246,19.111420541760246,19.111420541760246,19.111420541760246,19.111420541760246,19.111420541760246,19.111420541760246,19.111420541760246,19.111420541760246,19.111420541760246,19.111420541760246,19.111420541760246,19.111420541760246,19.111420541760246,19.111420541760246,19.111420541760246,19.111420541760246,19.111420541760246,19.111420541760246,19.111420541760246,19.157410720697822,19.157410720697822,19.157410720697822,19.157410720697822,19.157410720697822,19.157410720697822,19.157410720697822,19.157410720697822,19.157410720697822,19.157410720697822,19.157410720697822,19.157410720697822,19.157410720697822,19.157410720697822,19.157410720697822,19.157410720697822,19.157410720697822,19.157410720697822,19.157410720697822,19.157410720697822,17.26896715100481,17.26896715100481,17.26896715100481,17.26896715100481,17.26896715100481,18.187016935983003,18.187016935983003,18.187016935983003,18.187016935983003,18.187016935983003,18.187016935983003,18.187016935983003,18.187016935983003,18.187016935983003,18.187016935983003,18.187016935983003,18.187016935983003,18.187016935983003,18.187016935983003,18.145668503156106,18.145668503156106,18.145668503156106,18.145668503156106,18.145668503156106,19.111420541760246
-0.4393939393939394,19.111420541760246,19.111420541760246,19.111420541760246,19.111420541760246,19.111420541760246,19.111420541760246,19.111420541760246,19.111420541760246,19.111420541760246,19.111420541760246,19.111420541760246,19.111420541760246,19.111420541760246,19.111420541760246,19.111420541760246,19.111420541760246,19.111420541760246,19.111420541760246,19.111420541760246,19.111420541760246,19.111420541760246,19.111420541760246,19.111420541760246,19.111420541760246,19.111420541760246,19.111420541760246,19.111420541760246,19.111420541760246,19.111420541760246,19.111420541760246,19.111420541760246,19.111420541760246,19.111420541760246,19.111420541760246,19.111420541760246,19.111420541760246,19.111420541760246,19.111420541760246,19.111420541760246,19.111420541760246,19.111420541760246,19.111420541760246,19.111420541760246,19.111420541760246,19.111420541760246,19.111420541760246,19.111420541760246,19.111420541760246,19.111420541760246,19.111420541760246,19.111420541760246,19.111420541760246,19.111420541760246,19.111420541760246,19.157410720697822,19.157410720697822,19.157410720697822,19.157410720697822,19.157410720697822,19.157410720697822,19.157410720697822,19.157410720697822,19.157410720697822,19.157410720697822,19.157410720697822,19.157410720697822,19.157410720697822,19.157410720697822,19.157410720697822,19.157410720697822,19.157410720697822,19.157410720697822,19.157410720697822,19.157410720697822,17.26896715100481,17.26896715100481,17.26896715100481,17.26896715100481,17.26896715100481,17.26896715100481,18.187016935983003,18.187016935983003,18.187016935983003,18.187016935983003,18.187016935983003,18.187016935983003,18.187016935983003,18.187016935983003,18.187016935983003,18.187016935983003,18.187016935983003,18.187016935983003,18.187016935983003,18.145668503156106,18.145668503156106,18.145668503156106,18.145668503156106,18.145668503156106,18.145668503156106,19.111420541760246
-0.4292929292929293,19.111420541760246,19.111420541760246,19.111420541760246,19.111420541760246,19.111420541760246,19.111420541760246,19.111420541760246,19.111420541760246,19.111420541760246,19.111420541760246,19.111420541760246,19.111420541760246,19.111420541760246,19.111420541760246,19.111420541760246,19.111420541760246,19.111420541760246,19.111420541760246,19.111420541760246,19.111420541760246,19.111420541760246,19.111420541760246,19.111420541760246,19.111420541760246,19.111420541760246,19.111420541760246,19.111420541760246,19.111420541760246,19.111420541760246,19.111420541760246,19.111420541760246,19.111420541760246,19.111420541760246,19.111420541760246,19.111420541760246,19.111420541760246,19.111420541760246,19.111420541760246,19.111420541760246,19.111420541760246,19.111420541760246,19.111420541760246,19.111420541760246,19.111420541760246,19.111420541760246,19.111420541760246,19.111420541760246,19.111420541760246,19.111420541760246,19.111420541760246,19.111420541760246,19.111420541760246,19.111420541760246,19.157410720697822,19.157410720697822,19.157410720697822,19.157410720697822,19.157410720697822,19.157410720697822,19.157410720697822,19.157410720697822,19.157410720697822,19.157410720697822,19.157410720697822,19.157410720697822,19.157410720697822,19.157410720697822,19.157410720697822,19.157410720697822,19.157410720697822,19.157410720697822,19.157410720697822,19.157410720697822,17.26896715100481,17.26896715100481,17.26896715100481,17.26896715100481,17.26896715100481,17.26896715100481,17.26896715100481,18.187016935983003,18.187016935983003,18.187016935983003,18.187016935983003,18.187016935983003,18.187016935983003,18.187016935983003,18.187016935983003,18.187016935983003,18.187016935983003,18.187016935983003,18.187016935983003,18.187016935983003,18.145668503156106,18.145668503156106,18.145668503156106,18.145668503156106,18.145668503156106,18.145668503156106,19.111420541760246
-0.41919191919191917,19.111420541760246,19.111420541760246,19.111420541760246,19.111420541760246,19.111420541760246,19.111420541760246,19.111420541760246,19.111420541760246,19.111420541760246,19.111420541760246,19.111420541760246,19.111420541760246,19.111420541760246,19.111420541760246,19.111420541760246,19.111420541760246,19.111420541760246,19.111420541760246,19.111420541760246,19.111420541760246,19.111420541760246,19.111420541760246,19.111420541760246,19.111420541760246,19.111420541760246,19.111420541760246,19.111420541760246,19.111420541760246,19.111420541760246,19.111420541760246,19.111420541760246,19.111420541760246,19.111420541760246,19.111420541760246,19.111420541760246,19.111420541760246,19.111420541760246,19.111420541760246,19.111420541760246,19.111420541760246,19.111420541760246,19.111420541760246,19.111420541760246,19.111420541760246,19.111420541760246,19.111420541760246,19.111420541760246,19.111420541760246,19.111420541760246,19.111420541760246,19.111420541760246,19.111420541760246,19.157410720697822,19.157410720697822,19.157410720697822,19.157410720697822,19.157410720697822,19.157410720697822,19.157410720697822,19.157410720697822,19.157410720697822,19.157410720697822,19.157410720697822,19.157410720697822,19.157410720697822,19.157410720697822,19.157410720697822,19.157410720697822,19.157410720697822,19.157410720697822,19.157410720697822,19.157410720697822,17.26896715100481,17.26896715100481,17.26896715100481,17.26896715100481,17.26896715100481,17.26896715100481,17.26896715100481,17.26896715100481,18.187016935983003,18.187016935983003,18.187016935983003,18.187016935983003,18.187016935983003,18.187016935983003,18.187016935983003,18.187016935983003,18.187016935983003,18.187016935983003,18.187016935983003,18.187016935983003,18.145668503156106,18.145668503156106,18.145668503156106,18.145668503156106,18.145668503156106,18.145668503156106,18.145668503156106,19.111420541760246
-0.40909090909090906,19.111420541760246,19.111420541760246,19.111420541760246,19.111420541760246,19.111420541760246,19.111420541760246,19.111420541760246,19.111420541760246,19.111420541760246,19.111420541760246,19.111420541760246,19.111420541760246,19.111420541760246,19.111420541760246,19.111420541760246,19.111420541760246,19.111420541760246,19.111420541760246,19.111420541760246,19.111420541760246,19.111420541760246,19.111420541760246,19.111420541760246,19.111420541760246,19.111420541760246,19.111420541760246,19.111420541760246,19.111420541760246,19.111420541760246,19.111420541760246,19.111420541760246,19.111420541760246,19.111420541760246,19.111420541760246,19.111420541760246,19.111420541760246,19.111420541760246,19.111420541760246,19.111420541760246,19.111420541760246,19.111420541760246,19.111420541760246,19.111420541760246,19.111420541760246,19.111420541760246,19.111420541760246,19.111420541760246,19.111420541760246,19.111420541760246,19.111420541760246,19.111420541760246,19.157410720697822,19.157410720697822,19.157410720697822,19.157410720697822,19.157410720697822,19.157410720697822,19.157410720697822,19.157410720697822,19.157410720697822,19.157410720697822,19.157410720697822,19.157410720697822,19.157410720697822,19.157410720697822,19.157410720697822,19.157410720697822,19.157410720697822,19.157410720697822,19.157410720697822,19.157410720697822,17.26896715100481,17.26896715100481,17.26896715100481,17.26896715100481,17.26896715100481,17.26896715100481,17.26896715100481,17.26896715100481,17.26896715100481,18.187016935983003,18.187016935983003,18.187016935983003,18.187016935983003,18.187016935983003,18.187016935983003,18.187016935983003,18.187016935983003,18.187016935983003,18.187016935983003,18.145668503156106,18.145668503156106,18.145668503156106,18.145668503156106,18.145668503156106,18.145668503156106,18.145668503156106,18.145668503156106,18.145668503156106,19.111420541760246
-0.398989898989899,19.111420541760246,19.111420541760246,19.111420541760246,19.111420541760246,19.111420541760246,19.111420541760246,19.111420541760246,19.111420541760246,19.111420541760246,19.111420541760246,19.111420541760246,19.111420541760246,19.111420541760246,19.111420541760246,19.111420541760246,19.111420541760246,19.111420541760246,19.111420541760246,19.111420541760246,19.111420541760246,19.111420541760246,19.111420541760246,19.111420541760246,19.111420541760246,19.111420541760246,19.111420541760246,19.111420541760246,19.111420541760246,19.111420541760246,19.111420541760246,19.111420541760246,19.111420541760246,19.111420541760246,19.111420541760246,19.111420541760246,19.111420541760246,19.111420541760246,19.111420541760246,19.111420541760246,19.111420541760246,19.111420541760246,19.111420541760246,19.111420541760246,19.111420541760246,19.111420541760246,19.111420541760246,19.111420541760246,19.111420541760246,19.111420541760246,19.111420541760246,19.157410720697822,19.157410720697822,19.157410720697822,19.157410720697822,19.157410720697822,19.157410720697822,19.157410720697822,19.157410720697822,19.157410720697822,19.157410720697822,19.157410720697822,19.157410720697822,19.157410720697822,19.157410720697822,19.157410720697822,19.157410720697822,19.157410720697822,19.157410720697822,19.157410720697822,19.157410720697822,17.26896715100481,17.26896715100481,17.26896715100481,17.26896715100481,17.26896715100481,17.26896715100481,17.26896715100481,17.26896715100481,17.26896715100481,17.26896715100481,18.187016935983003,18.187016935983003,18.187016935983003,18.187016935983003,18.187016935983003,18.187016935983003,18.187016935983003,18.187016935983003,18.187016935983003,18.187016935983003,18.145668503156106,18.145668503156106,18.145668503156106,18.145668503156106,18.145668503156106,18.145668503156106,18.145668503156106,18.145668503156106,18.145668503156106,19.111420541760246
-0.3888888888888889,19.111420541760246,19.111420541760246,19.111420541760246,19.111420541760246,19.111420541760246,19.111420541760246,19.111420541760246,19.111420541760246,19.111420541760246,19.111420541760246,19.111420541760246,19.111420541760246,19.111420541760246,19.111420541760246,19.111420541760246,19.111420541760246,19.111420541760246,19.111420541760246,19.111420541760246,19.111420541760246,19.111420541760246,19.111420541760246,19.111420541760246,19.111420541760246,19.111420541760246,19.111420541760246,19.111420541760246,19.111420541760246,19.111420541760246,19.111420541760246,19.087446872960417,19.111420541760246,19.111420541760246,19.111420541760246,19.111420541760246,19.111420541760246,19.111420541760246,19.111420541760246,19.111420541760246,19.111420541760246,19.111420541760246,19.111420541760246,19.111420541760246,19.111420541760246,19.111420541760246,19.111420541760246,19.111420541760246,19.111420541760246,19.111420541760246,19.157410720697822,19.15430410333282,19.157410720697822,19.157410720697822,19.157410720697822,19.157410720697822,19.157410720697822,19.157410720697822,19.157410720697822,19.157410720697822,19.157410720697822,19.157410720697822,19.157410720697822,19.157410720697822,19.157410720697822,19.157410720697822,19.157410720697822,19.157410720697822,19.157410720697822,19.157410720697822,17.26896715100481,17.26896715100481,17.26896715100481,17.26896715100481,17.26896715100481,17.26896715100481,17.26896715100481,17.26896715100481,17.26896715100481,17.26896715100481,17.26896715100481,18.187016935983003,18.187016935983003,18.187016935983003,18.187016935983003,18.187016935983003,18.187016935983003,18.187016935983003,18.187016935983003,18.187016935983003,18.145668503156106,18.145668503156106,18.145668503156106,18.145668503156106,18.145668503156106,18.145668503156106,18.145668503156106,18.145668503156106,18.145668503156106,18.145668503156106,19.111420541760246
-0.3787878787878788,19.111420541760246,19.111420541760246,19.111420541760246,19.111420541760246,19.111420541760246,19.111420541760246,19.111420541760246,19.111420541760246,19.111420541760246,19.111420541760246,19.111420541760246,19.111420541760246,19.111420541760246,19.111420541760246,19.111420541760246,19.111420541760246,19.111420541760246,19.111420541760246,19.111420541760246,19.111420541760246,19.111420541760246,19.111420541760246,19.111420541760246,19.111420541760246,19.111420541760246,19.111420541760246,19.111420541760246,19.111420541760246,19.111420541760246,19.111420541760246,19.08146128285672,19.021035135924468,19.111420541760246,19.111420541760246,19.111420541760246,19.111420541760246,19.111420541760246,19.111420541760246,19.111420541760246,19.111420541760246,19.111420541760246,19.111420541760246,19.111420541760246,19.111420541760246,19.111420541760246,19.111420541760246,19.111420541760246,19.111420541760246,19.157410720697822,19.157410720697822,19.166002879313954,19.13343798720198,19.157410720697822,19.157410720697822,19.157410720697822,19.157410720697822,19.157410720697822,19.157410720697822,19.157410720697822,19.157410720697822,19.157410720697822,19.157410720697822,19.157410720697822,19.157410720697822,19.157410720697822,19.157410720697822,19.157410720697822,19.157410720697822,17.26896715100481,17.26896715100481,17.26896715100481,17.26896715100481,17.26896715100481,17.26896715100481,17.26896715100481,17.26896715100481,17.26896715100481,17.26896715100481,17.26896715100481,17.26896715100481,18.187016935983003,18.187016935983003,18.187016935983003,18.187016935983003,18.187016935983003,18.187016935983003,18.187016935983003,18.145668503156106,18.145668503156106,18.145668503156106,18.145668503156106,18.145668503156106,18.145668503156106,18.145668503156106,18.145668503156106,18.145668503156106,18.145668503156106,18.145668503156106,18.145668503156106,19.111420541760246
-0.3686868686868687,19.111420541760246,19.111420541760246,19.111420541760246,19.111420541760246,19.111420541760246,19.111420541760246,19.111420541760246,19.111420541760246,19.111420541760246,19.111420541760246,19.111420541760246,19.111420541760246,19.111420541760246,19.111420541760246,19.111420541760246,19.111420541760246,19.111420541760246,19.111420541760246,19.111420541760246,19.111420541760246,19.111420541760246,19.111420541760246,19.111420541760246,19.111420541760246,19.111420541760246,19.111420541760246,19.111420541760246,19.111420541760246,19.111420541760246,19.111420541760246,19.07619327091553,19.013650890945627,18.94780140490162,19.111420541760246,19.111420541760246,19.111420541760246,19.111420541760246,19.111420541760246,19.111420541760246,19.111420541760246,19.111420541760246,19.111420541760246,19.111420541760246,19.111420541760246,19.111420541760246,19.111420541760246,19.111420541760246,19.157410720697822,19.157410720697822,19.157410720697822,19.178319053892537,19.14516549767869,19.110972967574025,19.157410720697822,19.157410720697822,19.157410720697822,19.157410720697822,19.157410720697822,19.157410720697822,19.157410720697822,19.157410720697822,19.157410720697822,19.157410720697822,19.157410720697822,19.157410720697822,19.157410720697822,19.157410720697822,17.26896715100481,17.26896715100481,17.26896715100481,17.26896715100481,17.26896715100481,17.26896715100481,17.26896715100481,17.26896715100481,17.26896715100481,17.26896715100481,17.26896715100481,17.26896715100481,17.26896715100481,18.187016935983003,18.187016935983003,18.187016935983003,18.187016935983003,18.187016935983003,18.187016935983003,18.145668503156106,18.145668503156106,18.145668503156106,18.145668503156106,18.145668503156106,18.145668503156106,18.145668503156106,18.145668503156106,18.145668503156106,18.145668503156106,18.145668503156106,18.145668503156106,18.145668503156106,19.111420541760246
-0.35858585858585856,19.111420541760246,19.111420541760246,19.111420541760246,19.111420541760246,19.111420541760246,19.111420541760246,19.111420541760246,19.111420541760246,19.111420541760246,19.111420541760246,19.111420541760246,19.111420541760246,19.111420541760246,19.111420541760246,19.111420541760246,19.111420541760246,19.111420541760246,19.111420541760246,19.111420541760246,19.111420541760246,19.111420541760246,19.111420541760246,19.111420541760246,19.111420541760246,19.111420541760246,19.111420541760246,19.111420541760246,19.111420541760246,19.111420541760246,19.111420541760246,19.071651514509558,19.006744145533098,18.938110655910865,18.865219820922626,19.111420541760246,19.111420541760246,19.111420541760246,19.111420541760246,19.111420541760246,19.111420541760246,19.111420541760246,19.111420541760246,19.111420541760246,19.111420541760246,19.111420541760246,19.111420541760246,19.157410720697822,19.157410720697822,19.157410720697822,19.157410720697822,19.19128786052157,19.157546201357782,19.12274628586975,19.08685710135451,19.157410720697822,19.157410720697822,19.157410720697822,19.157410720697822,19.157410720697822,19.157410720697822,19.157410720697822,19.157410720697822,19.157410720697822,19.157410720697822,19.157410720697822,19.157410720697822,17.26896715100481,17.26896715100481,17.26896715100481,17.26896715100481,17.26896715100481,17.26896715100481,17.26896715100481,17.26896715100481,17.26896715100481,17.26896715100481,17.26896715100481,17.26896715100481,17.26896715100481,17.26896715100481,18.187016935983003,18.187016935983003,18.187016935983003,18.187016935983003,18.187016935983003,18.187016935983003,18.145668503156106,18.145668503156106,18.145668503156106,18.145668503156106,18.145668503156106,18.145668503156106,18.145668503156106,18.145668503156106,18.145668503156106,18.145668503156106,18.145668503156106,18.145668503156106,18.145668503156106,19.111420541760246
-0.3484848484848485,19.111420541760246,19.111420541760246,19.111420541760246,19.111420541760246,19.111420541760246,19.111420541760246,19.111420541760246,19.111420541760246,19.111420541760246,19.111420541760246,19.111420541760246,19.111420541760246,19.111420541760246,19.111420541760246,19.111420541760246,19.111420541760246,19.111420541760246,19.111420541760246,19.111420541760246,19.111420541760246,19.111420541760246,19.111420541760246,19.111420541760246,19.111420541760246,19.111420541760246,19.111420541760246,19.111420541760246,19.111420541760246,19.111420541760246,19.111420541760246,19.06785398743358,19.000285201479265,18.92848316949076,18.851799373193206,18.769446569883037,19.111420541760246,19.111420541760246,19.111420541760246,19.111420541760246,19.111420541760246,19.111420541760246,19.111420541760246,19.111420541760246,19.111420541760246,19.111420541760246,19.157410720697822,19.157410720697822,19.157410720697822,19.157410720697822,19.157410720697822,19.204948286502052,19.170619509797582,19.135211752324174,19.09869160685553,19.061022926931074,19.157410720697822,19.157410720697822,19.157410720697822,19.157410720697822,19.157410720697822,19.157410720697822,19.157410720697822,19.157410720697822,19.157410720697822,19.157410720697822,17.26896715100481,17.26896715100481,17.26896715100481,17.26896715100481,17.26896715100481,17.26896715100481,17.26896715100481,17.26896715100481,17.26896715100481,17.26896715100481,17.26896715100481,17.26896715100481,17.26896715100481,17.26896715100481,17.26896715100481,18.187016935983003,18.187016935983003,18.187016935983003,18.187016935983003,18.187016935983003,18.145668503156106,18.145668503156106,18.145668503156106,18.145668503156106,18.145668503156106,18.145668503156106,18.145668503156106,18.145668503156106,18.145668503156106,18.145668503156106,18.145668503156106,18.145668503156106,18.145668503156106,18.145668503156106,19.111420541760246
-0.33838383838383834,19.111420541760246,19.111420541760246,19.111420541760246,19.111420541760246,19.111420541760246,19.111420541760246,19.111420541760246,19.111420541760246,19.111420541760246,19.111420541760246,19.111420541760246,19.111420541760246,19.111420541760246,19.111420541760246,19.111420541760246,19.111420541760246,19.111420541760246,19.111420541760246,19.111420541760246,19.111420541760246,19.111420541760246,19.111420541760246,19.111420541760246,19.111420541760246,19.111420541760246,19.111420541760246,19.111420541760246,19.111420541760246,19.111420541760246,19.111420541760246,19.064830421335905,18.994242429864766,18.91879874253811,18.83769449136932,18.749935993682183,18.654279566826432,19.111420541760246,19.111420541760246,19.111420541760246,19.111420541760246,19.111420541760246,19.111420541760246,19.111420541760246,19.111420541760246,19.157410720697822,19.157410720697822,19.157410720697822,19.157410720697822,19.157410720697822,19.157410720697822,19.21934356983508,19.18442924806472,19.148413731059033,19.111261042764518,19.07293222421673,19.033385056416204,19.157410720697822,19.157410720697822,19.157410720697822,19.157410720697822,19.157410720697822,19.157410720697822,19.157410720697822,19.157410720697822,17.26896715100481,17.26896715100481,17.26896715100481,17.26896715100481,17.26896715100481,17.26896715100481,17.26896715100481,17.26896715100481,17.26896715100481,17.26896715100481,17.26896715100481,17.26896715100481,17.26896715100481,17.26896715100481,17.26896715100481,17.26896715100481,18.187016935983003,18.187016935983003,18.187016935983003,18.145668503156106,18.145668503156106,18.145668503156106,18.145668503156106,18.145668503156106,18.145668503156106,18.145668503156106,18.145668503156106,18.145668503156106,18.145668503156106,18.145668503156106,18.145668503156106,18.145668503156106,18.145668503156106,18.145668503156106,18.145668503156106,19.111420541760246
-0.3282828282828283,19.111420541760246,19.111420541760246,19.111420541760246,19.111420541760246,19.111420541760246,19.111420541760246,19.111420541760246,19.111420541760246,19.111420541760246,19.111420541760246,19.111420541760246,19.111420541760246,19.111420541760246,19.111420541760246,19.111420541760246,19.111420541760246,19.111420541760246,19.111420541760246,19.111420541760246,19.111420541760246,19.111420541760246,19.111420541760246,19.111420541760246,19.111420541760246,19.111420541760246,19.111420541760246,19.111420541760246,19.111420541760246,19.111420541760246,19.111420541760246,19.062625968457677,18.988580717417012,18.908903417185,18.822576146906233,18.728317554848292,18.624489062661695,18.508958289957032,19.111420541760246,19.111420541760246,19.111420541760246,19.111420541760246,19.111420541760246,19.111420541760246,19.157410720697822,19.157410720697822,19.157410720697822,19.157410720697822,19.157410720697822,19.157410720697822,19.157410720697822,19.23452178122594,19.19902427129245,19.162401815018228,19.12461567355218,19.08562384907961,19.04538076830818,19.003836923443107,19.157410720697822,19.157410720697822,19.157410720697822,19.157410720697822,19.157410720697822,19.157410720697822,17.26896715100481,17.26896715100481,17.26896715100481,17.26896715100481,17.26896715100481,17.26896715100481,17.26896715100481,17.26896715100481,17.26896715100481,17.26896715100481,17.26896715100481,17.26896715100481,17.26896715100481,17.26896715100481,17.26896715100481,17.26896715100481,17.26896715100481,18.187016935983003,18.187016935983003,18.187016935983003,18.145668503156106,18.145668503156106,18.145668503156106,18.145668503156106,18.145668503156106,18.145668503156106,18.145668503156106,18.145668503156106,18.145668503156106,18.145668503156106,18.145668503156106,18.145668503156106,18.145668503156106,18.145668503156106,18.145668503156106,18.145668503156106,19.111420541760246
-0.3181818181818182,19.111420541760246,19.111420541760246,19.111420541760246,19.111420541760246,19.111420541760246,19.111420541760246,19.111420541760246,19.111420541760246,19.111420541760246,19.111420541760246,19.111420541760246,19.111420541760246,19.111420541760246,19.111420541760246,19.111420541760246,19.111420541760246,19.111420541760246,19.111420541760246,19.111420541760246,19.111420541760246,19.111420541760246,19.111420541760246,19.111420541760246,19.111420541760246,19.111420541760246,19.111420541760246,19.111420541760246,19.111420541760246,19.111420541760246,19.111420541760246,19.061306737704637,18.983259189696795,18.898593171234392,18.805992839672328,18.703763806481646,18.58968338146533,18.46077408374643,18.312950280603182,19.111420541760246,19.111420541760246,19.111420541760246,19.111420541760246,19.157410720697822,19.157410720697822,19.157410720697822,19.157410720697822,19.157410720697822,19.157410720697822,19.157410720697822,19.157410720697822,19.25053650884423,19.21445919259673,19.177231599364273,19.138812011892487,19.09915514070696,19.058211761551316,19.015928302556144,18.97224637278882,19.157410720697822,19.157410720697822,19.157410720697822,19.157410720697822,17.26896715100481,17.26896715100481,17.26896715100481,17.26896715100481,17.26896715100481,17.26896715100481,17.26896715100481,17.26896715100481,17.26896715100481,17.26896715100481,17.26896715100481,17.26896715100481,17.26896715100481,17.26896715100481,17.26896715100481,17.26896715100481,17.26896715100481,17.26896715100481,18.187016935983003,18.187016935983003,18.145668503156106,18.145668503156106,18.145668503156106,18.145668503156106,18.145668503156106,18.145668503156106,18.145668503156106,18.145668503156106,18.145668503156106,18.145668503156106,18.145668503156106,18.145668503156106,18.145668503156106,18.145668503156106,18.145668503156106,18.145668503156106,18.145668503156106,19.111420541760246
-0.30808080808080807,19.111420541760246,19.111420541760246,19.111420541760246,19.111420541760246,19.111420541760246,19.111420541760246,19.111420541760246,19.111420541760246,19.111420541760246,19.111420541760246,19.111420541760246,19.111420541760246,19.111420541760246,19.111420541760246,19.111420541760246,19.111420541760246,19.111420541760246,19.111420541760246,19.111420541760246,19.111420541760246,19.111420541760246,19.111420541760246,19.111420541760246,19.111420541760246,19.111420541760246,19.111420541760246,19.111420541760246,19.111420541760246,19.111420541760246,19.111420541760246,19.06096835472404,18.978227719946787,18.887587788404385,18.787303131508065,18.675064608845243,18.54774824739514,18.401017435536083,18.228667858270093,18.021498179640115,19.111420541760246,19.111420541760246,19.157410720697822,19.157410720697822,19.157410720697822,19.157410720697822,19.157410720697822,19.157410720697822,19.157410720697822,19.157410720697822,19.157410720697822,19.26744766777033,19.230795246647062,19.192965602434423,19.153913800166773,19.113590976532638,19.071943923247385,19.028914610678967,18.98443964141499,18.938449621340762,19.157410720697822,19.157410720697822,17.26896715100481,17.26896715100481,17.26896715100481,17.26896715100481,17.26896715100481,17.26896715100481,17.26896715100481,17.26896715100481,17.26896715100481,17.26896715100481,17.26896715100481,17.26896715100481,17.26896715100481,17.26896715100481,17.26896715100481,17.26896715100481,17.26896715100481,17.26896715100481,17.26896715100481,18.145668503156106,18.145668503156106,18.145668503156106,18.145668503156106,18.145668503156106,18.145668503156106,18.145668503156106,18.145668503156106,18.145668503156106,18.145668503156106,18.145668503156106,18.145668503156106,18.145668503156106,18.145668503156106,18.145668503156106,18.145668503156106,18.145668503156106,18.145668503156106,18.145668503156106,19.111420541760246
-0.29797979797979796,20.161640465715475,20.161640465715475,20.161640465715475,20.161640465715475,20.161640465715475,20.161640465715475,20.161640465715475,20.161640465715475,20.161640465715475,20.161640465715475,20.161640465715475,20.161640465715475,20.161640465715475,20.161640465715475,20.161640465715475,20.161640465715475,20.161640465715475,20.161640465715475,20.161640465715475,20.161640465715475,20.161640465715475,20.161640465715475,20.161640465715475,20.161640465715475,20.161640465715475,20.161640465715475,20.161640465715475,20.161640465715475,20.161640465715475,20.161640465715475,19.454404355550928,19.366076086359108,19.268141930353444,19.158213654627822,19.033025996160198,18.887989335120377,18.716438744631862,18.50830910316369,18.247652277791364,17.907622827903523,19.550065482656247,19.550065482656247,19.550065482656247,19.550065482656247,19.550065482656247,19.550065482656247,19.550065482656247,19.550065482656247,19.550065482656247,19.550065482656247,19.28532246162256,19.248101319496108,19.2096743683346,19.16999319036115,19.129005033808685,19.086652332536552,19.04287215426028,18.99759556457992,18.950746891255864,18.902242869767225,17.26896715100481,17.26896715100481,17.26896715100481,17.26896715100481,17.26896715100481,17.26896715100481,17.26896715100481,17.26896715100481,17.26896715100481,17.26896715100481,17.26896715100481,17.26896715100481,17.26896715100481,17.26896715100481,17.26896715100481,17.26896715100481,17.26896715100481,17.26896715100481,17.26896715100481,17.22761871817791,18.803233665152913,18.803233665152913,18.803233665152913,18.803233665152913,18.803233665152913,18.803233665152913,18.803233665152913,18.803233665152913,18.803233665152913,18.803233665152913,18.803233665152913,18.803233665152913,18.803233665152913,18.803233665152913,18.803233665152913,18.803233665152913,18.803233665152913,18.803233665152913,18.803233665152913,20.161640465715475
-0.28787878787878785,20.161640465715475,20.161640465715475,20.161640465715475,20.161640465715475,20.161640465715475,20.161640465715475,20.161640465715475,20.161640465715475,20.161640465715475,20.161640465715475,20.161640465715475,20.161640465715475,20.161640465715475,20.161640465715475,20.161640465715475,20.161640465715475,20.161640465715475,20.161640465715475,20.161640465715475,20.161640465715475,20.161640465715475,20.161640465715475,20.161640465715475,20.161640465715475,20.161640465715475,20.161640465715475,20.161640465715475,20.161640465715475,20.161640465715475,20.161640465715475,19.456509654750274,19.36140547125034,19.25434927003281,19.131946180360625,18.98935976887601,18.81945191234288,18.61122656457552,18.346821402882885,17.995188998842128,17.49732239824874,16.72638128033266,19.550065482656247,19.550065482656247,19.550065482656247,19.550065482656247,19.550065482656247,19.550065482656247,19.550065482656247,19.550065482656247,19.550065482656247,19.304236531067925,19.26645518348729,19.227437794620155,19.187132171005686,19.14548132223377,19.10242290504843,19.057888581690452,19.01180327644783,18.96408431081988,17.950600429302156,17.899330469534725,17.26896715100481,17.26896715100481,17.26896715100481,17.26896715100481,17.26896715100481,17.26896715100481,17.26896715100481,17.26896715100481,17.26896715100481,17.26896715100481,17.26896715100481,17.26896715100481,17.26896715100481,17.26896715100481,17.26896715100481,17.26896715100481,17.26896715100481,17.26896715100481,17.22761871817791,18.803233665152913,18.803233665152913,18.803233665152913,18.803233665152913,18.803233665152913,18.803233665152913,18.803233665152913,18.803233665152913,18.803233665152913,18.803233665152913,18.803233665152913,18.803233665152913,18.803233665152913,18.803233665152913,18.803233665152913,18.803233665152913,18.803233665152913,18.803233665152913,18.711645962613144,20.161640465715475
-0.2777777777777778,20.161640465715475,20.161640465715475,20.161640465715475,20.161640465715475,20.161640465715475,20.161640465715475,20.161640465715475,20.161640465715475,20.161640465715475,20.161640465715475,20.161640465715475,20.161640465715475,20.161640465715475,20.161640465715475,20.161640465715475,20.161640465715475,20.161640465715475,20.161640465715475,20.161640465715475,20.161640465715475,20.161640465715475,20.161640465715475,20.161640465715475,20.161640465715475,20.161640465715475,20.161640465715475,20.161640465715475,20.161640465715475,20.161640465715475,20.161640465715475,19.460248008509506,19.35674017191662,19.23792753860787,19.098745891406654,18.931587499978725,18.724473437335398,18.457396934567583,18.094297426944717,17.56316926974202,16.697903776829385,15.024537725976636,10.843995302108096,19.550065482656247,19.550065482656247,19.550065482656247,19.550065482656247,19.550065482656247,19.550065482656247,19.550065482656247,19.550065482656247,19.3242753333323,19.285944986848445,19.24634674089211,19.20542430402297,19.163116058457035,19.119354414341394,19.074065060415702,19.02716609086468,18.01452701957023,17.964127434441277,17.911815794676134,17.857467601094413,17.26896715100481,17.26896715100481,17.26896715100481,17.26896715100481,17.26896715100481,17.26896715100481,17.26896715100481,17.26896715100481,17.26896715100481,17.26896715100481,17.26896715100481,17.26896715100481,17.26896715100481,17.26896715100481,17.26896715100481,17.26896715100481,17.22761871817791,17.22761871817791,18.803233665152913,18.803233665152913,18.803233665152913,18.803233665152913,18.803233665152913,18.803233665152913,18.803233665152913,18.803233665152913,18.803233665152913,18.803233665152913,18.803233665152913,18.803233665152913,18.803233665152913,18.803233665152913,18.803233665152913,18.803233665152913,18.803233665152913,18.711645962613144,18.711645962613144,20.161640465715475
-0.2676767676767676,20.161640465715475,20.161640465715475,20.161640465715475,20.161640465715475,20.161640465715475,20.161640465715475,20.161640465715475,20.161640465715475,20.161640465715475,20.161640465715475,20.161640465715475,20.161640465715475,20.161640465715475,20.161640465715475,20.161640465715475,20.161640465715475,20.161640465715475,20.161640465715475,20.161640465715475,20.161640465715475,20.161640465715475,20.161640465715475,20.161640465715475,20.161640465715475,20.161640465715475,20.161640465715475,20.161640465715475,20.161640465715475,20.161640465715475,20.161640465715475,19.46610393209919,19.351876415714475,19.217310340376013,19.054359525454128,18.850043476283084,18.581996094974382,18.208197834009397,17.639766956641097,16.65363014004006,14.531514790856004,9.941166914901657,28.733543072525407,24.672854003660955,19.550065482656247,19.550065482656247,19.550065482656247,19.550065482656247,19.550065482656247,19.550065482656247,19.550065482656247,19.34553580921946,19.306671061871082,19.266504990640975,19.22497685343444,19.182019975360085,19.137560995685966,19.091518988879383,18.07976447018485,18.030278037401835,17.978909150341885,17.92553427623155,17.87001487892325,17.812194954497496,17.26896715100481,17.26896715100481,17.26896715100481,17.26896715100481,17.26896715100481,17.26896715100481,17.26896715100481,17.26896715100481,17.26896715100481,17.26896715100481,17.26896715100481,17.26896715100481,17.26896715100481,17.22761871817791,17.22761871817791,17.22761871817791,17.22761871817791,18.803233665152913,18.803233665152913,18.803233665152913,18.803233665152913,18.803233665152913,18.803233665152913,18.803233665152913,18.803233665152913,18.803233665152913,18.803233665152913,18.803233665152913,18.803233665152913,18.803233665152913,18.803233665152913,18.803233665152913,18.803233665152913,18.711645962613144,18.711645962613144,18.711645962613144,20.161640465715475
-0.25757575757575757,20.161640465715475,20.161640465715475,20.161640465715475,20.161640465715475,20.161640465715475,20.161640465715475,20.161640465715475,20.161640465715475,20.161640465715475,20.161640465715475,20.161640465715475,20.161640465715475,20.161640465715475,20.161640465715475,20.161640465715475,20.161640465715475,20.161640465715475,20.161640465715475,20.161640465715475,20.161640465715475,20.161640465715475,20.161640465715475,20.161640465715475,20.161640465715475,20.161640465715475,20.161640465715475,20.161640465715475,20.161640465715475,20.161640465715475,20.161640465715475,19.47487609698306,19.346470636947107,19.189660454006024,18.990510019498235,18.724145218758107,18.341545677027305,17.731720668491874,16.58641994713531,13.798840257348484,20.29942607099801,25.621882518450064,23.191228857148435,22.13673362590488,21.55865006772663,19.550065482656247,19.550065482656247,19.550065482656247,19.550065482656247,19.550065482656247,19.550065482656247,19.368128410611597,19.32874813468214,19.28803166088378,19.245913413738823,19.202321189179155,19.157175272753154,18.146347439969464,18.09781958949474,18.047442509389324,17.995094002863812,17.940636848951495,17.883916297248582,17.82475702393503,17.762959407330037,17.26896715100481,17.26896715100481,17.26896715100481,17.26896715100481,17.26896715100481,17.26896715100481,17.26896715100481,17.26896715100481,17.26896715100481,17.26896715100481,17.26896715100481,17.26896715100481,17.22761871817791,17.22761871817791,17.22761871817791,17.22761871817791,18.803233665152913,18.803233665152913,18.803233665152913,18.803233665152913,18.803233665152913,18.803233665152913,18.803233665152913,18.803233665152913,18.803233665152913,18.803233665152913,18.803233665152913,18.803233665152913,18.803233665152913,18.803233665152913,18.803233665152913,18.711645962613144,18.711645962613144,18.711645962613144,18.711645962613144,20.161640465715475
-0.24747474747474746,20.161640465715475,20.161640465715475,20.161640465715475,20.161640465715475,20.161640465715475,20.161640465715475,20.161640465715475,20.161640465715475,20.161640465715475,20.161640465715475,20.161640465715475,20.161640465715475,20.161640465715475,20.161640465715475,20.161640465715475,20.161640465715475,20.161640465715475,20.161640465715475,20.161640465715475,20.161640465715475,20.161640465715475,20.161640465715475,20.161640465715475,20.161640465715475,20.161640465715475,20.161640465715475,20.161640465715475,20.161640465715475,20.161640465715475,20.161640465715475,19.487972717040194,19.339886636491798,19.149251528284058,18.888707750165583,18.50124086564827,17.8468086596761,16.486816358956204,13.113908560791824,26.285756978552016,23.534694799931398,22.193392724829813,21.5392373793792,21.14888476698276,20.88396466559432,20.68781487627022,19.550065482656247,19.550065482656247,19.550065482656247,19.550065482656247,19.550065482656247,19.392179583499413,19.352308045413352,19.31106418435041,19.268377181221297,19.224168789188187,18.214312332889225,18.166791337851627,18.11745828909875,18.06619274378438,18.01285927093192,17.95730491416137,17.89935609997969,17.838814843267976,17.775454054195222,17.709011685610893,17.26896715100481,17.26896715100481,17.26896715100481,17.26896715100481,17.26896715100481,17.26896715100481,17.26896715100481,17.26896715100481,17.26896715100481,17.22761871817791,17.22761871817791,17.22761871817791,17.22761871817791,17.22761871817791,17.22761871817791,18.803233665152913,18.803233665152913,18.803233665152913,18.803233665152913,18.803233665152913,18.803233665152913,18.803233665152913,18.803233665152913,18.803233665152913,18.803233665152913,18.803233665152913,18.803233665152913,18.803233665152913,18.803233665152913,18.711645962613144,18.711645962613144,18.711645962613144,18.711645962613144,18.711645962613144,20.161640465715475
-0.23737373737373735,20.161640465715475,20.161640465715475,20.161640465715475,20.161640465715475,20.161640465715475,20.161640465715475,20.161640465715475,20.161640465715475,20.161640465715475,20.161640465715475,20.161640465715475,20.161640465715475,20.161640465715475,20.161640465715475,20.161640465715475,20.161640465715475,20.161640465715475,20.161640465715475,20.161640465715475,20.161640465715475,20.161640465715475,20.161640465715475,20.161640465715475,20.161640465715475,20.161640465715475,20.161640465715475,20.161640465715475,20.161640465715475,20.161640465715475,20.161640465715475,19.508116941115926,19.330790495030495,19.0825759001997,18.697933270091603,17.99914675668554,16.35362137245877,17.22783686081582,23.95866014139823,22.232670285539463,21.485731446789682,21.07877305871164,20.81700931261304,20.62935808708409,20.484279118320465,20.365730597100008,20.264711294934916,19.550065482656247,19.550065482656247,19.550065482656247,19.550065482656247,19.417834831489703,19.37750312277414,19.335762030516157,19.292535060588868,18.28369740899551,18.237234593253966,18.189001210151886,18.138879043248714,18.086734991110767,18.032418509154756,17.97575848333219,17.91655938098573,17.854596473901,17.789609859053435,17.72129690528826,17.649302616304443,17.26896715100481,17.26896715100481,17.26896715100481,17.26896715100481,17.26896715100481,17.26896715100481,17.26896715100481,17.22761871817791,17.22761871817791,17.22761871817791,17.22761871817791,17.22761871817791,17.22761871817791,17.22761871817791,18.803233665152913,18.803233665152913,18.803233665152913,18.803233665152913,18.803233665152913,18.803233665152913,18.803233665152913,18.803233665152913,18.803233665152913,18.803233665152913,18.803233665152913,18.803233665152913,18.803233665152913,18.711645962613144,18.711645962613144,18.711645962613144,18.711645962613144,18.711645962613144,18.711645962613144,20.161640465715475
-0.22727272727272724,20.161640465715475,20.161640465715475,20.161640465715475,20.161640465715475,20.161640465715475,20.161640465715475,20.161640465715475,20.161640465715475,20.161640465715475,20.161640465715475,20.161640465715475,20.161640465715475,20.161640465715475,20.161640465715475,20.161640465715475,20.161640465715475,20.161640465715475,20.161640465715475,20.161640465715475,20.161640465715475,20.161640465715475,20.161640465715475,20.161640465715475,20.161640465715475,20.161640465715475,20.161640465715475,20.161640465715475,20.161640465715475,20.161640465715475,20.161640465715475,19.54131754141407,19.315833486988065,18.9488833528516,18.216750737135136,16.307177001320277,23.34563815982119,22.215899176741537,21.373885117506543,20.963172233456365,20.71564098250151,20.544422998185468,20.41449979111867,20.309224276635884,20.21970400169247,20.14076312903099,20.06918419601889,20.00285992655189,19.550065482656247,19.550065482656247,19.550065482656247,19.445262525673687,19.40451040560958,19.362311389581222,18.35454290438588,18.309192868439688,18.26211845684651,18.21320421348775,18.162319979350105,18.109318327345154,18.054031417970908,17.99626711538142,17.93580415029185,17.872386042321104,17.80571339050719,17.73543399259314,17.661130039266293,17.582301314173318,17.26896715100481,17.26896715100481,17.26896715100481,17.26896715100481,17.26896715100481,17.22761871817791,17.22761871817791,17.22761871817791,17.22761871817791,17.22761871817791,17.22761871817791,17.22761871817791,17.22761871817791,18.803233665152913,18.803233665152913,18.803233665152913,18.803233665152913,18.803233665152913,18.803233665152913,18.803233665152913,18.803233665152913,18.803233665152913,18.803233665152913,18.803233665152913,18.803233665152913,18.711645962613144,18.711645962613144,18.711645962613144,18.711645962613144,18.711645962613144,18.711645962613144,18.711645962613144,20.161640465715475
-0.21717171717171713,20.161640465715475,20.161640465715475,20.161640465715475,20.161640465715475,20.161640465715475,20.161640465715475,20.161640465715475,20.161640465715475,20.161640465715475,20.161640465715475,20.161640465715475,20.161640465715475,20.161640465715475,20.161640465715475,20.161640465715475,20.161640465715475,20.161640465715475,20.161640465715475,20.161640465715475,20.161640465715475,20.161640465715475,20.161640465715475,20.161640465715475,20.161640465715475,20.161640465715475,20.161640465715475,20.161640465715475,20.161640465715475,20.161640465715475,20.161640465715475,19.603802447816726,19.283760507402874,18.56132533724574,17.60104387715425,21.95602953769459,21.150540303258406,20.775753124569533,20.565138113916813,20.424043531156972,20.31801502553156,20.231879810260498,20.157967884812,20.09199397075244,20.031376077209156,19.97446364358938,19.920149707076312,19.867661558430147,19.816440976761825,19.550065482656247,19.550065482656247,19.474658683432704,19.43353697187469,18.42689116104868,18.382712028187964,18.336859851427437,18.289222538243784,18.23967356804712,18.188069437102822,18.134246516923337,18.078017160754495,18.019164836983176,17.957437990350343,17.892542221546975,17.824130217444623,17.751788633460713,17.675020787604186,17.593223509694404,17.505655694751418,17.26896715100481,17.26896715100481,17.26896715100481,17.22761871817791,17.22761871817791,17.22761871817791,17.22761871817791,17.22761871817791,17.22761871817791,17.22761871817791,17.22761871817791,17.22761871817791,18.803233665152913,18.803233665152913,18.803233665152913,18.803233665152913,18.803233665152913,18.803233665152913,18.803233665152913,18.803233665152913,18.803233665152913,18.803233665152913,18.803233665152913,18.711645962613144,18.711645962613144,18.711645962613144,18.711645962613144,18.711645962613144,18.711645962613144,18.711645962613144,18.711645962613144,20.161640465715475
-0.20707070707070707,20.161640465715475,20.161640465715475,20.161640465715475,20.161640465715475,20.161640465715475,20.161640465715475,20.161640465715475,20.161640465715475,20.161640465715475,20.161640465715475,20.161640465715475,20.161640465715475,20.161640465715475,20.161640465715475,20.161640465715475,20.161640465715475,20.161640465715475,20.161640465715475,20.161640465715475,20.161640465715475,20.161640465715475,20.161640465715475,20.161640465715475,20.161640465715475,20.161640465715475,20.161640465715475,20.161640465715475,20.161640465715475,20.161640465715475,20.161640465715475,19.7572021836402,19.176388370787773,20.35223841048726,20.679293942111794,20.465674856653568,20.341004525023514,20.25463198519989,20.186540284131553,20.12828935707234,20.075786458732967,20.02681750705068,19.98007993213313,19.934754953655307,19.890299269630916,19.846335488420998,19.802590782335336,19.758860718028334,19.714986981906957,19.67084314095559,19.550065482656247,19.506253018255986,18.500786767559564,18.457840452374175,18.41327804401361,18.366991495178578,18.318858714042634,18.268741040310022,18.216480132118324,18.16189409466025,18.104772623251556,18.044870851887804,17.981901482025687,17.915524598280484,17.845334331050644,17.7708411576427,17.691448072649617,17.606417986701924,17.51482832643994,17.415506546623057,17.26896715100481,17.22761871817791,17.22761871817791,17.22761871817791,17.22761871817791,17.22761871817791,17.22761871817791,17.22761871817791,17.22761871817791,17.22761871817791,17.22761871817791,18.803233665152913,18.803233665152913,18.803233665152913,18.803233665152913,18.803233665152913,18.803233665152913,18.803233665152913,18.803233665152913,18.803233665152913,18.803233665152913,18.711645962613144,18.711645962613144,18.711645962613144,18.711645962613144,18.711645962613144,18.711645962613144,18.711645962613144,18.711645962613144,18.711645962613144,20.161640465715475
-0.19696969696969696,20.161640465715475,20.161640465715475,20.161640465715475,20.161640465715475,20.161640465715475,20.161640465715475,20.161640465715475,20.161640465715475,20.161640465715475,20.161640465715475,20.161640465715475,20.161640465715475,20.161640465715475,20.161640465715475,20.161640465715475,20.161640465715475,20.161640465715475,20.161640465715475,20.161640465715475,20.161640465715475,20.161640465715475,20.161640465715475,20.161640465715475,20.161640465715475,20.161640465715475,20.161640465715475,20.161640465715475,20.161640465715475,20.161640465715475,20.161640465715475,20.14535266912603,19.370758816140384,20.033441044652943,20.115622631491757,20.10861395008292,20.085264592822515,20.056505659793086,20.025209389279706,19.992390547472883,19.958476571221265,19.923667698738726,19.888062923780325,19.851711060231253,19.814633848594323,19.77683733459466,19.738317857397597,19.699065370321076,19.659065358049165,19.618299975875793,19.576748737604316,18.571951739179216,18.530834972420966,18.488200277002296,18.443949952595283,18.397973829331757,18.35014706225613,18.300327417460167,18.248351905727887,18.194032570542657,18.13715116875165,18.07745238493933,18.01463508064068,17.94834087504952,17.878139049969867,17.803506311644043,17.723799231195446,17.638216062178973,17.545742814290982,17.445075432230492,17.293156289854547,17.22761871817791,17.22761871817791,17.22761871817791,17.22761871817791,17.22761871817791,17.22761871817791,17.22761871817791,17.22761871817791,17.22761871817791,17.22761871817791,18.803233665152913,18.803233665152913,18.803233665152913,18.803233665152913,18.803233665152913,18.803233665152913,18.803233665152913,18.803233665152913,18.803233665152913,18.711645962613144,18.711645962613144,18.711645962613144,18.711645962613144,18.711645962613144,18.711645962613144,18.711645962613144,18.711645962613144,18.711645962613144,18.711645962613144,20.161640465715475
-0.18686868686868685,20.161640465715475,20.161640465715475,20.161640465715475,20.161640465715475,20.161640465715475,20.161640465715475,20.161640465715475,20.161640465715475,20.161640465715475,20.161640465715475,20.161640465715475,20.161640465715475,20.161640465715475,20.161640465715475,20.161640465715475,20.161640465715475,20.161640465715475,20.161640465715475,20.161640465715475,20.161640465715475,20.161640465715475,20.161640465715475,20.161640465715475,20.161640465715475,20.161640465715475,20.161640465715475,20.161640465715475,20.161640465715475,20.161640465715475,20.161640465715475,19.311863007084423,20.08956479092624,19.332008187706588,20.02033734831646,20.091362555602693,20.082947392851498,20.059370333266596,20.030660540916003,19.99950365308623,19.9668585226925,19.93313154312422,19.898513739503393,19.8630996315227,19.826935701584496,19.790042419483413,19.752425122890262,19.714079757231257,19.674996064342665,19.635159425627442,18.63051199396763,18.513076127417506,18.55212966794096,18.511106637435574,18.468557539462804,18.424384134313858,18.378475602141375,18.330706313277044,18.28093308349342,18.228991767802462,18.174692996533786,18.117816787608458,18.058105669806515,17.995255809095575,17.928905421326025,17.85861944402849,17.78386896936197,17.70400321220371,17.618210635564093,17.48411555436375,17.383092452059937,17.22761871817791,17.22761871817791,17.22761871817791,17.22761871817791,17.22761871817791,17.22761871817791,17.22761871817791,17.22761871817791,17.22761871817791,17.22761871817791,18.803233665152913,18.803233665152913,18.803233665152913,18.803233665152913,18.803233665152913,18.803233665152913,18.803233665152913,18.803233665152913,18.711645962613144,18.711645962613144,18.711645962613144,18.711645962613144,18.711645962613144,18.711645962613144,18.711645962613144,18.711645962613144,18.711645962613144,18.711645962613144,18.711645962613144,20.161640465715475
-0.17676767676767674,20.161640465715475,20.161640465715475,20.161640465715475,20.161640465715475,20.161640465715475,20.161640465715475,20.161640465715475,20.161640465715475,20.161640465715475,20.161640465715475,20.161640465715475,20.161640465715475,20.161640465715475,20.161640465715475,20.161640465715475,20.161640465715475,20.161640465715475,20.161640465715475,20.161640465715475,20.161640465715475,20.161640465715475,20.161640465715475,20.161640465715475,20.161640465715475,20.161640465715475,20.161640465715475,20.161640465715475,20.161640465715475,20.161640465715475,20.161640465715475,19.720264940256598,19.322034940385464,20.031286394693794,19.3202723655407,20.006294181064114,20.067551144192286,20.057850152611802,20.034061719085674,20.00539896915758,19.97437455871698,19.94189475718536,19.90834597326184,19.87391041642781,19.838678296920612,19.80269383634992,19.7659762626883,19.72853021448693,19.690351242411626,18.68738890681826,18.647708405042188,18.475430350975905,18.420563336782404,18.532666957797435,18.49173155492465,18.44926206157303,18.405159688474278,18.35931295466769,18.311595433357247,18.261862975873225,18.209950265056246,18.155666498641008,18.098789932093663,18.039060909324515,17.976172864094238,17.909760561783706,17.839384533801887,17.764510175376056,17.643130798960378,17.55712178410716,17.46409395661878,17.22761871817791,17.22761871817791,17.22761871817791,17.22761871817791,17.22761871817791,17.22761871817791,17.22761871817791,17.22761871817791,17.22761871817791,17.22761871817791,18.803233665152913,18.803233665152913,18.803233665152913,18.803233665152913,18.803233665152913,18.803233665152913,18.803233665152913,18.711645962613144,18.711645962613144,18.711645962613144,18.711645962613144,18.711645962613144,18.711645962613144,18.711645962613144,18.711645962613144,18.711645962613144,18.711645962613144,18.711645962613144,18.711645962613144,20.161640465715475
-0.16666666666666663,20.161640465715475,20.161640465715475,20.161640465715475,20.161640465715475,20.161640465715475,20.161640465715475,20.161640465715475,20.161640465715475,20.161640465715475,20.161640465715475,20.161640465715475,20.161640465715475,20.161640465715475,20.161640465715475,20.161640465715475,20.161640465715475,20.161640465715475,20.161640465715475,20.161640465715475,20.161640465715475,20.161640465715475,20.161640465715475,20.161640465715475,20.161640465715475,20.161640465715475,20.161640465715475,20.161640465715475,20.161640465715475,20.161640465715475,20.161640465715475,19.78508599838313,19.690577442201644,19.328531982712462,19.970224214292205,19.332486102302333,19.99150059940733,20.044178656621114,20.03330038811688,20.009315613410028,19.980697936447548,19.94979951759372,19.917477148447247,19.884098252400236,19.849836602143537,19.81477825693321,19.77896524654678,19.742415585996607,18.74109326039632,18.70307335339215,18.66430520270593,18.437252308258216,18.3807846930055,18.319110255716463,18.513551452324172,18.472697852799964,18.430302246141498,18.386265283658222,18.34047481242507,18.292803596349877,18.24310650840213,18.19121704300622,18.136942945953272,18.08006068673905,18.02030839524751,17.95737673615928,17.89089697682668,17.779076747142437,17.70407252706481,17.623870044317588,17.537637702336497,17.22761871817791,17.22761871817791,17.22761871817791,17.22761871817791,17.22761871817791,17.22761871817791,17.22761871817791,17.22761871817791,17.22761871817791,17.22761871817791,18.803233665152913,18.803233665152913,18.803233665152913,18.803233665152913,18.803233665152913,18.803233665152913,18.711645962613144,18.711645962613144,18.711645962613144,18.711645962613144,18.711645962613144,18.711645962613144,18.711645962613144,18.711645962613144,18.711645962613144,18.711645962613144,18.711645962613144,18.711645962613144,18.711645962613144,20.161640465715475
-0.15656565656565652,20.161640465715475,20.161640465715475,20.161640465715475,20.161640465715475,20.161640465715475,20.161640465715475,20.161640465715475,20.161640465715475,20.161640465715475,20.161640465715475,20.161640465715475,20.161640465715475,20.161640465715475,20.161640465715475,20.161640465715475,20.161640465715475,20.161640465715475,20.161640465715475,20.161640465715475,20.161640465715475,20.161640465715475,20.161640465715475,20.161640465715475,20.161640465715475,20.161640465715475,20.161640465715475,20.161640465715475,20.161640465715475,20.161640465715475,20.161640465715475,19.802073897764167,19.74985913621731,19.659671356680356,19.330999170495836,19.906023381353258,19.362375425628663,19.97611438585488,20.021235172261683,20.009277473717585,19.985110208312197,19.95653575045222,19.925757223692585,19.8935848403346,19.86036798215863,19.82627234623391,19.791379993366597,18.79169086478786,18.755301719120897,18.718175862101937,18.680308055417452,18.39845693875819,18.340074258955465,18.27589469571212,18.20524235857654,18.494771598865483,18.453994243999713,18.41166706299856,18.36769013816649,18.32195063401188,18.274320493191894,18.224653596569865,18.172782234033185,18.118512680143628,18.061619594894996,18.00183886486736,17.897509915696627,17.830957334334897,17.760384218659905,17.685244316873007,17.60486408781565,17.22761871817791,17.22761871817791,17.22761871817791,17.22761871817791,17.22761871817791,17.22761871817791,17.22761871817791,17.22761871817791,17.22761871817791,17.22761871817791,18.803233665152913,18.803233665152913,18.803233665152913,18.803233665152913,18.803233665152913,18.711645962613144,18.711645962613144,18.711645962613144,18.711645962613144,18.711645962613144,18.711645962613144,18.711645962613144,18.711645962613144,18.711645962613144,18.711645962613144,18.711645962613144,18.711645962613144,18.711645962613144,18.711645962613144,20.161640465715475
-0.1464646464646464,20.161640465715475,20.161640465715475,20.161640465715475,20.161640465715475,20.161640465715475,20.161640465715475,20.161640465715475,20.161640465715475,20.161640465715475,20.161640465715475,20.161640465715475,20.161640465715475,20.161640465715475,20.161640465715475,20.161640465715475,20.161640465715475,20.161640465715475,20.161640465715475,20.161640465715475,20.161640465715475,20.161640465715475,20.161640465715475,20.161640465715475,20.161640465715475,20.161640465715475,20.161640465715475,20.161640465715475,20.161640465715475,20.161640465715475,20.161640465715475,19.804789650734264,19.765550896437684,19.71391389712466,19.627598115227403,19.32934747732299,19.838259122322697,19.40260931852283,19.960267117695196,19.998710684568238,19.985761911576937,19.96142492593803,19.93289193732764,19.90222755945082,19.87019813222692,19.83713588727817,18.839158826500004,18.804425086861354,18.76893255038926,18.73269689218878,18.695720713123585,18.358949721763164,18.29826368415761,18.231055299819932,18.156477704199492,18.073476351754657,18.47631640854457,18.43560998804809,18.393346012032744,18.349423984463208,18.303730376897544,18.256136298972393,18.206494625844662,18.15463642684078,18.100366486043484,18.002109197543415,17.94229504084469,17.879260597934348,17.812629995533044,17.74195016821028,17.666668911649552,17.22761871817791,17.22761871817791,17.22761871817791,17.22761871817791,17.22761871817791,17.22761871817791,17.22761871817791,17.22761871817791,17.22761871817791,17.22761871817791,18.803233665152913,18.803233665152913,18.803233665152913,18.803233665152913,18.711645962613144,18.711645962613144,18.711645962613144,18.711645962613144,18.711645962613144,18.711645962613144,18.711645962613144,18.711645962613144,18.711645962613144,18.711645962613144,18.711645962613144,18.711645962613144,18.711645962613144,18.711645962613144,18.711645962613144,20.161640465715475
-0.13636363636363635,20.161640465715475,20.161640465715475,20.161640465715475,20.161640465715475,20.161640465715475,20.161640465715475,20.161640465715475,20.161640465715475,20.161640465715475,20.161640465715475,20.161640465715475,20.161640465715475,20.161640465715475,20.161640465715475,20.161640465715475,20.161640465715475,20.161640465715475,20.161640465715475,20.161640465715475,20.161640465715475,20.161640465715475,20.161640465715475,20.161640465715475,20.161640465715475,20.161640465715475,20.161640465715475,20.161640465715475,20.161640465715475,20.161640465715475,20.161640465715475,19.80167501533766,19.768184968967287,19.728531018040023,19.677292564138618,19.594407086017206,19.32364624507885,19.766429052801783,19.44665913142712,19.94406849848217,19.976595176654925,19.962735251669567,19.93824032862611,19.909747153244705,19.879191510100785,18.883258432360353,18.850343771743937,18.816558127280466,18.781975997662222,18.74663323327398,18.7105443817932,18.31862343431686,18.255146754952836,18.1842410048274,18.104823889561118,18.015522450711355,17.91456912823333,18.458175419593402,18.417534855780826,18.375329089247405,18.331457036502748,18.285804465961952,18.238241642629863,18.188620422476482,18.095422205488646,18.041147131685975,17.98421773844137,17.92436533727617,17.86127206160422,17.794558394516937,17.72376660949887,17.22761871817791,17.22761871817791,17.22761871817791,17.22761871817791,17.22761871817791,17.22761871817791,17.22761871817791,17.22761871817791,17.22761871817791,17.22761871817791,18.803233665152913,18.803233665152913,18.803233665152913,18.711645962613144,18.711645962613144,18.711645962613144,18.711645962613144,18.711645962613144,18.711645962613144,18.711645962613144,18.711645962613144,18.711645962613144,18.711645962613144,18.711645962613144,18.711645962613144,18.711645962613144,18.711645962613144,18.711645962613144,18.711645962613144,20.161640465715475
-0.12626262626262624,20.161640465715475,20.161640465715475,20.161640465715475,20.161640465715475,20.161640465715475,20.161640465715475,20.161640465715475,20.161640465715475,20.161640465715475,20.161640465715475,20.161640465715475,20.161640465715475,20.161640465715475,20.161640465715475,20.161640465715475,20.161640465715475,20.161640465715475,20.161640465715475,20.161640465715475,20.161640465715475,20.161640465715475,20.161640465715475,20.161640465715475,20.161640465715475,20.161640465715475,20.161640465715475,20.161640465715475,20.161640465715475,20.161640465715475,20.161640465715475,19.795867121986777,19.76556945979305,19.731276176210827,19.691078599591734,19.640044972015666,19.560149045721495,19.314053833840354,19.689948274271764,19.48973777767879,19.927610008278034,19.95487868170789,19.940180018752326,19.915538037058425,18.923043139844157,18.89259112163149,18.860828037983534,18.82805430144862,18.79441338531649,18.7599762136923,18.724776703272532,18.27735355415018,18.21046354671707,18.13498900036314,18.049514717687693,17.952205700228834,17.84063979388683,17.71155441278303,18.440338663673018,18.399759096924864,18.357606755542726,18.313779959659858,18.26816376452245,18.179279146200432,18.129673793747315,18.077827854735418,18.02354307456549,17.966588542988596,17.90669323940114,17.843536377720426,17.77673474780068,17.22761871817791,17.22761871817791,17.22761871817791,17.22761871817791,17.22761871817791,17.22761871817791,17.22761871817791,17.22761871817791,17.22761871817791,17.22761871817791,18.803233665152913,18.803233665152913,18.711645962613144,18.711645962613144,18.711645962613144,18.711645962613144,18.711645962613144,18.711645962613144,18.711645962613144,18.711645962613144,18.711645962613144,18.711645962613144,18.711645962613144,18.711645962613144,18.711645962613144,18.711645962613144,18.711645962613144,18.711645962613144,18.711645962613144,20.161640465715475
-0.11616161616161613,20.161640465715475,20.161640465715475,20.161640465715475,20.161640465715475,20.161640465715475,20.161640465715475,20.161640465715475,20.161640465715475,20.161640465715475,20.161640465715475,20.161640465715475,20.161640465715475,20.161640465715475,20.161640465715475,20.161640465715475,20.161640465715475,20.161640465715475,20.161640465715475,20.161640465715475,20.161640465715475,20.161640465715475,20.161640465715475,20.161640465715475,20.161640465715475,20.161640465715475,20.161640465715475,20.161640465715475,20.161640465715475,20.161640465715475,20.161640465715475,19.78884577988367,19.76064991435062,19.729369754235318,19.694161787643722,19.65327559894555,19.602234581004563,19.5248810404696,19.30077495934832,19.60815138726311,19.528898083023716,19.910967953535742,19.93355133095443,18.95403968167429,18.929260691685425,18.900842506301387,18.870489285094372,18.83885028285615,18.80621115395042,18.77270858079607,18.738410043593156,18.234991476646453,18.16387581631017,18.082668758216514,17.98946921135174,17.88174638308739,17.75605634300904,17.607592326603143,17.429441673022495,18.422796634892624,18.382273410256175,18.34016990796141,18.255035410188103,18.209451114786248,18.161937130355437,18.11234323441814,18.06049673908697,18.00619784151895,17.94921372717521,17.88927101331299,17.826045955887682,17.22761871817791,17.22761871817791,17.22761871817791,17.22761871817791,17.22761871817791,17.22761871817791,17.22761871817791,17.22761871817791,17.22761871817791,17.22761871817791,18.803233665152913,18.711645962613144,18.711645962613144,18.711645962613144,18.711645962613144,18.711645962613144,18.711645962613144,18.711645962613144,18.711645962613144,18.711645962613144,18.711645962613144,18.711645962613144,18.711645962613144,18.711645962613144,18.711645962613144,18.711645962613144,18.711645962613144,18.711645962613144,18.711645962613144,20.161640465715475
-0.10606060606060602,20.161640465715475,20.161640465715475,20.161640465715475,20.161640465715475,20.161640465715475,20.161640465715475,20.161640465715475,20.161640465715475,20.161640465715475,20.161640465715475,20.161640465715475,20.161640465715475,20.161640465715475,20.161640465715475,20.161640465715475,20.161640465715475,20.161640465715475,20.161640465715475,20.161640465715475,20.161640465715475,20.161640465715475,20.161640465715475,20.161640465715475,20.161640465715475,20.161640465715475,20.161640465715475,20.161640465715475,20.161640465715475,20.161640465715475,20.161640465715475,19.78144941933705,19.754846741547663,19.725584958282155,19.69322104075243,19.65697151373985,19.61523188730381,19.563947533074707,19.488673604386378,19.284036632526526,19.52030868839134,19.562677262861104,18.930166038494008,18.94856342750602,18.932378447889025,18.907471740179677,18.879088878546202,18.848829887829957,18.817309329749552,18.784798813012742,18.751428514238878,18.191354071198386,18.114927228077928,18.0263883663785,17.92309939540589,17.801432824751302,17.656260760196602,17.480094658482034,17.261560261284068,16.982521068950394,18.405540261268932,18.323720483263557,18.281661420338505,18.237911740947382,18.192355044480284,18.14485899362582,18.09527230678009,18.043421011908233,17.989103738595865,17.93208574404379,17.87209125311726,17.22761871817791,17.22761871817791,17.22761871817791,17.22761871817791,17.22761871817791,17.22761871817791,17.22761871817791,17.22761871817791,17.22761871817791,17.22761871817791,18.711645962613144,18.711645962613144,18.711645962613144,18.711645962613144,18.711645962613144,18.711645962613144,18.711645962613144,18.711645962613144,18.711645962613144,18.711645962613144,18.711645962613144,18.711645962613144,18.711645962613144,18.711645962613144,18.711645962613144,18.711645962613144,18.711645962613144,18.711645962613144,18.711645962613144,20.161640465715475
-0.09595959595959591,18.37407948830515,18.37407948830515,18.37407948830515,18.37407948830515,18.37407948830515,18.37407948830515,18.37407948830515,18.37407948830515,18.37407948830515,18.37407948830515,18.37407948830515,18.37407948830515,18.37407948830515,18.37407948830515,18.37407948830515,18.37407948830515,18.37407948830515,18.37407948830515,18.37407948830515,18.37407948830515,18.37407948830515,18.37407948830515,18.37407948830515,18.37407948830515,18.37407948830515,18.37407948830515,18.37407948830515,18.37407948830515,18.37407948830515,18.37407948830515,18.343955497911622,18.31871136877394,18.291015478214,18.260597339550497,18.22703600169643,18.189600454233858,18.14681861901976,18.095024339619766,18.02133966025321,17.833795362005255,17.995386313550384,17.196303780296653,17.483054934505823,17.49770294331541,17.480859035786644,17.4558332034404,17.427484305230877,17.397315221236344,17.365907760544776,17.33352016054556,17.54013818691395,17.45690737327934,17.358760912266927,17.241888379056707,17.10083170762836,16.92748778222685,16.709295619507806,16.42570775106261,16.040710001079365,15.485116058861067,17.741143802126164,17.70072005461895,17.65870120666719,17.614983737357658,17.569450503625433,17.52196827823116,17.472384707236213,17.420524518591826,17.36618475491838,17.30912872103903,17.60004651997183,17.60004651997183,17.60004651997183,17.60004651997183,17.60004651997183,17.60004651997183,17.60004651997183,17.60004651997183,17.60004651997183,17.50845881743206,19.33286381852698,19.33286381852698,19.33286381852698,19.33286381852698,19.33286381852698,19.33286381852698,19.33286381852698,19.33286381852698,19.33286381852698,19.33286381852698,19.33286381852698,19.33286381852698,19.33286381852698,19.33286381852698,19.33286381852698,19.33286381852698,19.33286381852698,19.33286381852698,19.33286381852698,18.37407948830515
-0.0858585858585858,18.37407948830515,18.37407948830515,18.37407948830515,18.37407948830515,18.37407948830515,18.37407948830515,18.37407948830515,18.37407948830515,18.37407948830515,18.37407948830515,18.37407948830515,18.37407948830515,18.37407948830515,18.37407948830515,18.37407948830515,18.37407948830515,18.37407948830515,18.37407948830515,18.37407948830515,18.37407948830515,18.37407948830515,18.37407948830515,18.37407948830515,18.37407948830515,18.37407948830515,18.37407948830515,18.37407948830515,18.37407948830515,18.37407948830515,18.37407948830515,18.33736503522408,18.313394503478623,18.287071679300887,18.25820730662904,18.226535296930017,18.19165034770539,18.152864622445534,18.108822870308646,18.05621223653439,17.98358260846646,17.810867927726818,17.893263604592363,17.218578892745384,17.466203789231386,17.477485310543802,17.460032031192032,17.434895026412125,17.406578789673798,17.376495514330784,17.34519607543366,17.493166557649833,17.40100592053548,17.289869939688312,17.153967530125527,16.984549985595244,16.767750327276826,16.48022972124038,16.079524132963392,15.47978521818331,14.479472810741816,12.488796198308668,17.724433128849142,17.684052867512143,17.642070175247813,17.598380900597007,17.552867148481884,17.505394790606687,17.455810387515076,17.403937351256765,17.349571118011244,17.60004651997183,17.60004651997183,17.60004651997183,17.60004651997183,17.60004651997183,17.60004651997183,17.60004651997183,17.60004651997183,17.50845881743206,17.50845881743206,19.33286381852698,19.33286381852698,19.33286381852698,19.33286381852698,19.33286381852698,19.33286381852698,19.33286381852698,19.33286381852698,19.33286381852698,19.33286381852698,19.33286381852698,19.33286381852698,19.33286381852698,19.33286381852698,19.33286381852698,19.33286381852698,19.33286381852698,19.33286381852698,19.33286381852698,18.37407948830515
-0.07575757575757575,18.37407948830515,18.37407948830515,18.37407948830515,18.37407948830515,18.37407948830515,18.37407948830515,18.37407948830515,18.37407948830515,18.37407948830515,18.37407948830515,18.37407948830515,18.37407948830515,18.37407948830515,18.37407948830515,18.37407948830515,18.37407948830515,18.37407948830515,18.37407948830515,18.37407948830515,18.37407948830515,18.37407948830515,18.37407948830515,18.37407948830515,18.37407948830515,18.37407948830515,18.37407948830515,18.37407948830515,18.37407948830515,18.37407948830515,18.37407948830515,18.331785786861563,18.309099325133985,18.284103474251978,18.256649450843117,18.226542892675024,18.193515796658495,18.15717004323371,18.116848948877173,18.071294962344044,18.01750948307081,17.945334007922035,17.785251306835416,17.78319842582656,17.23565043950938,17.449367194809774,17.457618965579652,17.439601547539308,17.41436073315459,17.3860759094609,17.356074554807275,17.44392406317639,17.339670591014638,17.210232111656904,17.046197007625665,16.832282760384356,16.541936497072886,16.124740834573313,15.472509233956435,14.308038432143476,11.715191086246719,7.458401169332016,27.574492211967534,17.707983244763785,17.667642518574528,17.625692078353584,17.582027133843862,17.536529028473026,17.48906272180782,17.439473675702263,17.387583970381623,17.60004651997183,17.60004651997183,17.60004651997183,17.60004651997183,17.60004651997183,17.60004651997183,17.60004651997183,17.50845881743206,17.50845881743206,17.50845881743206,19.33286381852698,19.33286381852698,19.33286381852698,19.33286381852698,19.33286381852698,19.33286381852698,19.33286381852698,19.33286381852698,19.33286381852698,19.33286381852698,19.33286381852698,19.33286381852698,19.33286381852698,19.33286381852698,19.33286381852698,19.33286381852698,19.33286381852698,19.33286381852698,19.33286381852698,18.37407948830515
-0.06565656565656564,18.37407948830515,18.37407948830515,18.37407948830515,18.37407948830515,18.37407948830515,18.37407948830515,18.37407948830515,18.37407948830515,18.37407948830515,18.37407948830515,18.37407948830515,18.37407948830515,18.37407948830515,18.37407948830515,18.37407948830515,18.37407948830515,18.37407948830515,18.37407948830515,18.37407948830515,18.37407948830515,18.37407948830515,18.37407948830515,18.37407948830515,18.37407948830515,18.37407948830515,18.37407948830515,18.37407948830515,18.37407948830515,18.37407948830515,18.37407948830515,18.32760772632373,18.30628790323891,18.282672198548493,18.256632839855726,18.228010320277363,18.19659871716178,18.1621195642317,18.124170312805507,18.08210900187694,18.03475056070785,17.979363787259505,17.906941611149474,17.757286529793088,17.66521844632537,17.248116746134258,17.43257597041134,17.438094949746844,17.419554734578767,17.394216930956144,17.36596232109848,17.391731215250775,17.27040374905779,17.113675128329962,16.904766837303253,16.61346980434313,16.179535919054214,15.464254253163592,14.072970934094453,10.583252215075763,22.56028461710759,24.24971641297526,21.719258190361895,20.602866366520544,17.691786569371967,17.651481578685566,17.60955963371394,17.56591529723648,17.520429141767693,17.47296520368995,17.42336783299378,17.60004651997183,17.60004651997183,17.60004651997183,17.60004651997183,17.60004651997183,17.60004651997183,17.50845881743206,17.50845881743206,17.50845881743206,17.50845881743206,19.33286381852698,19.33286381852698,19.33286381852698,19.33286381852698,19.33286381852698,19.33286381852698,19.33286381852698,19.33286381852698,19.33286381852698,19.33286381852698,19.33286381852698,19.33286381852698,19.33286381852698,19.33286381852698,19.33286381852698,19.33286381852698,19.33286381852698,19.33286381852698,19.33286381852698,18.37407948830515
-0.055555555555555525,18.37407948830515,18.37407948830515,18.37407948830515,18.37407948830515,18.37407948830515,18.37407948830515,18.37407948830515,18.37407948830515,18.37407948830515,18.37407948830515,18.37407948830515,18.37407948830515,18.37407948830515,18.37407948830515,18.37407948830515,18.37407948830515,18.37407948830515,18.37407948830515,18.37407948830515,18.37407948830515,18.37407948830515,18.37407948830515,18.37407948830515,18.37407948830515,18.37407948830515,18.37407948830515,18.37407948830515,18.37407948830515,18.37407948830515,18.37407948830515,18.325253895935873,18.305448037668366,18.283347261448036,18.258835485484944,18.231770930220737,18.201976914707895,18.169227271607454,18.133221201846027,18.093535195233237,18.049518311562363,18.00002205289251,17.942520516673742,17.86900128172962,17.727449994132392,17.540220392297975,17.256597273648627,17.415855764965272,17.418904529725715,17.39987935003811,17.374450877856187,17.335459584249552,17.188588635315185,16.98771182587847,16.698561831814086,16.24878051793973,15.457151424608936,13.741240018061703,9.864863912854178,25.413793989270008,22.105809758926366,20.666579612663835,19.955384889562364,19.529134361429158,19.239850903316885,17.67583584275148,17.6355629308444,17.593665863004755,17.55003854695672,17.50456077493376,17.45709564910912,17.60004651997183,17.60004651997183,17.60004651997183,17.60004651997183,17.60004651997183,17.50845881743206,17.50845881743206,17.50845881743206,17.50845881743206,17.50845881743206,19.33286381852698,19.33286381852698,19.33286381852698,19.33286381852698,19.33286381852698,19.33286381852698,19.33286381852698,19.33286381852698,19.33286381852698,19.33286381852698,19.33286381852698,19.33286381852698,19.33286381852698,19.33286381852698,19.33286381852698,19.33286381852698,19.33286381852698,19.33286381852698,19.33286381852698,18.37407948830515
-0.045454545454545414,18.37407948830515,18.37407948830515,18.37407948830515,18.37407948830515,18.37407948830515,18.37407948830515,18.37407948830515,18.37407948830515,18.37407948830515,18.37407948830515,18.37407948830515,18.37407948830515,18.37407948830515,18.37407948830515,18.37407948830515,18.37407948830515,18.37407948830515,18.37407948830515,18.37407948830515,18.37407948830515,18.37407948830515,18.37407948830515,18.37407948830515,18.37407948830515,18.37407948830515,18.37407948830515,18.37407948830515,18.37407948830515,18.37407948830515,18.37407948830515,18.325210157407184,18.307133163444608,18.286762641737294,18.26399054962029,18.238685540849357,18.210685965734196,18.179789745409504,18.14573881840756,18.10819337139234,18.066684710623843,18.020517011248714,17.96852313379177,17.908290133205778,17.832600170817987,17.696519109222756,17.410436948826323,17.26167689424652,17.399227880686283,17.40003920299278,17.380563722452596,17.27301232285208,17.084534507868486,16.80262947990395,16.34026310048054,15.456166713852015,13.27965612769151,17.714742228501677,22.65731049715885,20.729492314856653,19.895155551275263,19.439837928875903,19.148666235480892,18.941675723096164,18.782876760295945,18.653779683244473,17.66012410760671,17.61987975281027,17.5780040750548,17.534390318980094,17.488917487210188,17.60004651997183,17.60004651997183,17.60004651997183,17.60004651997183,17.50845881743206,17.50845881743206,17.50845881743206,17.50845881743206,17.50845881743206,17.50845881743206,19.33286381852698,19.33286381852698,19.33286381852698,19.33286381852698,19.33286381852698,19.33286381852698,19.33286381852698,19.33286381852698,19.33286381852698,19.33286381852698,19.33286381852698,19.33286381852698,19.33286381852698,19.33286381852698,19.33286381852698,19.33286381852698,19.33286381852698,19.33286381852698,19.33286381852698,18.37407948830515
-0.035353535353535304,18.37407948830515,18.37407948830515,18.37407948830515,18.37407948830515,18.37407948830515,18.37407948830515,18.37407948830515,18.37407948830515,18.37407948830515,18.37407948830515,18.37407948830515,18.37407948830515,18.37407948830515,18.37407948830515,18.37407948830515,18.37407948830515,18.37407948830515,18.37407948830515,18.37407948830515,18.37407948830515,18.37407948830515,18.37407948830515,18.37407948830515,18.37407948830515,18.37407948830515,18.37407948830515,18.37407948830515,18.37407948830515,18.37407948830515,18.37407948830515,18.328057135459193,18.312002696376485,18.293669361934185,18.272957566479278,18.249745337023512,18.223882094813113,18.195180117859895,18.16340231854136,18.128243904122957,18.08930311145541,18.04603036986971,17.997628670458262,17.942821231595534,17.87915325891517,17.799895131941728,17.66598901191881,17.279827635645027,17.26388103894649,17.3827099589039,17.38149070076662,17.199854212181595,16.933733923328365,16.467052815324045,15.474057465615786,12.916618538559101,22.714623557919026,20.782120452672455,19.78602728890213,19.303376513416783,19.017046310401714,18.82307189011565,18.678906630836767,18.564107392865253,18.467671669692066,18.38316032753333,18.30655328914172,17.6446446925824,17.60442550095634,17.562567850218375,17.518964313946775,17.60004651997183,17.60004651997183,17.60004651997183,17.50845881743206,17.50845881743206,17.50845881743206,17.50845881743206,17.50845881743206,17.50845881743206,17.50845881743206,19.33286381852698,19.33286381852698,19.33286381852698,19.33286381852698,19.33286381852698,19.33286381852698,19.33286381852698,19.33286381852698,19.33286381852698,19.33286381852698,19.33286381852698,19.33286381852698,19.33286381852698,19.33286381852698,19.33286381852698,19.33286381852698,19.33286381852698,19.33286381852698,19.33286381852698,18.37407948830515
-0.025252525252525193,18.37407948830515,18.37407948830515,18.37407948830515,18.37407948830515,18.37407948830515,18.37407948830515,18.37407948830515,18.37407948830515,18.37407948830515,18.37407948830515,18.37407948830515,18.37407948830515,18.37407948830515,18.37407948830515,18.37407948830515,18.37407948830515,18.37407948830515,18.37407948830515,18.37407948830515,18.37407948830515,18.37407948830515,18.37407948830515,18.37407948830515,18.37407948830515,18.37407948830515,18.37407948830515,18.37407948830515,18.37407948830515,18.37407948830515,18.37407948830515,18.334509152873025,18.32087000293194,18.304995489444067,18.28679909745314,18.266172840332935,18.242981409607285,18.217054206863605,18.18817418306873,18.156061717982613,18.120350462932475,18.080549384889217,18.03597911050721,17.985654435956764,17.928032679037756,17.860328040057844,17.77571916045062,17.639322050208285,17.15398191167948,17.26366819910843,17.366316552437937,17.103733791163737,16.65226189635208,15.548932105604424,15.66405153344417,20.729668807809876,19.592654608781334,19.098282179962624,18.83148123631569,18.661037934259106,18.538874255677154,18.44364614350138,18.364503702091312,18.295364532809263,18.232557166852644,18.17373239698019,18.117313457155184,18.06219800520823,17.629391196733994,17.589193895235425,17.547351025817093,17.60004651997183,17.60004651997183,17.50845881743206,17.50845881743206,17.50845881743206,17.50845881743206,17.50845881743206,17.50845881743206,17.50845881743206,17.50845881743206,19.33286381852698,19.33286381852698,19.33286381852698,19.33286381852698,19.33286381852698,19.33286381852698,19.33286381852698,19.33286381852698,19.33286381852698,19.33286381852698,19.33286381852698,19.33286381852698,19.33286381852698,19.33286381852698,19.33286381852698,19.33286381852698,19.33286381852698,19.33286381852698,19.33286381852698,18.37407948830515
-0.015151515151515138,18.37407948830515,18.37407948830515,18.37407948830515,18.37407948830515,18.37407948830515,18.37407948830515,18.37407948830515,18.37407948830515,18.37407948830515,18.37407948830515,18.37407948830515,18.37407948830515,18.37407948830515,18.37407948830515,18.37407948830515,18.37407948830515,18.37407948830515,18.37407948830515,18.37407948830515,18.37407948830515,18.37407948830515,18.37407948830515,18.37407948830515,18.37407948830515,18.37407948830515,18.37407948830515,18.37407948830515,18.37407948830515,18.37407948830515,18.37407948830515,18.34546561204114,18.33476551258543,18.321924417771523,18.30687903223104,18.289547337609356,18.2698234347149,18.24757043501954,18.222610407042406,18.19470977357066,18.163557468355116,18.128731125384096,18.08964251817472,18.045444689769568,17.994861915328805,17.935842556707414,17.864708631575674,17.77320988646986,17.626889391016437,17.038236293234522,17.2614314723409,16.936993111092196,15.818892422047394,19.59078225123715,19.224380382388087,18.784218492230405,18.569950630714786,18.44207108104251,18.35376400042321,18.285979685080367,18.229636284614173,18.179882639482766,18.133899190816045,18.089936155333586,18.046848234244766,18.003851020248725,17.96038510260853,17.916036180062125,17.870485979529775,17.614357475058537,17.574178905165855,17.60004651997183,17.50845881743206,17.50845881743206,17.50845881743206,17.50845881743206,17.50845881743206,17.50845881743206,17.50845881743206,17.50845881743206,17.50845881743206,19.33286381852698,19.33286381852698,19.33286381852698,19.33286381852698,19.33286381852698,19.33286381852698,19.33286381852698,19.33286381852698,19.33286381852698,19.33286381852698,19.33286381852698,19.33286381852698,19.33286381852698,19.33286381852698,19.33286381852698,19.33286381852698,19.33286381852698,19.33286381852698,19.33286381852698,18.37407948830515
-0.0050505050505050275,18.37407948830515,18.37407948830515,18.37407948830515,18.37407948830515,18.37407948830515,18.37407948830515,18.37407948830515,18.37407948830515,18.37407948830515,18.37407948830515,18.37407948830515,18.37407948830515,18.37407948830515,18.37407948830515,18.37407948830515,18.37407948830515,18.37407948830515,18.37407948830515,18.37407948830515,18.37407948830515,18.37407948830515,18.37407948830515,18.37407948830515,18.37407948830515,18.37407948830515,18.37407948830515,18.37407948830515,18.37407948830515,18.37407948830515,18.37407948830515,18.36208235606499,18.355025103210007,18.34600531553568,18.335002056588415,18.321983161577545,18.306902352299954,18.28969516367019,18.27027301609628,18.248514328633693,18.224250761779814,18.19724513420828,18.16715443850968,18.133464669026555,18.095368562027556,18.051517275245725,17.99945989087695,17.934172666821848,17.84312761880837,17.678222946772024,16.909174485131725,16.68486471035268,18.388560020229196,18.274720401726704,18.19337563585699,18.144694068359733,18.11019195511078,18.082003978709974,18.05647131519867,18.0317032906265,18.006637250948256,17.98063439573803,17.953288269902302,17.924326505621693,17.89355702734124,17.860836970239262,17.826053880039236,17.7891138728448,17.749933894912356,17.70843647420271,17.59953762499943,17.50845881743206,17.50845881743206,17.50845881743206,17.50845881743206,17.50845881743206,17.50845881743206,17.50845881743206,17.50845881743206,17.50845881743206,17.50845881743206,19.33286381852698,19.33286381852698,19.33286381852698,19.33286381852698,19.33286381852698,19.33286381852698,19.33286381852698,19.33286381852698,19.33286381852698,19.33286381852698,19.33286381852698,19.33286381852698,19.33286381852698,19.33286381852698,19.33286381852698,19.33286381852698,19.33286381852698,19.33286381852698,19.33286381852698,18.37407948830515
0.005050505050505083,18.37407948830515,18.37407948830515,18.37407948830515,18.37407948830515,18.37407948830515,18.37407948830515,18.37407948830515,18.37407948830515,18.37407948830515,18.37407948830515,18.37407948830515,18.37407948830515,18.37407948830515,18.37407948830515,18.37407948830515,18.37407948830515,18.37407948830515,18.37407948830515,18.37407948830515,18.37407948830515,18.37407948830515,18.37407948830515,18.37407948830515,18.37407948830515,18.37407948830515,18.37407948830515,18.37407948830515,18.37407948830515,18.37407948830515,18.37407948830515,18.36769584353586,18.341626461644367,18.313175381762605,18.283926523620128,18.253859605816018,18.222952245864054,18.191179503775853,18.1585132086801,18.12492092335205,18.09036427878976,17.821060778623863,17.78442030437763,17.7466232817702,17.707542689780972,17.666965019602827,17.624480918037357,17.579166964700686,17.528441558400065,17.462361242304066,17.31283766414368,16.5880895140803,17.236562157844293,17.293362867309256,17.276440841414594,17.245670233986072,17.210079439892684,17.172001555000666,17.13223260517377,17.091087315378154,17.04869605857061,18.081756096814217,18.036977999713457,17.9909956314465,17.94378032012891,17.89529389722543,17.845490982697346,17.794320154939506,17.741724494210292,17.68764174918498,17.540416555912056,17.50845881743206,17.50845881743206,17.50845881743206,17.50845881743206,17.50845881743206,17.50845881743206,17.50845881743206,17.50845881743206,17.50845881743206,17.50845881743206,19.33286381852698,19.33286381852698,19.33286381852698,19.33286381852698,19.33286381852698,19.33286381852698,19.33286381852698,19.33286381852698,19.33286381852698,19.33286381852698,19.33286381852698,19.33286381852698,19.33286381852698,19.33286381852698,19.33286381852698,19.33286381852698,19.33286381852698,19.33286381852698,19.33286381852698,18.37407948830515
0.015151515151515249,18.37407948830515,18.37407948830515,18.37407948830515,18.37407948830515,18.37407948830515,18.37407948830515,18.37407948830515,18.37407948830515,18.37407948830515,18.37407948830515,18.37407948830515,18.37407948830515,18.37407948830515,18.37407948830515,18.37407948830515,18.37407948830515,18.37407948830515,18.37407948830515,18.37407948830515,18.37407948830515,18.37407948830515,18.37407948830515,18.37407948830515,18.37407948830515,18.37407948830515,18.37407948830515,18.37407948830515,18.37407948830515,18.37407948830515,18.37407948830515,18.368828176922296,18.34745935085978,18.32154145220766,18.29323317328796,18.264122096624856,18.23418786937402,18.203407994226907,18.17175735726789,18.1392075299333,18.105725693467164,17.83753752379604,17.802065784378605,17.765512786058554,17.727791913721173,17.688771723237487,17.648229845007208,17.605736860505388,17.560315617665115,17.509200988511562,17.44152488123877,17.040081388622557,16.583339402054136,17.21703733009917,17.26474537945258,17.246724472584894,17.215836238179342,17.18035611051456,17.142460635440575,17.10289902574072,17.061968466369457,18.0964403235523,18.053062253421718,18.00848880247749,17.96270413464559,17.915678963591496,17.867374749496047,17.817745873790543,17.7667407466165,17.622714610372395,17.56878049283972,17.50845881743206,17.50845881743206,17.50845881743206,17.50845881743206,17.50845881743206,17.50845881743206,17.50845881743206,17.50845881743206,17.50845881743206,17.50845881743206,19.33286381852698,19.33286381852698,19.33286381852698,19.33286381852698,19.33286381852698,19.33286381852698,19.33286381852698,19.33286381852698,19.33286381852698,19.33286381852698,19.33286381852698,19.33286381852698,19.33286381852698,19.33286381852698,19.33286381852698,19.33286381852698,19.33286381852698,19.33286381852698,19.33286381852698,18.37407948830515
0.025252525252525304,18.37407948830515,18.37407948830515,18.37407948830515,18.37407948830515,18.37407948830515,18.37407948830515,18.37407948830515,18.37407948830515,18.37407948830515,18.37407948830515,18.37407948830515,18.37407948830515,18.37407948830515,18.37407948830515,18.37407948830515,18.37407948830515,18.37407948830515,18.37407948830515,18.37407948830515,18.37407948830515,18.37407948830515,18.37407948830515,18.37407948830515,18.37407948830515,18.37407948830515,18.37407948830515,18.37407948830515,18.37407948830515,18.37407948830515,18.37407948830515,18.374673834820136,18.34883859736479,18.327619152069108,18.301845899692218,18.27367373175417,18.244693911888344,18.214886006728506,18.184227394363223,18.152692775949035,18.1202534521634,17.85314082431766,17.8187861178782,17.783405031475873,17.74693377784947,17.709283221665487,17.670317302757347,17.629804360202446,17.58729379319297,17.54175117324612,17.490212785117347,17.021739354571462,17.031745514771103,16.595307150383732,17.196952495017033,17.236697783530303,17.217675064901012,17.186679331395812,17.151304566147193,17.1135822491802,17.074217596545925,18.110139781021445,18.0681669503028,18.024989101590524,17.98061026933623,17.935013571265813,17.888169108357204,17.840037963096698,17.69898656539284,17.64813854983225,17.59584901030136,17.50845881743206,17.50845881743206,17.50845881743206,17.50845881743206,17.50845881743206,17.50845881743206,17.50845881743206,17.50845881743206,17.50845881743206,17.50845881743206,19.33286381852698,19.33286381852698,19.33286381852698,19.33286381852698,19.33286381852698,19.33286381852698,19.33286381852698,19.33286381852698,19.33286381852698,19.33286381852698,19.33286381852698,19.33286381852698,19.33286381852698,19.33286381852698,19.33286381852698,19.33286381852698,19.33286381852698,19.33286381852698,19.33286381852698,18.37407948830515
0.03535353535353536,18.37407948830515,18.37407948830515,18.37407948830515,18.37407948830515,18.37407948830515,18.37407948830515,18.37407948830515,18.37407948830515,18.37407948830515,18.37407948830515,18.37407948830515,18.37407948830515,18.37407948830515,18.37407948830515,18.37407948830515,18.37407948830515,18.37407948830515,18.37407948830515,18.37407948830515,18.37407948830515,18.37407948830515,18.37407948830515,18.37407948830515,18.37407948830515,18.37407948830515,18.37407948830515,18.37407948830515,18.37407948830515,18.37407948830515,18.37407948830515,18.38708193650197,18.354959508809596,18.329238046773106,18.308161280509374,18.282526189006624,18.254483781645668,18.225629021513516,18.195941386104316,18.165398119529655,18.1339737273553,17.867903844851263,17.834625604207474,17.800363466650914,17.76506755895529,17.728672557682575,17.6910867061626,17.652169126709644,17.61167841394681,17.56914159832339,17.523463162995515,16.987182241659557,17.00699443826752,17.01308227669446,16.622059039828468,17.176453997387707,17.209204582055822,17.18926726596713,17.158173253607977,17.12289883225659,17.085340945728817,18.122812075361026,18.08227968121994,18.04050082170919,17.99751342092707,17.953319689528758,17.907901717860017,17.769641294396585,17.721674523756334,17.672367577608295,17.62166849361035,17.50845881743206,17.50845881743206,17.50845881743206,17.50845881743206,17.50845881743206,17.50845881743206,17.50845881743206,17.50845881743206,17.50845881743206,17.50845881743206,19.33286381852698,19.33286381852698,19.33286381852698,19.33286381852698,19.33286381852698,19.33286381852698,19.33286381852698,19.33286381852698,19.33286381852698,19.33286381852698,19.33286381852698,19.33286381852698,19.33286381852698,19.33286381852698,19.33286381852698,19.33286381852698,19.33286381852698,19.33286381852698,19.33286381852698,18.37407948830515
0.045454545454545525,18.37407948830515,18.37407948830515,18.37407948830515,18.37407948830515,18.37407948830515,18.37407948830515,18.37407948830515,18.37407948830515,18.37407948830515,18.37407948830515,18.37407948830515,18.37407948830515,18.37407948830515,18.37407948830515,18.37407948830515,18.37407948830515,18.37407948830515,18.37407948830515,18.37407948830515,18.37407948830515,18.37407948830515,18.37407948830515,18.37407948830515,18.37407948830515,18.37407948830515,18.37407948830515,18.37407948830515,18.37407948830515,18.37407948830515,18.37407948830515,18.408812860764787,18.367689562904474,18.335627537462845,18.310012963100814,18.289072509994135,18.263569420317364,18.23565073882804,18.20691514612828,18.17734202236119,18.146908468641843,17.88185340274582,17.849618309197137,17.816433743681177,17.782258907430975,17.747042938530512,17.71071891947418,17.6731923673649,17.63431737646276,17.593842319779913,17.5512705980493,16.9502932360554,16.96925855399721,16.984200167285078,16.991523465252964,16.656511651381866,17.155662789597763,17.18225052171761,17.16147710276349,17.130293206895594,17.095114373609018,18.13436131049423,18.09536167235011,18.05501381536322,18.013419466813396,17.97061323710001,17.835007862067606,17.78975982886657,17.743250319561632,17.695439646514377,17.646281417510064,17.50845881743206,17.50845881743206,17.50845881743206,17.50845881743206,17.50845881743206,17.50845881743206,17.50845881743206,17.50845881743206,17.50845881743206,17.50845881743206,19.33286381852698,19.33286381852698,19.33286381852698,19.33286381852698,19.33286381852698,19.33286381852698,19.33286381852698,19.33286381852698,19.33286381852698,19.33286381852698,19.33286381852698,19.33286381852698,19.33286381852698,19.33286381852698,19.33286381852698,19.33286381852698,19.33286381852698,19.33286381852698,19.33286381852698,18.37407948830515
0.05555555555555558,18.37407948830515,18.37407948830515,18.37407948830515,18.37407948830515,18.37407948830515,18.37407948830515,18.37407948830515,18.37407948830515,18.37407948830515,18.37407948830515,18.37407948830515,18.37407948830515,18.37407948830515,18.37407948830515,18.37407948830515,18.37407948830515,18.37407948830515,18.37407948830515,18.37407948830515,18.37407948830515,18.37407948830515,18.37407948830515,18.37407948830515,18.37407948830515,18.37407948830515,18.37407948830515,18.37407948830515,18.37407948830515,18.37407948830515,18.37407948830515,18.44417053809387,18.389820132169994,18.34867368717754,18.31666474968511,18.29115049673965,18.270340301752583,18.244963358285375,18.217162661915644,18.188540628275288,18.159076532303388,17.895011941583697,17.86379170326305,17.83165084769073,17.79855486489622,17.764462290979107,17.729321239567874,17.693063139442028,17.655590672593288,17.61675268511334,17.57628682570802,16.912249549047253,16.930163507435346,16.945205112245574,16.958674246590757,16.96868862883888,16.692558934881173,17.13467876490953,17.155820643360745,17.13428188456138,17.103015750152288,18.14457662693477,18.107323322774324,18.068492768038507,18.028320423282995,17.895313904555913,17.852680032884066,17.808829822228606,17.763743365668784,17.717388945656044,17.669726484053147,17.50845881743206,17.50845881743206,17.50845881743206,17.50845881743206,17.50845881743206,17.50845881743206,17.50845881743206,17.50845881743206,17.50845881743206,17.50845881743206,19.33286381852698,19.33286381852698,19.33286381852698,19.33286381852698,19.33286381852698,19.33286381852698,19.33286381852698,19.33286381852698,19.33286381852698,19.33286381852698,19.33286381852698,19.33286381852698,19.33286381852698,19.33286381852698,19.33286381852698,19.33286381852698,19.33286381852698,19.33286381852698,19.33286381852698,18.37407948830515
0.06565656565656575,18.37407948830515,18.37407948830515,18.37407948830515,18.37407948830515,18.37407948830515,18.37407948830515,18.37407948830515,18.37407948830515,18.37407948830515,18.37407948830515,18.37407948830515,18.37407948830515,18.37407948830515,18.37407948830515,18.37407948830515,18.37407948830515,18.37407948830515,18.37407948830515,18.37407948830515,18.37407948830515,18.37407948830515,18.37407948830515,18.37407948830515,18.37407948830515,18.37407948830515,18.37407948830515,18.37407948830515,18.37407948830515,18.37407948830515,18.37407948830515,18.500242249896992,18.425710467701222,18.371199309698092,18.330021520386524,18.29805866031607,18.272638459951974,18.251952756177307,18.2266963858528,18.199008207960212,18.170494389907155,17.90739871206794,17.87716872734625,17.846042911387023,17.813991355278947,17.780979085077306,17.746963948114416,17.711892996970775,17.67569594519264,17.63827252655354,17.599466108730958,16.87311967906057,16.89047597596962,16.905319394191352,16.918698437412246,16.93198480293367,16.9451368268552,16.72595078452736,17.113584374012152,17.12990031925729,17.107660114228434,18.152967338717872,18.11796636439321,18.080854078806304,17.950596580600074,17.91059118477694,17.86933937220879,17.826869479249382,17.783178549725655,17.738245707094453,17.692038636513132,17.50845881743206,17.50845881743206,17.50845881743206,17.50845881743206,17.50845881743206,17.50845881743206,17.50845881743206,17.50845881743206,17.50845881743206,17.50845881743206,19.33286381852698,19.33286381852698,19.33286381852698,19.33286381852698,19.33286381852698,19.33286381852698,19.33286381852698,19.33286381852698,19.33286381852698,19.33286381852698,19.33286381852698,19.33286381852698,19.33286381852698,19.33286381852698,19.33286381852698,19.33286381852698,19.33286381852698,19.33286381852698,19.33286381852698,18.37407948830515
0.0757575757575758,18.37407948830515,18.37407948830515,18.37407948830515,18.37407948830515,18.37407948830515,18.37407948830515,18.37407948830515,18.37407948830515,18.37407948830515,18.37407948830515,18.37407948830515,18.37407948830515,18.37407948830515,18.37407948830515,18.37407948830515,18.37407948830515,18.37407948830515,18.37407948830515,18.37407948830515,18.37407948830515,18.37407948830515,18.37407948830515,18.37407948830515,18.37407948830515,18.37407948830515,18.37407948830515,18.37407948830515,18.37407948830515,18.37407948830515,18.37407948830515,18.589553933591286,18.482553703796547,18.40761990602534,18.35293798719777,18.311720934539586,18.27979742190015,18.254465280839444,18.233898568851796,18.20875746209111,18.181176592000288,17.919030511729783,17.88976902712511,17.859633377255406,17.82859718379369,17.796630204432862,17.763696984670577,17.729754659071382,17.69474918168009,17.658608487304626,17.621229243934074,16.832813053345618,16.850077238206293,16.8650152057898,16.878353708661443,16.89105624346873,16.9047438563607,16.921111427901245,16.754238684391336,17.092447623532614,17.10447528011356,18.15824004271127,18.126829694123813,18.000323719002868,17.963345463614747,17.92482853149109,17.884981952339118,17.843889035277222,17.801575147665876,17.758035708660856,17.713248891472663,17.50845881743206,17.50845881743206,17.50845881743206,17.50845881743206,17.50845881743206,17.50845881743206,17.50845881743206,17.50845881743206,17.50845881743206,17.50845881743206,19.33286381852698,19.33286381852698,19.33286381852698,19.33286381852698,19.33286381852698,19.33286381852698,19.33286381852698,19.33286381852698,19.33286381852698,19.33286381852698,19.33286381852698,19.33286381852698,19.33286381852698,19.33286381852698,19.33286381852698,19.33286381852698,19.33286381852698,19.33286381852698,19.33286381852698,18.37407948830515
0.08585858585858586,18.37407948830515,18.37407948830515,18.37407948830515,18.37407948830515,18.37407948830515,18.37407948830515,18.37407948830515,18.37407948830515,18.37407948830515,18.37407948830515,18.37407948830515,18.37407948830515,18.37407948830515,18.37407948830515,18.37407948830515,18.37407948830515,18.37407948830515,18.37407948830515,18.37407948830515,18.37407948830515,18.37407948830515,18.37407948830515,18.37407948830515,18.37407948830515,18.37407948830515,18.37407948830515,18.37407948830515,18.37407948830515,18.37407948830515,18.37407948830515,18.73645808662938,18.573097385690232,18.46523654366885,18.389886851144908,18.335024396087537,18.293760416561177,18.261869780746807,18.23661996136008,18.21616699040252,18.191136083682576,17.929922168244293,17.901609724955428,17.87244228717663,17.842396299423314,17.81144513794188,17.779558214753333,17.74669957808795,17.712825625328747,17.67788117353444,17.64179231316539,16.791214264003038,16.808765649816962,16.824103402439842,16.83774587033007,16.850330942260843,16.86285278505337,16.877227832131908,16.896732652637215,16.77634649630269,17.07132455279746,18.156180269447972,18.041117349548916,18.009643835193327,17.974804373620216,17.937953520747566,17.899581956741066,17.859886464925204,17.8189447289871,17.776779253767568,17.73338388052889,17.50845881743206,17.50845881743206,17.50845881743206,17.50845881743206,17.50845881743206,17.50845881743206,17.50845881743206,17.50845881743206,17.50845881743206,17.50845881743206,19.33286381852698,19.33286381852698,19.33286381852698,19.33286381852698,19.33286381852698,19.33286381852698,19.33286381852698,19.33286381852698,19.33286381852698,19.33286381852698,19.33286381852698,19.33286381852698,19.33286381852698,19.33286381852698,19.33286381852698,19.33286381852698,19.33286381852698,19.33286381852698,19.33286381852698,18.37407948830515
0.09595959595959602,18.37407948830515,18.37407948830515,18.37407948830515,18.37407948830515,18.37407948830515,18.37407948830515,18.37407948830515,18.37407948830515,18.37407948830515,18.37407948830515,18.37407948830515,18.37407948830515,18.37407948830515,18.37407948830515,18.37407948830515,18.37407948830515,18.37407948830515,18.37407948830515,18.37407948830515,18.37407948830515,18.37407948830515,18.37407948830515,18.37407948830515,18.37407948830515,18.37407948830515,18.37407948830515,18.37407948830515,18.37407948830515,18.37407948830515,18.37407948830515,18.995182492816998,18.722217844260754,18.557023543485098,18.448279245594872,18.372499917387504,18.31744736141212,18.276129026325425,18.244265036823027,18.219092038966547,18.198747789776476,17.940086867835557,17.912705923474654,17.884487087775415,17.8554091421091,17.82544834676904,17.79457782304824,17.76276662502413,17.72997828678835,17.696168443670544,17.661280736263134,16.74820419567867,16.766353593212017,16.78235421425898,16.79659434687412,16.80952051880658,16.821755651462155,16.8343667320285,16.849569866820335,16.872062910136176,16.792089756150904,18.035322208997037,18.040116810569927,18.016097698616388,17.984566272147607,17.94980190927684,17.913072167262943,17.874838849680554,17.83528709291979,17.79448919266054,17.752464893703465,17.50845881743206,17.50845881743206,17.50845881743206,17.50845881743206,17.50845881743206,17.50845881743206,17.50845881743206,17.50845881743206,17.50845881743206,17.50845881743206,19.33286381852698,19.33286381852698,19.33286381852698,19.33286381852698,19.33286381852698,19.33286381852698,19.33286381852698,19.33286381852698,19.33286381852698,19.33286381852698,19.33286381852698,19.33286381852698,19.33286381852698,19.33286381852698,19.33286381852698,19.33286381852698,19.33286381852698,19.33286381852698,19.33286381852698,18.37407948830515
0.10606060606060608,17.647694370201638,17.647694370201638,17.647694370201638,17.647694370201638,17.647694370201638,17.647694370201638,17.647694370201638,17.647694370201638,17.647694370201638,17.647694370201638,17.647694370201638,17.647694370201638,17.647694370201638,17.647694370201638,17.647694370201638,17.647694370201638,17.647694370201638,17.647694370201638,17.647694370201638,17.647694370201638,17.647694370201638,17.647694370201638,17.647694370201638,17.647694370201638,17.647694370201638,17.647694370201638,17.647694370201638,17.647694370201638,17.647694370201638,17.647694370201638,20.481113308075248,19.952134297829854,19.67491466161634,19.507840338479202,19.39818963630921,19.32196704559258,19.266715013963886,19.225335110539604,19.193491759296787,19.16839030371061,19.148149972813247,19.123325181288575,19.096037289048876,19.067907616774256,19.038914805411594,19.009034923330063,18.978240827419988,18.946501201519308,18.91377904851511,18.880029216310152,19.53489071810012,19.553902362853567,19.570793167735815,19.585869245009146,19.599463898148162,19.61200016931689,19.624116859920512,19.636969360039437,19.653062544991165,19.678362901407866,19.63301719011001,19.76893767845218,19.77067691819767,19.74615699842019,19.714572440436385,19.679879630027663,19.64326502064237,19.605163177274967,19.565748156500455,19.52508709253254,19.532540717872468,19.532540717872468,19.532540717872468,19.532540717872468,19.532540717872468,19.532540717872468,19.532540717872468,19.532540717872468,19.532540717872468,19.532540717872468,18.181711011016972,18.181711011016972,18.181711011016972,18.181711011016972,18.181711011016972,18.181711011016972,18.181711011016972,18.181711011016972,18.181711011016972,18.181711011016972,18.181711011016972,18.181711011016972,18.181711011016972,18.181711011016972,18.181711011016972,18.181711011016972,18.181711011016972,18.181711011016972,18.181711011016972,17.647694370201638
0.11616161616161624,17.647694370201638,17.647694370201638,17.647694370201638,17.647694370201638,17.647694370201638,17.647694370201638,17.647694370201638,17.647694370201638,17.647694370201638,17.647694370201638,17.647694370201638,17.647694370201638,17.647694370201638,17.647694370201638,17.647694370201638,17.647694370201638,17.647694370201638,17.647694370201638,17.647694370201638,17.647694370201638,17.647694370201638,17.647694370201638,17.647694370201638,17.647694370201638,17.647694370201638,17.647694370201638,17.647694370201638,17.647694370201638,17.647694370201638,17.647694370201638,21.848424610195426,20.484091266620542,19.94309812263093,19.6615016660796,19.492500034832595,19.381919844315135,19.305240455920035,19.24977974474619,19.208331258781396,19.176502744059636,19.151467757164475,19.131326742483036,19.10659828349459,19.079399103433754,19.051354341407553,19.022442491490843,18.9926394225453,18.96191771766215,18.930245678093083,18.89758575822854,19.48868703245672,19.50879580277793,19.526780416837166,19.54289474444845,19.557403311669947,19.57061694805419,19.582957225546625,19.595092614595828,19.608271487983078,19.62527081867949,19.653184745025495,19.637226238497323,19.74810074922257,19.74709801976321,19.722116466748773,19.690483125553982,19.655858476192403,19.619353313895587,19.581376499689725,19.542091547046134,19.532540717872468,19.532540717872468,19.532540717872468,19.532540717872468,19.532540717872468,19.532540717872468,19.532540717872468,19.532540717872468,19.532540717872468,19.532540717872468,18.181711011016972,18.181711011016972,18.181711011016972,18.181711011016972,18.181711011016972,18.181711011016972,18.181711011016972,18.181711011016972,18.181711011016972,18.181711011016972,18.181711011016972,18.181711011016972,18.181711011016972,18.181711011016972,18.181711011016972,18.181711011016972,18.181711011016972,18.181711011016972,18.181711011016972,17.647694370201638
0.1262626262626263,17.647694370201638,17.647694370201638,17.647694370201638,17.647694370201638,17.647694370201638,17.647694370201638,17.647694370201638,17.647694370201638,17.647694370201638,17.647694370201638,17.647694370201638,17.647694370201638,17.647694370201638,17.647694370201638,17.647694370201638,17.647694370201638,17.647694370201638,17.647694370201638,17.647694370201638,17.647694370201638,17.647694370201638,17.647694370201638,17.647694370201638,17.647694370201638,17.647694370201638,17.647694370201638,17.647694370201638,17.647694370201638,17.647694370201638,17.647694370201638,25.01550321717975,21.903173600604816,20.488047668046303,19.93458788645245,19.648488852631104,19.477511704813644,19.3659787766589,19.288829126123012,19.2331506847224,19.19162678465648,19.159807496216217,19.134834096166284,19.114787983815866,19.090151630854777,19.063037008326816,19.035073082907786,19.006238195494735,18.97650800795542,18.945854820215803,18.914246538518857,19.440686624586686,19.462110866345526,19.48137950282622,19.49871384840936,19.514336333779177,19.528492338968938,19.5414860245146,19.553748272846263,19.565983394207635,19.579532335640234,19.597425511519642,19.627756153997854,19.636579011579418,19.727417808857943,19.72394888544306,19.698541359997467,19.666863188599503,19.632303453459038,19.59590232634842,19.558044402820713,19.532540717872468,19.532540717872468,19.532540717872468,19.532540717872468,19.532540717872468,19.532540717872468,19.532540717872468,19.532540717872468,19.532540717872468,19.532540717872468,18.181711011016972,18.181711011016972,18.181711011016972,18.181711011016972,18.181711011016972,18.181711011016972,18.181711011016972,18.181711011016972,18.181711011016972,18.181711011016972,18.181711011016972,18.181711011016972,18.181711011016972,18.181711011016972,18.181711011016972,18.181711011016972,18.181711011016972,18.181711011016972,18.181711011016972,17.647694370201638
0.13636363636363646,17.647694370201638,17.647694370201638,17.647694370201638,17.647694370201638,17.647694370201638,17.647694370201638,17.647694370201638,17.647694370201638,17.647694370201638,17.647694370201638,17.647694370201638,17.647694370201638,17.647694370201638,17.647694370201638,17.647694370201638,17.647694370201638,17.647694370201638,17.647694370201638,17.647694370201638,17.647694370201638,17.647694370201638,17.647694370201638,17.647694370201638,17.647694370201638,17.647694370201638,17.647694370201638,17.647694370201638,17.647694370201638,17.647694370201638,17.647694370201638,14.061974902344298,24.2893260840974,21.961815075201237,20.493000569430432,19.926599543405562,19.635868040521085,19.462866185352357,19.350357076608603,19.272723750553414,19.216818665140597,19.175212687386416,19.143397192868782,19.118480676734652,19.098525228882366,19.07397693354624,19.04694288821884,19.01905589471755,18.990294134577844,18.9606330552641,18.93004466418029,19.390741012474066,19.413692345439856,19.434429937554203,19.453156319209548,19.470068989684325,19.485374784516104,19.499311427116467,19.51218462383576,19.524440028910618,19.53682024923659,19.550756011042786,19.569512178102787,19.602064537560146,19.631693501931057,19.706909400617644,19.701217598701845,19.675416600648575,19.64369719037236,19.609199257876654,19.57289701016052,19.532540717872468,19.532540717872468,19.532540717872468,19.532540717872468,19.532540717872468,19.532540717872468,19.532540717872468,19.532540717872468,19.532540717872468,19.532540717872468,18.181711011016972,18.181711011016972,18.181711011016972,18.181711011016972,18.181711011016972,18.181711011016972,18.181711011016972,18.181711011016972,18.181711011016972,18.181711011016972,18.181711011016972,18.181711011016972,18.181711011016972,18.181711011016972,18.181711011016972,18.181711011016972,18.181711011016972,18.181711011016972,18.181711011016972,17.647694370201638
0.14646464646464652,17.647694370201638,17.647694370201638,17.647694370201638,17.647694370201638,17.647694370201638,17.647694370201638,17.647694370201638,17.647694370201638,17.647694370201638,17.647694370201638,17.647694370201638,17.647694370201638,17.647694370201638,17.647694370201638,17.647694370201638,17.647694370201638,17.647694370201638,17.647694370201638,17.647694370201638,17.647694370201638,17.647694370201638,17.647694370201638,17.647694370201638,17.647694370201638,17.647694370201638,17.647694370201638,17.647694370201638,17.647694370201638,17.647694370201638,17.647694370201638,16.314570405005032,14.19924069603622,23.266516634607576,22.0245743523638,20.498970220667367,19.91912981262898,19.623631594267376,19.448554798658414,19.335045845221757,19.256915462904455,19.200774941456707,19.15908037686659,19.127263409252407,19.102399241222553,19.082530384909916,19.05806626633635,19.03110898203473,19.00329517492082,18.974602861088794,18.945007266248915,19.338685965183462,19.36337723271079,19.38577007356133,19.406058574055677,19.424427217762986,19.441061093936092,19.456159905690814,19.46995996070469,19.482772951563867,19.49506203855177,19.507608650427574,19.521929335918454,19.54150483293072,19.576088143910706,19.623128973594188,19.686592088147354,19.678892631549854,19.652727812729403,19.620970423784073,19.586531309071148,19.532540717872468,19.532540717872468,19.532540717872468,19.532540717872468,19.532540717872468,19.532540717872468,19.532540717872468,19.532540717872468,19.532540717872468,19.532540717872468,18.181711011016972,18.181711011016972,18.181711011016972,18.181711011016972,18.181711011016972,18.181711011016972,18.181711011016972,18.181711011016972,18.181711011016972,18.181711011016972,18.181711011016972,18.181711011016972,18.181711011016972,18.181711011016972,18.181711011016972,18.181711011016972,18.181711011016972,18.181711011016972,18.181711011016972,17.647694370201638
0.15656565656565657,17.647694370201638,17.647694370201638,17.647694370201638,17.647694370201638,17.647694370201638,17.647694370201638,17.647694370201638,17.647694370201638,17.647694370201638,17.647694370201638,17.647694370201638,17.647694370201638,17.647694370201638,17.647694370201638,17.647694370201638,17.647694370201638,17.647694370201638,17.647694370201638,17.647694370201638,17.647694370201638,17.647694370201638,17.647694370201638,17.647694370201638,17.647694370201638,17.647694370201638,17.647694370201638,17.647694370201638,17.647694370201638,17.647694370201638,17.647694370201638,17.02178783755283,16.339671014539128,14.32822799176903,21.935670302364255,22.091693712274974,20.505979151037664,19.91217615999638,19.611772395348858,19.434569323289317,19.32003661320518,19.24139580911099,19.18501116729301,19.14322164864608,19.11139809468635,19.08658189518862,19.066795712024007,19.042412047117647,19.0155278624196,18.987783646247912,18.959157243263345,19.28433769526986,19.310989914686733,19.335231449421943,19.357256352779913,19.377245088358503,19.39537243612852,19.411817382847158,19.426777256085177,19.44049046527868,19.45327711347474,19.465619112396674,19.47833618445053,19.493026197058864,19.51336794757427,19.54979656950508,19.611368120177634,19.666479105901765,19.656962837356435,19.630461279819027,19.59866886912021,19.532540717872468,19.532540717872468,19.532540717872468,19.532540717872468,19.532540717872468,19.532540717872468,19.532540717872468,19.532540717872468,19.532540717872468,19.532540717872468,18.181711011016972,18.181711011016972,18.181711011016972,18.181711011016972,18.181711011016972,18.181711011016972,18.181711011016972,18.181711011016972,18.181711011016972,18.181711011016972,18.181711011016972,18.181711011016972,18.181711011016972,18.181711011016972,18.181711011016972,18.181711011016972,18.181711011016972,18.181711011016972,18.181711011016972,17.647694370201638
0.16666666666666674,17.647694370201638,17.647694370201638,17.647694370201638,17.647694370201638,17.647694370201638,17.647694370201638,17.647694370201638,17.647694370201638,17.647694370201638,17.647694370201638,17.647694370201638,17.647694370201638,17.647694370201638,17.647694370201638,17.647694370201638,17.647694370201638,17.647694370201638,17.647694370201638,17.647694370201638,17.647694370201638,17.647694370201638,17.647694370201638,17.647694370201638,17.647694370201638,17.647694370201638,17.647694370201638,17.647694370201638,17.647694370201638,17.647694370201638,17.647694370201638,17.33910347740749,17.023580287805036,16.363625123476734,14.449486892680545,20.335138011981773,22.16343273949887,20.514052268664667,19.905736783362894,19.600283816541953,19.42090196762824,19.305321315042082,19.22615672239758,19.169519370435747,19.127628660845993,19.095793550370164,19.071021086025617,19.051313802664712,19.0270070170457,19.00019241656039,18.972514337551928,19.227488505601773,19.256337465042098,19.282633752863674,19.306578853059296,19.32835664955305,19.348140166363727,19.366099226972352,19.382410357282083,19.397271269634064,19.410924485063404,19.42369979874843,19.436098263243945,19.44897677205757,19.46400978249318,19.485057242706393,19.52315064216049,19.59681344500179,19.646580900026237,19.63541744245624,19.608603906152876,19.532540717872468,19.532540717872468,19.532540717872468,19.532540717872468,19.532540717872468,19.532540717872468,19.532540717872468,19.532540717872468,19.532540717872468,19.532540717872468,18.181711011016972,18.181711011016972,18.181711011016972,18.181711011016972,18.181711011016972,18.181711011016972,18.181711011016972,18.181711011016972,18.181711011016972,18.181711011016972,18.181711011016972,18.181711011016972,18.181711011016972,18.181711011016972,18.181711011016972,18.181711011016972,18.181711011016972,18.181711011016972,18.181711011016972,17.647694370201638
0.1767676767676768,17.647694370201638,17.647694370201638,17.647694370201638,17.647694370201638,17.647694370201638,17.647694370201638,17.647694370201638,17.647694370201638,17.647694370201638,17.647694370201638,17.647694370201638,17.647694370201638,17.647694370201638,17.647694370201638,17.647694370201638,17.647694370201638,17.647694370201638,17.647694370201638,17.647694370201638,17.647694370201638,17.647694370201638,17.647694370201638,17.647694370201638,17.647694370201638,17.647694370201638,17.647694370201638,17.647694370201638,17.647694370201638,17.647694370201638,17.647694370201638,17.50289594986757,17.33261412408987,17.025218217260306,16.3864929199603,14.563541845303192,18.562747513015317,22.24006828192496,20.523216973511698,19.899810601151295,19.589159698660122,19.407545345541,19.290892265169305,19.211190500270096,19.154291930679825,19.11229391283557,19.080442408854143,19.055709583185234,19.03607756252651,19.011844222135746,18.985095828406028,19.167901621269955,19.199204653740402,19.227779926943445,19.253843584282084,19.277589693055624,19.299196595224274,19.318833473466025,19.336667991779542,19.352876371355677,19.36765832832911,19.381261622865285,19.394026342035396,19.406472553410822,19.41949285532061,19.434833513770734,19.456519669377514,19.496101802445153,19.579790497828533,19.62690557913598,19.614246036863765,19.532540717872468,19.532540717872468,19.532540717872468,19.532540717872468,19.532540717872468,19.532540717872468,19.532540717872468,19.532540717872468,19.532540717872468,19.532540717872468,18.181711011016972,18.181711011016972,18.181711011016972,18.181711011016972,18.181711011016972,18.181711011016972,18.181711011016972,18.181711011016972,18.181711011016972,18.181711011016972,18.181711011016972,18.181711011016972,18.181711011016972,18.181711011016972,18.181711011016972,18.181711011016972,18.181711011016972,18.181711011016972,18.181711011016972,17.647694370201638
0.18686868686868696,17.647694370201638,17.647694370201638,17.647694370201638,17.647694370201638,17.647694370201638,17.647694370201638,17.647694370201638,17.647694370201638,17.647694370201638,17.647694370201638,17.647694370201638,17.647694370201638,17.647694370201638,17.647694370201638,17.647694370201638,17.647694370201638,17.647694370201638,17.647694370201638,17.647694370201638,17.647694370201638,17.647694370201638,17.647694370201638,17.647694370201638,17.647694370201638,17.647694370201638,17.647694370201638,17.647694370201638,17.647694370201638,17.647694370201638,17.647694370201638,17.589961037426875,17.492512198187498,17.32622020853771,17.026707327981825,16.408330753011455,14.670887847231889,16.762929492065602,22.321893828672653,20.533503284697495,19.89439724411467,19.578394329485494,19.39449245400815,19.276742136011894,19.196489783269357,19.139321559349682,19.09721022550483,19.065337615032114,19.040640459855705,19.021080192885673,18.99691699618912,19.10530488080475,19.139348309948687,19.1704510203903,19.19885140106643,19.22476042796302,19.248368236910423,19.26985036626011,19.289374307474784,19.307107241594494,19.323226366653454,19.33793433370469,19.351484725912634,19.364228094101982,19.376703070241685,19.389836287668626,19.405441079146037,19.42769276009885,19.468591012951943,19.56055375282638,19.607459290832892,19.532540717872468,19.532540717872468,19.532540717872468,19.532540717872468,19.532540717872468,19.532540717872468,19.532540717872468,19.532540717872468,19.532540717872468,19.532540717872468,18.181711011016972,18.181711011016972,18.181711011016972,18.181711011016972,18.181711011016972,18.181711011016972,18.181711011016972,18.181711011016972,18.181711011016972,18.181711011016972,18.181711011016972,18.181711011016972,18.181711011016972,18.181711011016972,18.181711011016972,18.181711011016972,18.181711011016972,18.181711011016972,18.181711011016972,17.647694370201638
0.19696969696969702,17.647694370201638,17.647694370201638,17.647694370201638,17.647694370201638,17.647694370201638,17.647694370201638,17.647694370201638,17.647694370201638,17.647694370201638,17.647694370201638,17.647694370201638,17.647694370201638,17.647694370201638,17.647694370201638,17.647694370201638,17.647694370201638,17.647694370201638,17.647694370201638,17.647694370201638,17.647694370201638,17.647694370201638,17.647694370201638,17.647694370201638,17.647694370201638,17.647694370201638,17.647694370201638,17.647694370201638,17.647694370201638,17.647694370201638,17.647694370201638,17.632400013262462,17.57741560728711,17.482312892720177,17.319917564007206,17.028053105513482,16.42919141897519,14.771988784934747,15.090639676977247,22.409218028354353,20.544943983033157,19.889497050143593,19.567982424706425,19.38173665255087,19.262863937703536,19.18204753532506,19.124601280343665,19.082370722989836,19.050472408520488,19.025807075963566,19.006315174193535,19.039382869192874,19.076490652510216,19.110400409634433,19.141381292100437,19.169668414713424,19.195470217353165,19.218974988691812,19.240357111769317,19.259783680956772,19.27742239255345,19.29345216076523,19.308079065860678,19.32156274443764,19.334264099087715,19.34673965888588,19.359948296921516,19.37576575486014,19.398503406316244,19.440547159330716,19.539292803803765,19.532540717872468,19.532540717872468,19.532540717872468,19.532540717872468,19.532540717872468,19.532540717872468,19.532540717872468,19.532540717872468,19.532540717872468,19.532540717872468,18.181711011016972,18.181711011016972,18.181711011016972,18.181711011016972,18.181711011016972,18.181711011016972,18.181711011016972,18.181711011016972,18.181711011016972,18.181711011016972,18.181711011016972,18.181711011016972,18.181711011016972,18.181711011016972,18.181711011016972,18.181711011016972,18.181711011016972,18.181711011016972,18.181711011016972,17.647694370201638
0.20707070707070718,17.647694370201638,17.647694370201638,17.647694370201638,17.647694370201638,17.647694370201638,17.647694370201638,17.647694370201638,17.647694370201638,17.647694370201638,17.647694370201638,17.647694370201638,17.647694370201638,17.647694370201638,17.647694370201638,17.647694370201638,17.647694370201638,17.647694370201638,17.647694370201638,17.647694370201638,17.647694370201638,17.647694370201638,17.647694370201638,17.647694370201638,17.647694370201638,17.647694370201638,17.647694370201638,17.647694370201638,17.647694370201638,17.647694370201638,17.647694370201638,17.647694370201638,17.647694370201638,17.647694370201638,17.647694370201638,17.647694370201638,17.647694370201638,17.647694370201638,17.647694370201638,17.647694370201638,17.647694370201638,18.998524077057134,18.998524077057134,18.998524077057134,18.998524077057134,18.998524077057134,18.998524077057134,18.998524077057134,18.998524077057134,18.998524077057134,18.998524077057134,18.996182920728785,18.994191438582895,18.992134815925077,18.989607250613282,18.98662949663906,18.983218739785702,18.979389042337473,18.975151705922837,18.97051556759476,18.965487240940973,19.605417633650415,19.59961681573179,19.59343207678992,19.58686273326857,19.57990652184839,19.572559648624583,19.56481681827699,19.55667124470447,19.548114644110065,19.53913721109164,19.532540717872468,19.532540717872468,19.532540717872468,19.532540717872468,19.532540717872468,19.532540717872468,19.532540717872468,19.532540717872468,19.532540717872468,19.532540717872468,18.181711011016972,18.181711011016972,18.181711011016972,18.181711011016972,18.181711011016972,18.181711011016972,18.181711011016972,18.181711011016972,18.181711011016972,18.181711011016972,18.181711011016972,18.181711011016972,18.181711011016972,18.181711011016972,18.181711011016972,18.181711011016972,18.181711011016972,18.181711011016972,18.181711011016972,17.647694370201638
0.21717171717171724,17.647694370201638,17.647694370201638,17.647694370201638,17.647694370201638,17.647694370201638,17.647694370201638,17.647694370201638,17.647694370201638,17.647694370201638,17.647694370201638,17.647694370201638,17.647694370201638,17.647694370201638,17.647694370201638,17.647694370201638,17.647694370201638,17.647694370201638,17.647694370201638,17.647694370201638,17.647694370201638,17.647694370201638,17.647694370201638,17.647694370201638,17.647694370201638,17.647694370201638,17.647694370201638,17.647694370201638,17.647694370201638,17.647694370201638,17.647694370201638,17.647694370201638,17.647694370201638,17.647694370201638,17.647694370201638,17.647694370201638,17.647694370201638,17.647694370201638,17.647694370201638,17.647694370201638,17.647694370201638,18.998524077057134,18.998524077057134,18.998524077057134,18.998524077057134,18.998524077057134,18.998524077057134,18.998524077057134,18.998524077057134,18.998524077057134,18.998524077057134,18.994915993325193,18.991897591284093,18.98993844518199,18.987901611498472,18.985393913401882,18.982435949106996,18.979044771865148,18.975234330075793,18.971015826416988,18.96639801090001,19.606733741668904,19.60133488960091,19.595550426573162,19.589381259462385,19.582826646996583,19.57588426984079,19.568550278757357,19.560819322842754,19.552684559286046,19.544137645611727,19.532540717872468,19.532540717872468,19.532540717872468,19.532540717872468,19.532540717872468,19.532540717872468,19.532540717872468,19.532540717872468,19.532540717872468,19.532540717872468,18.181711011016972,18.181711011016972,18.181711011016972,18.181711011016972,18.181711011016972,18.181711011016972,18.181711011016972,18.181711011016972,18.181711011016972,18.181711011016972,18.181711011016972,18.181711011016972,18.181711011016972,18.181711011016972,18.181711011016972,18.181711011016972,18.181711011016972,18.181711011016972,18.181711011016972,17.647694370201638
0.2272727272727273,17.647694370201638,17.647694370201638,17.647694370201638,17.647694370201638,17.647694370201638,17.647694370201638,17.647694370201638,17.647694370201638,17.647694370201638,17.647694370201638,17.647694370201638,17.647694370201638,17.647694370201638,17.647694370201638,17.647694370201638,17.647694370201638,17.647694370201638,17.647694370201638,17.647694370201638,17.647694370201638,17.647694370201638,17.647694370201638,17.647694370201638,17.647694370201638,17.647694370201638,17.647694370201638,17.647694370201638,17.647694370201638,17.647694370201638,17.647694370201638,17.647694370201638,17.647694370201638,17.647694370201638,17.647694370201638,17.647694370201638,17.647694370201638,17.647694370201638,17.647694370201638,17.647694370201638,17.647694370201638,18.998524077057134,18.998524077057134,18.998524077057134,18.998524077057134,18.998524077057134,18.998524077057134,18.998524077057134,18.998524077057134,18.998524077057134,18.998524077057134,18.99294411339834,18.99063953227428,18.98770212562569,18.985773740575663,18.983755205052844,18.981265926109455,18.978326344759473,18.974953380232595,18.971160865522577,18.966959902829384,19.607705475784304,19.60271139687597,19.59732843177828,19.591559164088395,19.585404438737996,19.578863455379736,19.571933837339017,19.564611678754815,19.556891571880367,19.548766615962077,19.532540717872468,19.532540717872468,19.532540717872468,19.532540717872468,19.532540717872468,19.532540717872468,19.532540717872468,19.532540717872468,19.532540717872468,19.532540717872468,18.181711011016972,18.181711011016972,18.181711011016972,18.181711011016972,18.181711011016972,18.181711011016972,18.181711011016972,18.181711011016972,18.181711011016972,18.181711011016972,18.181711011016972,18.181711011016972,18.181711011016972,18.181711011016972,18.181711011016972,18.181711011016972,18.181711011016972,18.181711011016972,18.181711011016972,17.647694370201638
0.23737373737373746,17.647694370201638,17.647694370201638,17.647694370201638,17.647694370201638,17.647694370201638,17.647694370201638,17.647694370201638,17.647694370201638,17.647694370201638,17.647694370201638,17.647694370201638,17.647694370201638,17.647694370201638,17.647694370201638,17.647694370201638,17.647694370201638,17.647694370201638,17.647694370201638,17.647694370201638,17.647694370201638,17.647694370201638,17.647694370201638,17.647694370201638,17.647694370201638,17.647694370201638,17.647694370201638,17.647694370201638,17.647694370201638,17.647694370201638,17.647694370201638,17.647694370201638,17.647694370201638,17.647694370201638,17.647694370201638,17.647694370201638,17.647694370201638,17.647694370201638,17.647694370201638,17.647694370201638,17.647694370201638,18.998524077057134,18.998524077057134,18.998524077057134,18.998524077057134,18.998524077057134,18.998524077057134,18.998524077057134,18.998524077057134,18.998524077057134,18.998524077057134,18.9903213324896,18.98867760116479,18.986451651744222,18.983593535070913,18.981694411631747,18.979692754974607,18.977220515531926,18.974297975888504,18.97094191994317,18.96716606392952,19.608327730374413,19.603742846437317,19.598764110661374,19.59339589345595,19.587640710997263,19.581499344979655,19.57497093471707,19.56805304496046,19.560741712017737,19.55303147011598,19.532540717872468,19.532540717872468,19.532540717872468,19.532540717872468,19.532540717872468,19.532540717872468,19.532540717872468,19.532540717872468,19.532540717872468,19.532540717872468,18.181711011016972,18.181711011016972,18.181711011016972,18.181711011016972,18.181711011016972,18.181711011016972,18.181711011016972,18.181711011016972,18.181711011016972,18.181711011016972,18.181711011016972,18.181711011016972,18.181711011016972,18.181711011016972,18.181711011016972,18.181711011016972,18.181711011016972,18.181711011016972,18.181711011016972,17.647694370201638
0.24747474747474751,17.647694370201638,17.647694370201638,17.647694370201638,17.647694370201638,17.647694370201638,17.647694370201638,17.647694370201638,17.647694370201638,17.647694370201638,17.647694370201638,17.647694370201638,17.647694370201638,17.647694370201638,17.647694370201638,17.647694370201638,17.647694370201638,17.647694370201638,17.647694370201638,17.647694370201638,17.647694370201638,17.647694370201638,17.647694370201638,17.647694370201638,17.647694370201638,17.647694370201638,17.647694370201638,17.647694370201638,17.647694370201638,17.647694370201638,17.647694370201638,17.647694370201638,17.647694370201638,17.647694370201638,17.647694370201638,17.647694370201638,17.647694370201638,17.647694370201638,17.647694370201638,17.647694370201638,17.647694370201638,18.998524077057134,18.998524077057134,18.998524077057134,18.998524077057134,18.998524077057134,18.998524077057134,18.998524077057134,18.998524077057134,18.998524077057134,18.998524077057134,18.98708859636742,18.986065320147507,18.98449842555883,18.982349423435473,18.97956896908413,18.977697678821517,18.975711549007503,18.973255033805472,18.97034825632054,18.967007863975883,19.608593777221557,19.604424248961465,19.599854081711985,19.59488957011025,19.589535010246536,19.583792849659158,19.577663805608445,19.57114695589495,19.564239805542705,19.55693833189738,19.532540717872468,19.532540717872468,19.532540717872468,19.532540717872468,19.532540717872468,19.532540717872468,19.532540717872468,19.532540717872468,19.532540717872468,19.532540717872468,18.181711011016972,18.181711011016972,18.181711011016972,18.181711011016972,18.181711011016972,18.181711011016972,18.181711011016972,18.181711011016972,18.181711011016972,18.181711011016972,18.181711011016972,18.181711011016972,18.181711011016972,18.181711011016972,18.181711011016972,18.181711011016972,18.181711011016972,18.181711011016972,18.181711011016972,17.647694370201638
0.2575757575757577,17.647694370201638,17.647694370201638,17.647694370201638,17.647694370201638,17.647694370201638,17.647694370201638,17.647694370201638,17.647694370201638,17.647694370201638,17.647694370201638,17.647694370201638,17.647694370201638,17.647694370201638,17.647694370201638,17.647694370201638,17.647694370201638,17.647694370201638,17.647694370201638,17.647694370201638,17.647694370201638,17.647694370201638,17.647694370201638,17.647694370201638,17.647694370201638,17.647694370201638,17.647694370201638,17.647694370201638,17.647694370201638,17.647694370201638,17.647694370201638,17.647694370201638,17.647694370201638,17.647694370201638,17.647694370201638,17.647694370201638,17.647694370201638,17.647694370201638,17.647694370201638,17.647694370201638,17.647694370201638,18.998524077057134,18.998524077057134,18.998524077057134,18.998524077057134,18.998524077057134,18.998524077057134,18.998524077057134,18.998524077057134,18.998524077057134,18.998524077057134,18.983276181195208,18.98284321050375,18.981895442066808,18.98040371519337,18.978330053762523,18.97562570713849,18.973780888413824,18.971808996752884,18.969366951193425,18.9664747144723,19.608495118721297,19.604748998827116,19.600593470040142,19.596036920390926,19.591085561655778,19.585743614474612,19.580013456625828,19.573895739827197,19.567389479273007,19.560492119184012,19.532540717872468,19.532540717872468,19.532540717872468,19.532540717872468,19.532540717872468,19.532540717872468,19.532540717872468,19.532540717872468,19.532540717872468,19.532540717872468,18.181711011016972,18.181711011016972,18.181711011016972,18.181711011016972,18.181711011016972,18.181711011016972,18.181711011016972,18.181711011016972,18.181711011016972,18.181711011016972,18.181711011016972,18.181711011016972,18.181711011016972,18.181711011016972,18.181711011016972,18.181711011016972,18.181711011016972,18.181711011016972,18.181711011016972,17.647694370201638
0.26767676767676774,17.647694370201638,17.647694370201638,17.647694370201638,17.647694370201638,17.647694370201638,17.647694370201638,17.647694370201638,17.647694370201638,17.647694370201638,17.647694370201638,17.647694370201638,17.647694370201638,17.647694370201638,17.647694370201638,17.647694370201638,17.647694370201638,17.647694370201638,17.647694370201638,17.647694370201638,17.647694370201638,17.647694370201638,17.647694370201638,17.647694370201638,17.647694370201638,17.647694370201638,17.647694370201638,17.647694370201638,17.647694370201638,17.647694370201638,17.647694370201638,17.647694370201638,17.647694370201638,17.647694370201638,17.647694370201638,17.647694370201638,17.647694370201638,17.647694370201638,17.647694370201638,17.647694370201638,17.647694370201638,18.998524077057134,18.998524077057134,18.998524077057134,18.998524077057134,18.998524077057134,18.998524077057134,18.998524077057134,18.998524077057134,18.998524077057134,18.998524077057134,18.978905469367078,18.97904120017651,18.978682799163938,18.977808880419136,18.976390730219602,18.974390875951787,18.971761151163037,18.969941505226043,18.967982622700834,18.965553849380054,19.608021309070196,19.604708729037544,19.600975790743313,19.596833182081063,19.592289197757406,19.587349965655477,19.58201962992777,19.576300497558233,19.570193153694827,19.563696549908357,19.532540717872468,19.532540717872468,19.532540717872468,19.532540717872468,19.532540717872468,19.532540717872468,19.532540717872468,19.532540717872468,19.532540717872468,19.532540717872468,18.181711011016972,18.181711011016972,18.181711011016972,18.181711011016972,18.181711011016972,18.181711011016972,18.181711011016972,18.181711011016972,18.181711011016972,18.181711011016972,18.181711011016972,18.181711011016972,18.181711011016972,18.181711011016972,18.181711011016972,18.181711011016972,18.181711011016972,18.181711011016972,18.181711011016972,17.647694370201638
0.2777777777777778,17.647694370201638,17.647694370201638,17.647694370201638,17.647694370201638,17.647694370201638,17.647694370201638,17.647694370201638,17.647694370201638,17.647694370201638,17.647694370201638,17.647694370201638,17.647694370201638,17.647694370201638,17.647694370201638,17.647694370201638,17.647694370201638,17.647694370201638,17.647694370201638,17.647694370201638,17.647694370201638,17.647694370201638,17.647694370201638,17.647694370201638,17.647694370201638,17.647694370201638,17.647694370201638,17.647694370201638,17.647694370201638,17.647694370201638,17.647694370201638,17.647694370201638,17.647694370201638,17.647694370201638,17.647694370201638,17.647694370201638,17.647694370201638,17.647694370201638,17.647694370201638,17.647694370201638,17.647694370201638,18.998524077057134,18.998524077057134,18.998524077057134,18.998524077057134,18.998524077057134,18.998524077057134,18.998524077057134,18.998524077057134,18.998524077057134,18.998524077057134,18.973990239786392,18.974680378715842,18.9748900769456,18.97460459484112,18.973802945982833,18.972456854639344,18.970529342705767,18.967972818525695,18.966177105885183,18.96423005974807,19.607159737408388,19.604293134419258,19.60099280552301,19.59727198921894,19.59314126734385,19.588608840363747,19.583680751329563,19.578361066956067,19.57265202247897,19.566554135524225,19.532540717872468,19.532540717872468,19.532540717872468,19.532540717872468,19.532540717872468,19.532540717872468,19.532540717872468,19.532540717872468,19.532540717872468,19.532540717872468,18.181711011016972,18.181711011016972,18.181711011016972,18.181711011016972,18.181711011016972,18.181711011016972,18.181711011016972,18.181711011016972,18.181711011016972,18.181711011016972,18.181711011016972,18.181711011016972,18.181711011016972,18.181711011016972,18.181711011016972,18.181711011016972,18.181711011016972,18.181711011016972,18.181711011016972,17.647694370201638
0.28787878787878796,17.647694370201638,17.647694370201638,17.647694370201638,17.647694370201638,17.647694370201638,17.647694370201638,17.647694370201638,17.647694370201638,17.647694370201638,17.647694370201638,17.647694370201638,17.647694370201638,17.647694370201638,17.647694370201638,17.647694370201638,17.647694370201638,17.647694370201638,17.647694370201638,17.647694370201638,17.647694370201638,17.647694370201638,17.647694370201638,17.647694370201638,17.647694370201638,17.647694370201638,17.647694370201638,17.647694370201638,17.647694370201638,17.647694370201638,17.647694370201638,17.647694370201638,17.647694370201638,17.647694370201638,17.647694370201638,17.647694370201638,17.647694370201638,17.647694370201638,17.647694370201638,17.647694370201638,17.647694370201638,18.998524077057134,18.998524077057134,18.998524077057134,18.998524077057134,18.998524077057134,18.998524077057134,18.998524077057134,18.998524077057134,18.998524077057134,18.998524077057134,18.96853759187575,18.969774271925253,18.970538071980283,18.9708200911926,18.970605955936016,18.969875070649387,18.968599589166672,18.96674301938576,18.96425833550747,18.96248537255694,19.60589536534165,19.603489757149887,19.600634347871498,19.597345230390122,19.593635521708528,19.58951569682699,19.584993861146547,19.580075972032866,19.57476601789271,19.569066161334217,19.532540717872468,19.532540717872468,19.532540717872468,19.532540717872468,19.532540717872468,19.532540717872468,19.532540717872468,19.532540717872468,19.532540717872468,19.532540717872468,18.181711011016972,18.181711011016972,18.181711011016972,18.181711011016972,18.181711011016972,18.181711011016972,18.181711011016972,18.181711011016972,18.181711011016972,18.181711011016972,18.181711011016972,18.181711011016972,18.181711011016972,18.181711011016972,18.181711011016972,18.181711011016972,18.181711011016972,18.181711011016972,18.181711011016972,17.647694370201638
0.297979797979798,17.647694370201638,17.647694370201638,17.647694370201638,17.647694370201638,17.647694370201638,17.647694370201638,17.647694370201638,17.647694370201638,17.647694370201638,17.647694370201638,17.647694370201638,17.647694370201638,17.647694370201638,17.647694370201638,17.647694370201638,17.647694370201638,17.647694370201638,17.647694370201638,17.647694370201638,17.647694370201638,17.647694370201638,17.647694370201638,17.647694370201638,17.647694370201638,17.647694370201638,17.647694370201638,17.647694370201638,17.647694370201638,17.647694370201638,17.647694370201638,17.647694370201638,17.647694370201638,17.647694370201638,17.647694370201638,17.647694370201638,17.647694370201638,17.647694370201638,17.647694370201638,17.647694370201638,17.647694370201638,18.998524077057134,18.998524077057134,18.998524077057134,18.998524077057134,18.998524077057134,18.998524077057134,18.998524077057134,18.998524077057134,18.998524077057134,18.998524077057134,18.96254858508981,18.964329753855132,18.96564005647189,18.966475873029776,18.966828646037865,18.96668435943813,18.96602280046411,18.96481654459267,18.963029577670067,18.96061543122744,19.60421040928356,19.602283727138044,19.599888110957522,19.59704287587986,19.59376397459513,19.59006440199356,19.585954525550193,19.581442354861714,19.57653376083463,19.57123265277123,19.532540717872468,19.532540717872468,19.532540717872468,19.532540717872468,19.532540717872468,19.532540717872468,19.532540717872468,19.532540717872468,19.532540717872468,19.532540717872468,18.181711011016972,18.181711011016972,18.181711011016972,18.181711011016972,18.181711011016972,18.181711011016972,18.181711011016972,18.181711011016972,18.181711011016972,18.181711011016972,18.181711011016972,18.181711011016972,18.181711011016972,18.181711011016972,18.181711011016972,18.181711011016972,18.181711011016972,18.181711011016972,18.181711011016972,17.647694370201638
0.3080808080808082,18.996187737688693,18.996187737688693,18.996187737688693,18.996187737688693,18.996187737688693,18.996187737688693,18.996187737688693,18.996187737688693,18.996187737688693,18.996187737688693,18.996187737688693,18.996187737688693,18.996187737688693,18.996187737688693,18.996187737688693,18.996187737688693,18.996187737688693,18.996187737688693,18.996187737688693,18.996187737688693,18.996187737688693,18.996187737688693,18.996187737688693,18.996187737688693,18.996187737688693,18.996187737688693,18.996187737688693,18.996187737688693,18.996187737688693,18.996187737688693,18.996187737688693,18.996187737688693,18.996187737688693,18.996187737688693,18.996187737688693,18.996187737688693,18.996187737688693,18.996187737688693,18.996187737688693,18.996187737688693,18.996187737688693,18.996187737688693,18.996187737688693,18.996187737688693,18.996187737688693,18.996187737688693,18.996187737688693,18.996187737688693,18.996187737688693,18.996187737688693,19.08865709316014,19.09098612031027,19.092841121863867,19.094223402083966,19.095129670425894,19.09555170439674,19.0954758376551,19.09488223268325,19.09374387913864,19.092025233175725,19.089680375508976,19.087949569169616,19.08603151217854,19.08364488923782,19.080808852641976,19.077539214469247,19.07384884697085,19.069748009491647,19.065244615162722,19.060344447730543,19.059593724712137,19.059593724712137,19.059593724712137,19.059593724712137,19.059593724712137,19.059593724712137,19.059593724712137,19.059593724712137,19.059593724712137,19.105583903649716,19.059593724712137,19.059593724712137,19.059593724712137,19.059593724712137,19.059593724712137,19.059593724712137,19.059593724712137,19.059593724712137,19.059593724712137,19.059593724712137,19.059593724712137,19.059593724712137,19.059593724712137,19.059593724712137,19.059593724712137,19.059593724712137,19.059593724712137,19.059593724712137,19.059593724712137,18.996187737688693
0.31818181818181823,18.996187737688693,18.996187737688693,18.996187737688693,18.996187737688693,18.996187737688693,18.996187737688693,18.996187737688693,18.996187737688693,18.996187737688693,18.996187737688693,18.996187737688693,18.996187737688693,18.996187737688693,18.996187737688693,18.996187737688693,18.996187737688693,18.996187737688693,18.996187737688693,18.996187737688693,18.996187737688693,18.996187737688693,18.996187737688693,18.996187737688693,18.996187737688693,18.996187737688693,18.996187737688693,18.996187737688693,18.996187737688693,18.996187737688693,18.996187737688693,18.996187737688693,18.996187737688693,18.996187737688693,18.996187737688693,18.996187737688693,18.996187737688693,18.996187737688693,18.996187737688693,18.996187737688693,18.996187737688693,18.996187737688693,18.996187737688693,18.996187737688693,18.996187737688693,18.996187737688693,18.996187737688693,18.996187737688693,18.996187737688693,18.996187737688693,18.996187737688693,19.081576248895114,19.084461717608793,19.086865025245825,19.088792212413587,19.09024490594171,19.091220136290843,19.09171000821855,19.091701197783962,19.091174235644676,19.09010251859764,19.088450965846096,19.08617419949166,19.08446289698204,19.08255248788202,19.0801739025115,19.077346130144402,19.074084841916502,19.070402786995675,19.066310116068614,19.061814645211616,19.059593724712137,19.059593724712137,19.059593724712137,19.059593724712137,19.059593724712137,19.059593724712137,19.059593724712137,19.059593724712137,19.105583903649716,19.105583903649716,19.059593724712137,19.059593724712137,19.059593724712137,19.059593724712137,19.059593724712137,19.059593724712137,19.059593724712137,19.059593724712137,19.059593724712137,19.059593724712137,19.059593724712137,19.059593724712137,19.059593724712137,19.059593724712137,19.059593724712137,19.059593724712137,19.059593724712137,19.059593724712137,18.135190118934897,18.996187737688693
0.3282828282828284,18.996187737688693,18.996187737688693,18.996187737688693,18.996187737688693,18.996187737688693,18.996187737688693,18.996187737688693,18.996187737688693,18.996187737688693,18.996187737688693,18.996187737688693,18.996187737688693,18.996187737688693,18.996187737688693,18.996187737688693,18.996187737688693,18.996187737688693,18.996187737688693,18.996187737688693,18.996187737688693,18.996187737688693,18.996187737688693,18.996187737688693,18.996187737688693,18.996187737688693,18.996187737688693,18.996187737688693,18.996187737688693,18.996187737688693,18.996187737688693,18.996187737688693,18.996187737688693,18.996187737688693,18.996187737688693,18.996187737688693,18.996187737688693,18.996187737688693,18.996187737688693,18.996187737688693,18.996187737688693,18.996187737688693,18.996187737688693,18.996187737688693,18.996187737688693,18.996187737688693,18.996187737688693,18.996187737688693,18.996187737688693,18.996187737688693,18.996187737688693,19.073929155409736,19.077384815893463,19.080345245575376,19.08282118268241,19.08481898983573,19.08634060800931,19.087383380946317,19.08793973346305,19.087996677191,19.08753510432149,19.08652881213618,19.08494317597823,19.08273335186472,19.08104056377487,19.07913686773395,19.076765405082572,19.07394500198193,19.0706911883749,19.067016589977207,19.062931248360147,19.059593724712137,19.059593724712137,19.059593724712137,19.059593724712137,19.059593724712137,19.059593724712137,19.059593724712137,19.105583903649716,19.105583903649716,19.105583903649716,19.059593724712137,19.059593724712137,19.059593724712137,19.059593724712137,19.059593724712137,19.059593724712137,19.059593724712137,19.059593724712137,19.059593724712137,19.059593724712137,19.059593724712137,19.059593724712137,19.059593724712137,19.059593724712137,19.059593724712137,19.059593724712137,19.059593724712137,18.135190118934897,18.135190118934897,18.996187737688693
0.33838383838383845,18.996187737688693,18.996187737688693,18.996187737688693,18.996187737688693,18.996187737688693,18.996187737688693,18.996187737688693,18.996187737688693,18.996187737688693,18.996187737688693,18.996187737688693,18.996187737688693,18.996187737688693,18.996187737688693,18.996187737688693,18.996187737688693,18.996187737688693,18.996187737688693,18.996187737688693,18.996187737688693,18.996187737688693,18.996187737688693,18.996187737688693,18.996187737688693,18.996187737688693,18.996187737688693,18.996187737688693,18.996187737688693,18.996187737688693,18.996187737688693,18.996187737688693,18.996187737688693,18.996187737688693,18.996187737688693,18.996187737688693,18.996187737688693,18.996187737688693,18.996187737688693,18.996187737688693,18.996187737688693,18.996187737688693,18.996187737688693,18.996187737688693,18.996187737688693,18.996187737688693,18.996187737688693,18.996187737688693,18.996187737688693,18.996187737688693,18.996187737688693,19.065695005112854,19.069739878967127,19.073271414984177,19.07630514934557,19.07885214744186,19.08091908537842,19.082508210517112,19.083617172739412,19.084238710234402,19.08436016382301,19.083962780983967,19.083020753183675,19.081499905319575,19.079355920153255,19.07768069923843,19.075782821612414,19.073417605511366,19.070603713969376,19.067356535559536,19.063688572245844,19.059593724712137,19.059593724712137,19.059593724712137,19.059593724712137,19.059593724712137,19.059593724712137,19.105583903649716,19.105583903649716,19.105583903649716,19.105583903649716,19.059593724712137,19.059593724712137,19.059593724712137,19.059593724712137,19.059593724712137,19.059593724712137,19.059593724712137,19.059593724712137,19.059593724712137,19.059593724712137,19.059593724712137,19.059593724712137,19.059593724712137,19.059593724712137,19.059593724712137,19.059593724712137,18.135190118934897,18.135190118934897,18.135190118934897,18.996187737688693
0.3484848484848485,18.996187737688693,18.996187737688693,18.996187737688693,18.996187737688693,18.996187737688693,18.996187737688693,18.996187737688693,18.996187737688693,18.996187737688693,18.996187737688693,18.996187737688693,18.996187737688693,18.996187737688693,18.996187737688693,18.996187737688693,18.996187737688693,18.996187737688693,18.996187737688693,18.996187737688693,18.996187737688693,18.996187737688693,18.996187737688693,18.996187737688693,18.996187737688693,18.996187737688693,18.996187737688693,18.996187737688693,18.996187737688693,18.996187737688693,18.996187737688693,18.996187737688693,18.996187737688693,18.996187737688693,18.996187737688693,18.996187737688693,18.996187737688693,18.996187737688693,18.996187737688693,18.996187737688693,18.996187737688693,18.996187737688693,18.996187737688693,18.996187737688693,18.996187737688693,18.996187737688693,18.996187737688693,18.996187737688693,18.996187737688693,18.996187737688693,18.996187737688693,19.05684726177486,19.061505895052495,19.065627800135548,19.069233548881144,19.07233901527617,19.07495558320477,19.077090234423512,19.078745515529345,19.07991937592379,19.080604860943772,19.080789634623684,19.08045529384574,19.079576418287495,19.078119276113632,19.07604006993832,19.074381508895026,19.072488593127844,19.07012878409014,19.0673205817456,19.06407923318802,19.059593724712137,19.059593724712137,19.059593724712137,19.059593724712137,19.059593724712137,19.105583903649716,19.105583903649716,19.105583903649716,19.105583903649716,19.105583903649716,19.059593724712137,19.059593724712137,19.059593724712137,19.059593724712137,19.059593724712137,19.059593724712137,19.059593724712137,19.059593724712137,19.059593724712137,19.059593724712137,19.059593724712137,19.059593724712137,19.059593724712137,19.059593724712137,19.059593724712137,18.135190118934897,18.135190118934897,18.135190118934897,18.135190118934897,18.996187737688693
0.3585858585858587,18.996187737688693,18.996187737688693,18.996187737688693,18.996187737688693,18.996187737688693,18.996187737688693,18.996187737688693,18.996187737688693,18.996187737688693,18.996187737688693,18.996187737688693,18.996187737688693,18.996187737688693,18.996187737688693,18.996187737688693,18.996187737688693,18.996187737688693,18.996187737688693,18.996187737688693,18.996187737688693,18.996187737688693,18.996187737688693,18.996187737688693,18.996187737688693,18.996187737688693,18.996187737688693,18.996187737688693,18.996187737688693,18.996187737688693,18.996187737688693,18.996187737688693,18.996187737688693,18.996187737688693,18.996187737688693,18.996187737688693,18.996187737688693,18.996187737688693,18.996187737688693,18.996187737688693,18.996187737688693,18.996187737688693,18.996187737688693,18.996187737688693,18.996187737688693,18.996187737688693,18.996187737688693,18.996187737688693,18.996187737688693,18.996187737688693,18.996187737688693,19.04735323815161,19.052656109397677,19.057393183592634,19.061590449517926,19.065268833056237,19.068444537166346,19.07112925628581,19.073330270620403,19.075050419397535,19.076287945399333,19.077036195306455,19.07728315076331,19.077010752504396,19.076193962745588,19.074799486907942,19.072784040825738,19.071141270210628,19.06925249586786,19.066897289213674,19.064093987262982,19.059593724712137,19.059593724712137,19.059593724712137,19.059593724712137,19.105583903649716,19.105583903649716,19.105583903649716,19.105583903649716,19.105583903649716,19.105583903649716,19.059593724712137,19.059593724712137,19.059593724712137,19.059593724712137,19.059593724712137,19.059593724712137,19.059593724712137,19.059593724712137,19.059593724712137,19.059593724712137,19.059593724712137,19.059593724712137,19.059593724712137,19.059593724712137,18.135190118934897,18.135190118934897,18.135190118934897,18.135190118934897,18.135190118934897,18.996187737688693
0.36868686868686873,18.996187737688693,18.996187737688693,18.996187737688693,18.996187737688693,18.996187737688693,18.996187737688693,18.996187737688693,18.996187737688693,18.996187737688693,18.996187737688693,18.996187737688693,18.996187737688693,18.996187737688693,18.996187737688693,18.996187737688693,18.996187737688693,18.996187737688693,18.996187737688693,18.996187737688693,18.996187737688693,18.996187737688693,18.996187737688693,18.996187737688693,18.996187737688693,18.996187737688693,18.996187737688693,18.996187737688693,18.996187737688693,18.996187737688693,18.996187737688693,18.996187737688693,18.996187737688693,18.996187737688693,18.996187737688693,18.996187737688693,18.996187737688693,18.996187737688693,18.996187737688693,18.996187737688693,18.996187737688693,18.996187737688693,18.996187737688693,18.996187737688693,18.996187737688693,18.996187737688693,18.996187737688693,18.996187737688693,18.996187737688693,18.996187737688693,18.996187737688693,19.03717349738396,19.043157595568506,19.04854059047571,19.053354426737336,19.05762546933657,19.061374989171327,19.064619510104695,19.067371029848083,19.069637120426908,19.071420907593012,19.07272092180633,19.073530805671894,19.07383885318215,19.073627343678698,19.072871616520352,19.07153880862959,19.06958614266991,19.067958328950816,19.066072909876485,19.06372153397491,19.059593724712137,19.059593724712137,19.059593724712137,19.105583903649716,19.105583903649716,19.105583903649716,19.105583903649716,19.105583903649716,19.105583903649716,19.105583903649716,19.059593724712137,19.059593724712137,19.059593724712137,19.059593724712137,19.059593724712137,19.059593724712137,19.059593724712137,19.059593724712137,19.059593724712137,19.059593724712137,19.059593724712137,19.059593724712137,19.059593724712137,18.135190118934897,18.135190118934897,18.135190118934897,18.135190118934897,18.135190118934897,18.135190118934897,18.996187737688693
0.3787878787878789,18.996187737688693,18.996187737688693,18.996187737688693,18.996187737688693,18.996187737688693,18.996187737688693,18.996187737688693,18.996187737688693,18.996187737688693,18.996187737688693,18.996187737688693,18.996187737688693,18.996187737688693,18.996187737688693,18.996187737688693,18.996187737688693,18.996187737688693,18.996187737688693,18.996187737688693,18.996187737688693,18.996187737688693,18.996187737688693,18.996187737688693,18.996187737688693,18.996187737688693,18.996187737688693,18.996187737688693,18.996187737688693,18.996187737688693,18.996187737688693,18.996187737688693,18.996187737688693,18.996187737688693,18.996187737688693,18.996187737688693,18.996187737688693,18.996187737688693,18.996187737688693,18.996187737688693,18.996187737688693,18.996187737688693,18.996187737688693,18.996187737688693,18.996187737688693,18.996187737688693,18.996187737688693,18.996187737688693,18.996187737688693,18.996187737688693,18.996187737688693,19.02626105292711,19.03297064977562,19.039036853398308,19.044498283969364,19.04938729114248,19.053730606911447,19.057549838983718,19.060861824751633,19.06367885851969,19.066008798023606,19.067855049887818,19.069216426946006,19.070086862660464,19.07045495842327,19.070303327219655,19.069607680412464,19.06833558090813,19.066444752033757,19.064831095762962,19.062948278350493,19.059593724712137,19.059593724712137,19.105583903649716,19.105583903649716,19.105583903649716,19.105583903649716,19.105583903649716,19.105583903649716,19.105583903649716,19.105583903649716,19.059593724712137,19.059593724712137,19.059593724712137,19.059593724712137,19.059593724712137,19.059593724712137,19.059593724712137,19.059593724712137,19.059593724712137,19.059593724712137,19.059593724712137,19.059593724712137,18.135190118934897,18.135190118934897,18.135190118934897,18.135190118934897,18.135190118934897,18.135190118934897,18.135190118934897,18.996187737688693
0.38888888888888895,18.996187737688693,18.996187737688693,18.996187737688693,18.996187737688693,18.996187737688693,18.996187737688693,18.996187737688693,18.996187737688693,18.996187737688693,18.996187737688693,18.996187737688693,18.996187737688693,18.996187737688693,18.996187737688693,18.996187737688693,18.996187737688693,18.996187737688693,18.996187737688693,18.996187737688693,18.996187737688693,18.996187737688693,18.996187737688693,18.996187737688693,18.996187737688693,18.996187737688693,18.996187737688693,18.996187737688693,18.996187737688693,18.996187737688693,18.996187737688693,18.996187737688693,18.996187737688693,18.996187737688693,18.996187737688693,18.996187737688693,18.996187737688693,18.996187737688693,18.996187737688693,18.996187737688693,18.996187737688693,18.996187737688693,18.996187737688693,18.996187737688693,18.996187737688693,18.996187737688693,18.996187737688693,18.996187737688693,18.996187737688693,18.996187737688693,18.996187737688693,19.01456032990692,19.022047982594344,19.02884199968428,19.034988611147682,19.040526878691438,19.045489547625976,19.04990370861093,19.053791298684526,19.05716946202059,19.060050783379573,19.062443400571638,19.064350995856366,19.065772659501803,19.06670261108335,19.067129754732598,19.067037032374806,19.066400522475252,19.065188208627585,19.06335830886741,19.061758042968155,19.059593724712137,19.105583903649716,19.105583903649716,19.105583903649716,19.105583903649716,19.105583903649716,19.105583903649716,19.105583903649716,19.105583903649716,19.105583903649716,19.059593724712137,19.059593724712137,19.059593724712137,19.059593724712137,19.059593724712137,19.059593724712137,19.059593724712137,19.059593724712137,19.059593724712137,19.059593724712137,19.059593724712137,18.135190118934897,18.135190118934897,18.135190118934897,18.135190118934897,18.135190118934897,18.135190118934897,18.135190118934897,18.135190118934897,18.996187737688693
0.3989898989898991,18.996187737688693,18.996187737688693,18.996187737688693,18.996187737688693,18.996187737688693,18.996187737688693,18.996187737688693,18.996187737688693,18.996187737688693,18.996187737688693,18.996187737688693,18.996187737688693,18.996187737688693,18.996187737688693,18.996187737688693,18.996187737688693,18.996187737688693,18.996187737688693,18.996187737688693,18.996187737688693,18.996187737688693,18.996187737688693,18.996187737688693,18.996187737688693,18.996187737688693,18.996187737688693,18.996187737688693,18.996187737688693,18.996187737688693,18.996187737688693,18.996187737688693,18.996187737688693,18.996187737688693,18.996187737688693,18.996187737688693,18.996187737688693,18.996187737688693,18.996187737688693,18.996187737688693,18.996187737688693,18.996187737688693,18.996187737688693,18.996187737688693,18.996187737688693,18.996187737688693,18.996187737688693,18.996187737688693,18.996187737688693,18.996187737688693,18.996187737688693,19.00200583586831,19.010333670490013,19.017908434825216,19.024785164778883,19.031010577542247,19.03662416683518,19.04165906515097,19.046142714234342,19.050097373633488,19.053540488124952,19.0564849272825,19.05893910378641,19.060906970672594,19.06238789103808,19.063376366123805,19.06386159840614,19.06382685428679,19.063248574651848,19.062095158690866,19.06032531338972,19.105583903649716,19.105583903649716,19.105583903649716,19.105583903649716,19.105583903649716,19.105583903649716,19.105583903649716,19.105583903649716,19.105583903649716,19.105583903649716,19.059593724712137,19.059593724712137,19.059593724712137,19.059593724712137,19.059593724712137,19.059593724712137,19.059593724712137,19.059593724712137,19.059593724712137,19.059593724712137,18.135190118934897,18.135190118934897,18.135190118934897,18.135190118934897,18.135190118934897,18.135190118934897,18.135190118934897,18.135190118934897,18.135190118934897,18.996187737688693
0.40909090909090917,18.996187737688693,18.996187737688693,18.996187737688693,18.996187737688693,18.996187737688693,18.996187737688693,18.996187737688693,18.996187737688693,18.996187737688693,18.996187737688693,18.996187737688693,18.996187737688693,18.996187737688693,18.996187737688693,18.996187737688693,18.996187737688693,18.996187737688693,18.996187737688693,18.996187737688693,18.996187737688693,18.996187737688693,18.996187737688693,18.996187737688693,18.996187737688693,18.996187737688693,18.996187737688693,18.996187737688693,18.996187737688693,18.996187737688693,18.996187737688693,18.996187737688693,18.996187737688693,18.996187737688693,18.996187737688693,18.996187737688693,18.996187737688693,18.996187737688693,18.996187737688693,18.996187737688693,18.996187737688693,18.996187737688693,18.996187737688693,18.996187737688693,18.996187737688693,18.996187737688693,18.996187737688693,18.996187737688693,18.996187737688693,18.996187737688693,18.996187737688693,18.996187737688693,18.996187737688693,18.996187737688693,18.996187737688693,18.996187737688693,18.996187737688693,18.996187737688693,18.996187737688693,18.996187737688693,18.996187737688693,19.059593724712137,19.059593724712137,19.059593724712137,19.059593724712137,19.059593724712137,19.059593724712137,19.059593724712137,19.059593724712137,19.059593724712137,19.105583903649716,19.105583903649716,19.105583903649716,19.105583903649716,19.105583903649716,19.105583903649716,19.105583903649716,19.105583903649716,19.105583903649716,19.105583903649716,19.105583903649716,19.059593724712137,19.059593724712137,19.059593724712137,19.059593724712137,19.059593724712137,19.059593724712137,19.059593724712137,19.059593724712137,19.059593724712137,18.135190118934897,18.135190118934897,18.135190118934897,18.135190118934897,18.135190118934897,18.135190118934897,18.135190118934897,18.135190118934897,18.135190118934897,18.135190118934897,18.996187737688693
0.4191919191919192,18.996187737688693,18.996187737688693,18.996187737688693,18.996187737688693,18.996187737688693,18.996187737688693,18.996187737688693,18.996187737688693,18.996187737688693,18.996187737688693,18.996187737688693,18.996187737688693,18.996187737688693,18.996187737688693,18.996187737688693,18.996187737688693,18.996187737688693,18.996187737688693,18.996187737688693,18.996187737688693,18.996187737688693,18.996187737688693,18.996187737688693,18.996187737688693,18.996187737688693,18.996187737688693,18.996187737688693,18.996187737688693,18.996187737688693,18.996187737688693,18.996187737688693,18.996187737688693,18.996187737688693,18.996187737688693,18.996187737688693,18.996187737688693,18.996187737688693,18.996187737688693,18.996187737688693,18.996187737688693,18.996187737688693,18.996187737688693,18.996187737688693,18.996187737688693,18.996187737688693,18.996187737688693,18.996187737688693,18.996187737688693,18.996187737688693,18.996187737688693,18.996187737688693,18.996187737688693,18.996187737688693,18.996187737688693,18.996187737688693,18.996187737688693,18.996187737688693,18.996187737688693,18.996187737688693,18.996187737688693,19.059593724712137,19.059593724712137,19.059593724712137,19.059593724712137,19.059593724712137,19.059593724712137,19.059593724712137,19.059593724712137,19.105583903649716,19.105583903649716,19.105583903649716,19.105583903649716,19.105583903649716,19.105583903649716,19.105583903649716,19.105583903649716,19.105583903649716,19.105583903649716,19.105583903649716,19.105583903649716,19.059593724712137,19.059593724712137,19.059593724712137,19.059593724712137,19.059593724712137,19.059593724712137,19.059593724712137,19.059593724712137,18.135190118934897,18.135190118934897,18.135190118934897,18.135190118934897,18.135190118934897,18.135190118934897,18.135190118934897,18.135190118934897,18.135190118934897,18.135190118934897,18.135190118934897,18.996187737688693
0.4292929292929294,18.996187737688693,18.996187737688693,18.996187737688693,18.996187737688693,18.996187737688693,18.996187737688693,18.996187737688693,18.996187737688693,18.996187737688693,18.996187737688693,18.996187737688693,18.996187737688693,18.996187737688693,18.996187737688693,18.996187737688693,18.996187737688693,18.996187737688693,18.996187737688693,18.996187737688693,18.996187737688693,18.996187737688693,18.996187737688693,18.996187737688693,18.996187737688693,18.996187737688693,18.996187737688693,18.996187737688693,18.996187737688693,18.996187737688693,18.996187737688693,18.996187737688693,18.996187737688693,18.996187737688693,18.996187737688693,18.996187737688693,18.996187737688693,18.996187737688693,18.996187737688693,18.996187737688693,18.996187737688693,18.996187737688693,18.996187737688693,18.996187737688693,18.996187737688693,18.996187737688693,18.996187737688693,18.996187737688693,18.996187737688693,18.996187737688693,18.996187737688693,18.996187737688693,18.996187737688693,18.996187737688693,18.996187737688693,18.996187737688693,18.996187737688693,18.996187737688693,18.996187737688693,18.996187737688693,18.996187737688693,19.059593724712137,19.059593724712137,19.059593724712137,19.059593724712137,19.059593724712137,19.059593724712137,19.059593724712137,19.105583903649716,19.105583903649716,19.105583903649716,19.105583903649716,19.105583903649716,19.105583903649716,19.105583903649716,19.105583903649716,19.105583903649716,19.105583903649716,19.105583903649716,19.105583903649716,19.105583903649716,19.059593724712137,19.059593724712137,19.059593724712137,19.059593724712137,19.059593724712137,19.059593724712137,19.059593724712137,18.135190118934897,18.135190118934897,18.135190118934897,18.135190118934897,18.135190118934897,18.135190118934897,18.135190118934897,18.135190118934897,18.135190118934897,18.135190118934897,18.135190118934897,18.135190118934897,18.996187737688693
0.43939393939393945,18.996187737688693,18.996187737688693,18.996187737688693,18.996187737688693,18.996187737688693,18.996187737688693,18.996187737688693,18.996187737688693,18.996187737688693,18.996187737688693,18.996187737688693,18.996187737688693,18.996187737688693,18.996187737688693,18.996187737688693,18.996187737688693,18.996187737688693,18.996187737688693,18.996187737688693,18.996187737688693,18.996187737688693,18.996187737688693,18.996187737688693,18.996187737688693,18.996187737688693,18.996187737688693,18.996187737688693,18.996187737688693,18.996187737688693,18.996187737688693,18.996187737688693,18.996187737688693,18.996187737688693,18.996187737688693,18.996187737688693,18.996187737688693,18.996187737688693,18.996187737688693,18.996187737688693,18.996187737688693,18.996187737688693,18.996187737688693,18.996187737688693,18.996187737688693,18.996187737688693,18.996187737688693,18.996187737688693,18.996187737688693,18.996187737688693,18.996187737688693,18.996187737688693,18.996187737688693,18.996187737688693,18.996187737688693,18.996187737688693,18.996187737688693,18.996187737688693,18.996187737688693,18.996187737688693,18.996187737688693,19.059593724712137,19.059593724712137,19.059593724712137,19.059593724712137,19.059593724712137,19.059593724712137,19.105583903649716,19.105583903649716,19.105583903649716,19.105583903649716,19.105583903649716,19.105583903649716,19.105583903649716,19.105583903649716,19.105583903649716,19.105583903649716,19.105583903649716,19.105583903649716,19.105583903649716,19.105583903649716,19.059593724712137,19.059593724712137,19.059593724712137,19.059593724712137,19.059593724712137,19.059593724712137,18.135190118934897,18.135190118934897,18.135190118934897,18.135190118934897,18.135190118934897,18.135190118934897,18.135190118934897,18.135190118934897,18.135190118934897,18.135190118934897,18.135190118934897,18.135190118934897,18.135190118934897,18.996187737688693
0.4494949494949496,18.996187737688693,18.996187737688693,18.996187737688693,18.996187737688693,18.996187737688693,18.996187737688693,18.996187737688693,18.996187737688693,18.996187737688693,18.996187737688693,18.996187737688693,18.996187737688693,18.996187737688693,18.996187737688693,18.996187737688693,18.996187737688693,18.996187737688693,18.996187737688693,18.996187737688693,18.996187737688693,18.996187737688693,18.996187737688693,18.996187737688693,18.996187737688693,18.996187737688693,18.996187737688693,18.996187737688693,18.996187737688693,18.996187737688693,18.996187737688693,18.996187737688693,18.996187737688693,18.996187737688693,18.996187737688693,18.996187737688693,18.996187737688693,18.996187737688693,18.996187737688693,18.996187737688693,18.996187737688693,18.996187737688693,18.996187737688693,18.996187737688693,18.996187737688693,18.996187737688693,18.996187737688693,18.996187737688693,18.996187737688693,18.996187737688693,18.996187737688693,18.996187737688693,18.996187737688693,18.996187737688693,18.996187737688693,18.996187737688693,18.996187737688693,18.996187737688693,18.996187737688693,18.996187737688693,18.996187737688693,19.059593724712137,19.059593724712137,19.059593724712137,19.059593724712137,19.059593724712137,19.105583903649716,19.105583903649716,19.105583903649716,19.105583903649716,19.105583903649716,19.105583903649716,19.105583903649716,19.105583903649716,19.105583903649716,19.105583903649716,19.105583903649716,19.105583903649716,19.105583903649716,19.105583903649716,19.105583903649716,19.059593724712137,19.059593724712137,19.059593724712137,19.059593724712137,19.059593724712137,18.135190118934897,18.135190118934897,18.135190118934897,18.135190118934897,18.135190118934897,18.135190118934897,18.135190118934897,18.135190118934897,18.135190118934897,18.135190118934897,18.135190118934897,18.135190118934897,18.135190118934897,18.135190118934897,18.996187737688693
0.45959595959595967,18.996187737688693,18.996187737688693,18.996187737688693,18.996187737688693,18.996187737688693,18.996187737688693,18.996187737688693,18.996187737688693,18.996187737688693,18.996187737688693,18.996187737688693,18.996187737688693,18.996187737688693,18.996187737688693,18.996187737688693,18.996187737688693,18.996187737688693,18.996187737688693,18.996187737688693,18.996187737688693,18.996187737688693,18.996187737688693,18.996187737688693,18.996187737688693,18.996187737688693,18.996187737688693,18.996187737688693,18.996187737688693,18.996187737688693,18.996187737688693,18.996187737688693,18.996187737688693,18.996187737688693,18.996187737688693,18.996187737688693,18.996187737688693,18.996187737688693,18.996187737688693,18.996187737688693,18.996187737688693,18.996187737688693,18.996187737688693,18.996187737688693,18.996187737688693,18.996187737688693,18.996187737688693,18.996187737688693,18.996187737688693,18.996187737688693,18.996187737688693,18.996187737688693,18.996187737688693,18.996187737688693,18.996187737688693,18.996187737688693,18.996187737688693,18.996187737688693,18.996187737688693,18.996187737688693,18.996187737688693,19.059593724712137,19.059593724712137,19.059593724712137,19.059593724712137,19.105583903649716,19.105583903649716,19.105583903649716,19.105583903649716,19.105583903649716,19.105583903649716,19.105583903649716,19.105583903649716,19.105583903649716,19.105583903649716,19.105583903649716,19.105583903649716,19.105583903649716,19.105583903649716,19.105583903649716,19.105583903649716,19.059593724712137,19.059593724712137,19.059593724712137,19.059593724712137,18.135190118934897,18.135190118934897,18.135190118934897,18.135190118934897,18.135190118934897,18.135190118934897,18.135190118934897,18.135190118934897,18.135190118934897,18.135190118934897,18.135190118934897,18.135190118934897,18.135190118934897,18.135190118934897,18.135190118934897,18.996187737688693
0.4696969696969697,18.996187737688693,18.996187737688693,18.996187737688693,18.996187737688693,18.996187737688693,18.996187737688693,18.996187737688693,18.996187737688693,18.996187737688693,18.996187737688693,18.996187737688693,18.996187737688693,18.996187737688693,18.996187737688693,18.996187737688693,18.996187737688693,18.996187737688693,18.996187737688693,18.996187737688693,18.996187737688693,18.996187737688693,18.996187737688693,18.996187737688693,18.996187737688693,18.996187737688693,18.996187737688693,18.996187737688693,18.996187737688693,18.996187737688693,18.996187737688693,18.996187737688693,18.996187737688693,18.996187737688693,18.996187737688693,18.996187737688693,18.996187737688693,18.996187737688693,18.996187737688693,18.996187737688693,18.996187737688693,18.996187737688693,18.996187737688693,18.996187737688693,18.996187737688693,18.996187737688693,18.996187737688693,18.996187737688693,18.996187737688693,18.996187737688693,18.996187737688693,18.996187737688693,18.996187737688693,18.996187737688693,18.996187737688693,18.996187737688693,18.996187737688693,18.996187737688693,18.996187737688693,18.996187737688693,18.996187737688693,19.059593724712137,19.059593724712137,19.059593724712137,19.105583903649716,19.105583903649716,19.105583903649716,19.105583903649716,19.105583903649716,19.105583903649716,19.105583903649716,19.105583903649716,19.105583903649716,19.105583903649716,19.105583903649716,19.105583903649716,19.105583903649716,19.105583903649716,19.105583903649716,19.105583903649716,19.105583903649716,19.059593724712137,19.059593724712137,19.059593724712137,18.135190118934897,18.135190118934897,18.135190118934897,18.135190118934897,18.135190118934897,18.135190118934897,18.135190118934897,18.135190118934897,18.135190118934897,18.135190118934897,18.135190118934897,18.135190118934897,18.135190118934897,18.135190118934897,18.135190118934897,18.135190118934897,18.996187737688693
0.4797979797979799,18.996187737688693,18.996187737688693,18.996187737688693,18.996187737688693,18.996187737688693,18.996187737688693,18.996187737688693,18.996187737688693,18.996187737688693,18.996187737688693,18.996187737688693,18.996187737688693,18.996187737688693,18.996187737688693,18.996187737688693,18.996187737688693,18.996187737688693,18.996187737688693,18.996187737688693,18.996187737688693,18.996187737688693,18.996187737688693,18.996187737688693,18.996187737688693,18.996187737688693,18.996187737688693,18.996187737688693,18.996187737688693,18.996187737688693,18.996187737688693,18.996187737688693,18.996187737688693,18.996187737688693,18.996187737688693,18.996187737688693,18.996187737688693,18.996187737688693,18.996187737688693,18.996187737688693,18.996187737688693,18.996187737688693,18.996187737688693,18.996187737688693,18.996187737688693,18.996187737688693,18.996187737688693,18.996187737688693,18.996187737688693,18.996187737688693,18.996187737688693,18.996187737688693,18.996187737688693,18.996187737688693,18.996187737688693,18.996187737688693,18.996187737688693,18.996187737688693,18.996187737688693,18.996187737688693,18.996187737688693,19.059593724712137,19.059593724712137,19.105583903649716,19.105583903649716,19.105583903649716,19.105583903649716,19.105583903649716,19.105583903649716,19.105583903649716,19.105583903649716,19.105583903649716,19.105583903649716,19.105583903649716,19.105583903649716,19.105583903649716,19.105583903649716,19.105583903649716,19.105583903649716,19.105583903649716,19.105583903649716,19.059593724712137,19.059593724712137,18.135190118934897,18.135190118934897,18.135190118934897,18.135190118934897,18.135190118934897,18.135190118934897,18.135190118934897,18.135190118934897,18.135190118934897,18.135190118934897,18.135190118934897,18.135190118934897,18.135190118934897,18.135190118934897,18.135190118934897,18.135190118934897,18.135190118934897,18.996187737688693
0.48989898989898994,18.996187737688693,18.996187737688693,18.996187737688693,18.996187737688693,18.996187737688693,18.996187737688693,18.996187737688693,18.996187737688693,18.996187737688693,18.996187737688693,18.996187737688693,18.996187737688693,18.996187737688693,18.996187737688693,18.996187737688693,18.996187737688693,18.996187737688693,18.996187737688693,18.996187737688693,18.996187737688693,18.996187737688693,18.996187737688693,18.996187737688693,18.996187737688693,18.996187737688693,18.996187737688693,18.996187737688693,18.996187737688693,18.996187737688693,18.996187737688693,18.996187737688693,18.996187737688693,18.996187737688693,18.996187737688693,18.996187737688693,18.996187737688693,18.996187737688693,18.996187737688693,18.996187737688693,18.996187737688693,18.996187737688693,18.996187737688693,18.996187737688693,18.996187737688693,18.996187737688693,18.996187737688693,18.996187737688693,18.996187737688693,18.996187737688693,18.996187737688693,18.996187737688693,18.996187737688693,18.996187737688693,18.996187737688693,18.996187737688693,18.996187737688693,18.996187737688693,18.996187737688693,18.996187737688693,18.996187737688693,19.059593724712137,19.105583903649716,19.105583903649716,19.105583903649716,19.105583903649716,19.105583903649716,19.105583903649716,19.105583903649716,19.105583903649716,19.105583903649716,19.105583903649716,19.105583903649716,19.105583903649716,19.105583903649716,19.105583903649716,19.105583903649716,19.105583903649716,19.105583903649716,19.105583903649716,19.105583903649716,19.059593724712137,18.135190118934897,18.135190118934897,18.135190118934897,18.135190118934897,18.135190118934897,18.135190118934897,18.135190118934897,18.135190118934897,18.135190118934897,18.135190118934897,18.135190118934897,18.135190118934897,18.135190118934897,18.135190118934897,18.135190118934897,18.135190118934897,18.135190118934897,18.135190118934897,18.996187737688693
0.5,19.111420541760246,19.111420541760246,19.111420541760246,19.111420541760246,19.111420541760246,19.111420541760246,19.111420541760246,19.111420541760246,19.111420541760246,19.111420541760246,19.111420541760246,19.111420541760246,19.111420541760246,19.111420541760246,19.111420541760246,19.111420541760246,19.111420541760246,19.111420541760246,19.111420541760246,19.111420541760246,19.111420541760246,19.111420541760246,19.111420541760246,19.111420541760246,19.111420541760246,19.111420541760246,19.111420541760246,19.111420541760246,19.111420541760246,19.111420541760246,19.111420541760246,19.111420541760246,19.111420541760246,19.111420541760246,19.111420541760246,19.111420541760246,19.111420541760246,19.111420541760246,19.111420541760246,19.111420541760246,19.111420541760246,19.111420541760246,19.111420541760246,19.111420541760246,19.111420541760246,19.111420541760246,19.111420541760246,19.111420541760246,19.111420541760246,19.111420541760246,19.111420541760246,19.111420541760246,19.111420541760246,19.111420541760246,19.111420541760246,19.111420541760246,19.111420541760246,19.111420541760246,19.111420541760246,19.111420541760246,19.157410720697822,19.157410720697822,19.157410720697822,19.157410720697822,19.157410720697822,19.157410720697822,19.157410720697822,19.157410720697822,19.157410720697822,19.157410720697822,19.157410720697822,19.157410720697822,19.157410720697822,19.157410720697822,19.157410720697822,19.157410720697822,19.157410720697822,19.157410720697822,19.157410720697822,19.157410720697822,18.187016935983003,18.187016935983003,18.187016935983003,18.187016935983003,18.187016935983003,18.187016935983003,18.187016935983003,18.187016935983003,18.187016935983003,18.187016935983003,18.187016935983003,18.187016935983003,18.187016935983003,18.187016935983003,18.187016935983003,18.187016935983003,18.187016935983003,18.187016935983003,18.187016935983003,19.111420541760246
