,-0.5,-0.4898989898989899,-0.4797979797979798,-0.4696969696969697,-0.4595959595959596,-0.4494949494949495,-0.4393939393939394,-0.4292929292929293,-0.41919191919191917,-0.40909090909090906,-0.398989898989899,-0.3888888888888889,-0.3787878787878788,-0.3686868686868687,-0.35858585858585856,-0.3484848484848485,-0.33838383838383834,-0.3282828282828283,-0.3181818181818182,-0.30808080808080807,-0.29797979797979796,-0.28787878787878785,-0.2777777777777778,-0.2676767676767676,-0.25757575757575757,-0.24747474747474746,-0.23737373737373735,-0.22727272727272724,-0.21717171717171713,-0.20707070707070707,-0.19696969696969696,-0.18686868686868685,-0.17676767676767674,-0.16666666666666663,-0.15656565656565652,-0.1464646464646464,-0.13636363636363635,-0.12626262626262624,-0.11616161616161613,-0.10606060606060602,-0.09595959595959591,-0.0858585858585858,-0.07575757575757575,-0.06565656565656564,-0.055555555555555525,-0.045454545454545414,-0.035353535353535304,-0.025252525252525193,-0.015151515151515138,-0.0050505050505050275,0.005050505050505083,0.015151515151515249,0.025252525252525304,0.03535353535353536,0.045454545454545525,0.05555555555555558,0.06565656565656575,0.0757575757575758,0.08585858585858586,0.09595959595959602,0.10606060606060608,0.11616161616161624,0.1262626262626263,0.13636363636363646,0.14646464646464652,0.15656565656565657,0.16666666666666674,0.1767676767676768,0.18686868686868696,0.19696969696969702,0.20707070707070718,0.21717171717171724,0.2272727272727273,0.23737373737373746,0.24747474747474751,0.2575757575757577,0.26767676767676774,0.2777777777777778,0.28787878787878796,0.297979797979798,0.3080808080808082,0.31818181818181823,0.3282828282828284,0.33838383838383845,0.3484848484848485,0.3585858585858587,0.36868686868686873,0.3787878787878789,0.38888888888888895,0.3989898989898991,0.40909090909090917,0.4191919191919192,0.4292929292929294,0.43939393939393945,0.4494949494949496,0.45959595959595967,0.4696969696969697,0.4797979797979799,0.48989898989898994,0.5
-0.5,19.111421058032747,19.111421058032747,19.111421058032747,19.111421058032747,19.111421058032747,19.111421058032747,19.111421058032747,19.111421058032747,19.111421058032747,19.111421058032747,19.111421058032747,19.111421058032747,19.111421058032747,19.111421058032747,19.111421058032747,19.111421058032747,19.111421058032747,19.111421058032747,19.111421058032747,19.111421058032747,19.111421058032747,19.111421058032747,19.111421058032747,19.111421058032747,19.111421058032747,19.111421058032747,19.111421058032747,19.111421058032747,19.111421058032747,19.111421058032747,19.111421058032747,19.111421058032747,19.111421058032747,19.111421058032747,19.111421058032747,19.111421058032747,19.111421058032747,19.111421058032747,19.111421058032747,19.111421058032747,19.111421058032747,19.111421058032747,19.111421058032747,19.111421058032747,19.111421058032747,19.111421058032747,19.111421058032747,19.111421058032747,19.111421058032747,19.111421058032747,19.111421058032747,19.111421058032747,19.111421058032747,19.111421058032747,19.111421058032747,19.111421058032747,19.111421058032747,19.111421058032747,19.111421058032747,19.111421058032747,19.157417667260052,19.157417667260052,19.157417667260052,19.157417667260052,19.157417667260052,19.157417667260052,19.157417667260052,19.157417667260052,19.157417667260052,19.157417667260052,19.157417667260052,19.157417667260052,19.157417667260052,19.157417667260052,19.157417667260052,19.157417667260052,19.157417667260052,19.157417667260052,19.157417667260052,19.157417667260052,18.187016937895596,18.187016937895596,18.187016937895596,18.187016937895596,18.187016937895596,18.187016937895596,18.187016937895596,18.187016937895596,18.187016937895596,18.187016937895596,18.187016937895596,18.187016937895596,18.187016937895596,18.187016937895596,18.187016937895596,18.187016937895596,18.187016937895596,18.187016937895596,18.187016937895596,19.111421058032747
-0.4898989898989899,19.111421058032747,19.111421058032747,19.111421058032747,19.111421058032747,19.111421058032747,19.111421058032747,19.111421058032747,19.111421058032747,19.111421058032747,19.111421058032747,19.111421058032747,19.111421058032747,19.111421058032747,19.111421058032747,19.111421058032747,19.111421058032747,19.111421058032747,19.111421058032747,19.111421058032747,19.111421058032747,19.111421058032747,19.111421058032747,19.111421058032747,19.111421058032747,19.111421058032747,19.111421058032747,19.111421058032747,19.111421058032747,19.111421058032747,19.111421058032747,19.111421058032747,19.111421058032747,19.111421058032747,19.111421058032747,19.111421058032747,19.111421058032747,19.111421058032747,19.111421058032747,19.111421058032747,19.111421058032747,19.111421058032747,19.111421058032747,19.111421058032747,19.111421058032747,19.111421058032747,19.111421058032747,19.111421058032747,19.111421058032747,19.111421058032747,19.111421058032747,19.111421058032747,19.111421058032747,19.111421058032747,19.111421058032747,19.111421058032747,19.111421058032747,19.111421058032747,19.111421058032747,19.111421058032747,19.157417667260052,19.157417667260052,19.157417667260052,19.157417667260052,19.157417667260052,19.157417667260052,19.157417667260052,19.157417667260052,19.157417667260052,19.157417667260052,19.157417667260052,19.157417667260052,19.157417667260052,19.157417667260052,19.157417667260052,19.157417667260052,19.157417667260052,19.157417667260052,19.157417667260052,19.157417667260052,17.26898798119448,18.187016937895596,18.187016937895596,18.187016937895596,18.187016937895596,18.187016937895596,18.187016937895596,18.187016937895596,18.187016937895596,18.187016937895596,18.187016937895596,18.187016937895596,18.187016937895596,18.187016937895596,18.187016937895596,18.187016937895596,18.187016937895596,18.187016937895596,18.187016937895596,18.187016937895596,19.111421058032747
-0.4797979797979798,19.111421058032747,19.111421058032747,19.111421058032747,19.111421058032747,19.111421058032747,19.111421058032747,19.111421058032747,19.111421058032747,19.111421058032747,19.111421058032747,19.111421058032747,19.111421058032747,19.111421058032747,19.111421058032747,19.111421058032747,19.111421058032747,19.111421058032747,19.111421058032747,19.111421058032747,19.111421058032747,19.111421058032747,19.111421058032747,19.111421058032747,19.111421058032747,19.111421058032747,19.111421058032747,19.111421058032747,19.111421058032747,19.111421058032747,19.111421058032747,19.111421058032747,19.111421058032747,19.111421058032747,19.111421058032747,19.111421058032747,19.111421058032747,19.111421058032747,19.111421058032747,19.111421058032747,19.111421058032747,19.111421058032747,19.111421058032747,19.111421058032747,19.111421058032747,19.111421058032747,19.111421058032747,19.111421058032747,19.111421058032747,19.111421058032747,19.111421058032747,19.111421058032747,19.111421058032747,19.111421058032747,19.111421058032747,19.111421058032747,19.111421058032747,19.111421058032747,19.111421058032747,19.157417667260052,19.157417667260052,19.157417667260052,19.157417667260052,19.157417667260052,19.157417667260052,19.157417667260052,19.157417667260052,19.157417667260052,19.157417667260052,19.157417667260052,19.157417667260052,19.157417667260052,19.157417667260052,19.157417667260052,19.157417667260052,19.157417667260052,19.157417667260052,19.157417667260052,19.157417667260052,17.26898798119448,17.26898798119448,18.187016937895596,18.187016937895596,18.187016937895596,18.187016937895596,18.187016937895596,18.187016937895596,18.187016937895596,18.187016937895596,18.187016937895596,18.187016937895596,18.187016937895596,18.187016937895596,18.187016937895596,18.187016937895596,18.187016937895596,18.187016937895596,18.187016937895596,18.145680023903054,18.145680023903054,19.111421058032747
-0.4696969696969697,19.111421058032747,19.111421058032747,19.111421058032747,19.111421058032747,19.111421058032747,19.111421058032747,19.111421058032747,19.111421058032747,19.111421058032747,19.111421058032747,19.111421058032747,19.111421058032747,19.111421058032747,19.111421058032747,19.111421058032747,19.111421058032747,19.111421058032747,19.111421058032747,19.111421058032747,19.111421058032747,19.111421058032747,19.111421058032747,19.111421058032747,19.111421058032747,19.111421058032747,19.111421058032747,19.111421058032747,19.111421058032747,19.111421058032747,19.111421058032747,19.111421058032747,19.111421058032747,19.111421058032747,19.111421058032747,19.111421058032747,19.111421058032747,19.111421058032747,19.111421058032747,19.111421058032747,19.111421058032747,19.111421058032747,19.111421058032747,19.111421058032747,19.111421058032747,19.111421058032747,19.111421058032747,19.111421058032747,19.111421058032747,19.111421058032747,19.111421058032747,19.111421058032747,19.111421058032747,19.111421058032747,19.111421058032747,19.111421058032747,19.111421058032747,19.111421058032747,19.157417667260052,19.157417667260052,19.157417667260052,19.157417667260052,19.157417667260052,19.157417667260052,19.157417667260052,19.157417667260052,19.157417667260052,19.157417667260052,19.157417667260052,19.157417667260052,19.157417667260052,19.157417667260052,19.157417667260052,19.157417667260052,19.157417667260052,19.157417667260052,19.157417667260052,19.157417667260052,17.26898798119448,17.26898798119448,17.26898798119448,18.187016937895596,18.187016937895596,18.187016937895596,18.187016937895596,18.187016937895596,18.187016937895596,18.187016937895596,18.187016937895596,18.187016937895596,18.187016937895596,18.187016937895596,18.187016937895596,18.187016937895596,18.187016937895596,18.187016937895596,18.187016937895596,18.187016937895596,18.145680023903054,18.145680023903054,19.111421058032747
-0.4595959595959596,19.111421058032747,19.111421058032747,19.111421058032747,19.111421058032747,19.111421058032747,19.111421058032747,19.111421058032747,19.111421058032747,19.111421058032747,19.111421058032747,19.111421058032747,19.111421058032747,19.111421058032747,19.111421058032747,19.111421058032747,19.111421058032747,19.111421058032747,19.111421058032747,19.111421058032747,19.111421058032747,19.111421058032747,19.111421058032747,19.111421058032747,19.111421058032747,19.111421058032747,19.111421058032747,19.111421058032747,19.111421058032747,19.111421058032747,19.111421058032747,19.111421058032747,19.111421058032747,19.111421058032747,19.111421058032747,19.111421058032747,19.111421058032747,19.111421058032747,19.111421058032747,19.111421058032747,19.111421058032747,19.111421058032747,19.111421058032747,19.111421058032747,19.111421058032747,19.111421058032747,19.111421058032747,19.111421058032747,19.111421058032747,19.111421058032747,19.111421058032747,19.111421058032747,19.111421058032747,19.111421058032747,19.111421058032747,19.111421058032747,19.111421058032747,19.157417667260052,19.157417667260052,19.157417667260052,19.157417667260052,19.157417667260052,19.157417667260052,19.157417667260052,19.157417667260052,19.157417667260052,19.157417667260052,19.157417667260052,19.157417667260052,19.157417667260052,19.157417667260052,19.157417667260052,19.157417667260052,19.157417667260052,19.157417667260052,19.157417667260052,19.157417667260052,17.26898798119448,17.26898798119448,17.26898798119448,17.26898798119448,18.187016937895596,18.187016937895596,18.187016937895596,18.187016937895596,18.187016937895596,18.187016937895596,18.187016937895596,18.187016937895596,18.187016937895596,18.187016937895596,18.187016937895596,18.187016937895596,18.187016937895596,18.187016937895596,18.187016937895596,18.187016937895596,18.145680023903054,18.145680023903054,18.145680023903054,19.111421058032747
-0.4494949494949495,19.111421058032747,19.111421058032747,19.111421058032747,19.111421058032747,19.111421058032747,19.111421058032747,19.111421058032747,19.111421058032747,19.111421058032747,19.111421058032747,19.111421058032747,19.111421058032747,19.111421058032747,19.111421058032747,19.111421058032747,19.111421058032747,19.111421058032747,19.111421058032747,19.111421058032747,19.111421058032747,19.111421058032747,19.111421058032747,19.111421058032747,19.111421058032747,19.111421058032747,19.111421058032747,19.111421058032747,19.111421058032747,19.111421058032747,19.111421058032747,19.111421058032747,19.111421058032747,19.111421058032747,19.111421058032747,19.111421058032747,19.111421058032747,19.111421058032747,19.111421058032747,19.111421058032747,19.111421058032747,19.111421058032747,19.111421058032747,19.111421058032747,19.111421058032747,19.111421058032747,19.111421058032747,19.111421058032747,19.111421058032747,19.111421058032747,19.111421058032747,19.111421058032747,19.111421058032747,19.111421058032747,19.111421058032747,19.111421058032747,19.157417667260052,19.157417667260052,19.157417667260052,19.157417667260052,19.157417667260052,19.157417667260052,19.157417667260052,19.157417667260052,19.157417667260052,19.157417667260052,19.157417667260052,19.157417667260052,19.157417667260052,19.157417667260052,19.157417667260052,19.157417667260052,19.157417667260052,19.157417667260052,19.157417667260052,19.157417667260052,17.26898798119448,17.26898798119448,17.26898798119448,17.26898798119448,17.26898798119448,18.187016937895596,18.187016937895596,18.187016937895596,18.187016937895596,18.187016937895596,18.187016937895596,18.187016937895596,18.187016937895596,18.187016937895596,18.187016937895596,18.187016937895596,18.187016937895596,18.187016937895596,18.187016937895596,18.145680023903054,18.145680023903054,18.145680023903054,18.145680023903054,18.145680023903054,19.111421058032747
-0.4393939393939394,19.111421058032747,19.111421058032747,19.111421058032747,19.111421058032747,19.111421058032747,19.111421058032747,19.111421058032747,19.111421058032747,19.111421058032747,19.111421058032747,19.111421058032747,19.111421058032747,19.111421058032747,19.111421058032747,19.111421058032747,19.111421058032747,19.111421058032747,19.111421058032747,19.111421058032747,19.111421058032747,19.111421058032747,19.111421058032747,19.111421058032747,19.111421058032747,19.111421058032747,19.111421058032747,19.111421058032747,19.111421058032747,19.111421058032747,19.111421058032747,19.111421058032747,19.111421058032747,19.111421058032747,19.111421058032747,19.111421058032747,19.111421058032747,19.111421058032747,19.111421058032747,19.111421058032747,19.111421058032747,19.111421058032747,19.111421058032747,19.111421058032747,19.111421058032747,19.111421058032747,19.111421058032747,19.111421058032747,19.111421058032747,19.111421058032747,19.111421058032747,19.111421058032747,19.111421058032747,19.111421058032747,19.111421058032747,19.157417667260052,19.157417667260052,19.157417667260052,19.157417667260052,19.157417667260052,19.157417667260052,19.157417667260052,19.157417667260052,19.157417667260052,19.157417667260052,19.157417667260052,19.157417667260052,19.157417667260052,19.157417667260052,19.157417667260052,19.157417667260052,19.157417667260052,19.157417667260052,19.157417667260052,19.157417667260052,17.26898798119448,17.26898798119448,17.26898798119448,17.26898798119448,17.26898798119448,17.26898798119448,18.187016937895596,18.187016937895596,18.187016937895596,18.187016937895596,18.187016937895596,18.187016937895596,18.187016937895596,18.187016937895596,18.187016937895596,18.187016937895596,18.187016937895596,18.187016937895596,18.187016937895596,18.145680023903054,18.145680023903054,18.145680023903054,18.145680023903054,18.145680023903054,18.145680023903054,19.111421058032747
-0.4292929292929293,19.111421058032747,19.111421058032747,19.111421058032747,19.111421058032747,19.111421058032747,19.111421058032747,19.111421058032747,19.111421058032747,19.111421058032747,19.111421058032747,19.111421058032747,19.111421058032747,19.111421058032747,19.111421058032747,19.111421058032747,19.111421058032747,19.111421058032747,19.111421058032747,19.111421058032747,19.111421058032747,19.111421058032747,19.111421058032747,19.111421058032747,19.111421058032747,19.111421058032747,19.111421058032747,19.111421058032747,19.111421058032747,19.111421058032747,19.111421058032747,19.111421058032747,19.111421058032747,19.111421058032747,19.111421058032747,19.111421058032747,19.111421058032747,19.111421058032747,19.111421058032747,19.111421058032747,19.111421058032747,19.111421058032747,19.111421058032747,19.111421058032747,19.111421058032747,19.111421058032747,19.111421058032747,19.111421058032747,19.111421058032747,19.111421058032747,19.111421058032747,19.111421058032747,19.111421058032747,19.111421058032747,19.157417667260052,19.157417667260052,19.157417667260052,19.157417667260052,19.157417667260052,19.157417667260052,19.157417667260052,19.157417667260052,19.157417667260052,19.157417667260052,19.157417667260052,19.157417667260052,19.157417667260052,19.157417667260052,19.157417667260052,19.157417667260052,19.157417667260052,19.157417667260052,19.157417667260052,19.157417667260052,17.26898798119448,17.26898798119448,17.26898798119448,17.26898798119448,17.26898798119448,17.26898798119448,17.26898798119448,18.187016937895596,18.187016937895596,18.187016937895596,18.187016937895596,18.187016937895596,18.187016937895596,18.187016937895596,18.187016937895596,18.187016937895596,18.187016937895596,18.187016937895596,18.187016937895596,18.187016937895596,18.145680023903054,18.145680023903054,18.145680023903054,18.145680023903054,18.145680023903054,18.145680023903054,19.111421058032747
-0.41919191919191917,19.111421058032747,19.111421058032747,19.111421058032747,19.111421058032747,19.111421058032747,19.111421058032747,19.111421058032747,19.111421058032747,19.111421058032747,19.111421058032747,19.111421058032747,19.111421058032747,19.111421058032747,19.111421058032747,19.111421058032747,19.111421058032747,19.111421058032747,19.111421058032747,19.111421058032747,19.111421058032747,19.111421058032747,19.111421058032747,19.111421058032747,19.111421058032747,19.111421058032747,19.111421058032747,19.111421058032747,19.111421058032747,19.111421058032747,19.111421058032747,19.111421058032747,19.111421058032747,19.111421058032747,19.111421058032747,19.111421058032747,19.111421058032747,19.111421058032747,19.111421058032747,19.111421058032747,19.111421058032747,19.111421058032747,19.111421058032747,19.111421058032747,19.111421058032747,19.111421058032747,19.111421058032747,19.111421058032747,19.111421058032747,19.111421058032747,19.111421058032747,19.111421058032747,19.111421058032747,19.157417667260052,19.157417667260052,19.157417667260052,19.157417667260052,19.157417667260052,19.157417667260052,19.157417667260052,19.157417667260052,19.157417667260052,19.157417667260052,19.157417667260052,19.157417667260052,19.157417667260052,19.157417667260052,19.157417667260052,19.157417667260052,19.157417667260052,19.157417667260052,19.157417667260052,19.157417667260052,17.26898798119448,17.26898798119448,17.26898798119448,17.26898798119448,17.26898798119448,17.26898798119448,17.26898798119448,17.26898798119448,18.187016937895596,18.187016937895596,18.187016937895596,18.187016937895596,18.187016937895596,18.187016937895596,18.187016937895596,18.187016937895596,18.187016937895596,18.187016937895596,18.187016937895596,18.187016937895596,18.145680023903054,18.145680023903054,18.145680023903054,18.145680023903054,18.145680023903054,18.145680023903054,18.145680023903054,19.111421058032747
-0.40909090909090906,19.111421058032747,19.111421058032747,19.111421058032747,19.111421058032747,19.111421058032747,19.111421058032747,19.111421058032747,19.111421058032747,19.111421058032747,19.111421058032747,19.111421058032747,19.111421058032747,19.111421058032747,19.111421058032747,19.111421058032747,19.111421058032747,19.111421058032747,19.111421058032747,19.111421058032747,19.111421058032747,19.111421058032747,19.111421058032747,19.111421058032747,19.111421058032747,19.111421058032747,19.111421058032747,19.111421058032747,19.111421058032747,19.111421058032747,19.111421058032747,19.111421058032747,19.111421058032747,19.111421058032747,19.111421058032747,19.111421058032747,19.111421058032747,19.111421058032747,19.111421058032747,19.111421058032747,19.111421058032747,19.111421058032747,19.111421058032747,19.111421058032747,19.111421058032747,19.111421058032747,19.111421058032747,19.111421058032747,19.111421058032747,19.111421058032747,19.111421058032747,19.111421058032747,19.157417667260052,19.157417667260052,19.157417667260052,19.157417667260052,19.157417667260052,19.157417667260052,19.157417667260052,19.157417667260052,19.157417667260052,19.157417667260052,19.157417667260052,19.157417667260052,19.157417667260052,19.157417667260052,19.157417667260052,19.157417667260052,19.157417667260052,19.157417667260052,19.157417667260052,19.157417667260052,17.26898798119448,17.26898798119448,17.26898798119448,17.26898798119448,17.26898798119448,17.26898798119448,17.26898798119448,17.26898798119448,17.26898798119448,18.187016937895596,18.187016937895596,18.187016937895596,18.187016937895596,18.187016937895596,18.187016937895596,18.187016937895596,18.187016937895596,18.187016937895596,18.187016937895596,18.145680023903054,18.145680023903054,18.145680023903054,18.145680023903054,18.145680023903054,18.145680023903054,18.145680023903054,18.145680023903054,18.145680023903054,19.111421058032747
-0.398989898989899,19.111421058032747,19.111421058032747,19.111421058032747,19.111421058032747,19.111421058032747,19.111421058032747,19.111421058032747,19.111421058032747,19.111421058032747,19.111421058032747,19.111421058032747,19.111421058032747,19.111421058032747,19.111421058032747,19.111421058032747,19.111421058032747,19.111421058032747,19.111421058032747,19.111421058032747,19.111421058032747,19.111421058032747,19.111421058032747,19.111421058032747,19.111421058032747,19.111421058032747,19.111421058032747,19.111421058032747,19.111421058032747,19.111421058032747,19.111421058032747,19.111421058032747,19.111421058032747,19.111421058032747,19.111421058032747,19.111421058032747,19.111421058032747,19.111421058032747,19.111421058032747,19.111421058032747,19.111421058032747,19.111421058032747,19.111421058032747,19.111421058032747,19.111421058032747,19.111421058032747,19.111421058032747,19.111421058032747,19.111421058032747,19.111421058032747,19.111421058032747,19.157417667260052,19.157417667260052,19.157417667260052,19.157417667260052,19.157417667260052,19.157417667260052,19.157417667260052,19.157417667260052,19.157417667260052,19.157417667260052,19.157417667260052,19.157417667260052,19.157417667260052,19.157417667260052,19.157417667260052,19.157417667260052,19.157417667260052,19.157417667260052,19.157417667260052,19.157417667260052,17.26898798119448,17.26898798119448,17.26898798119448,17.26898798119448,17.26898798119448,17.26898798119448,17.26898798119448,17.26898798119448,17.26898798119448,17.26898798119448,18.187016937895596,18.187016937895596,18.187016937895596,18.187016937895596,18.187016937895596,18.187016937895596,18.187016937895596,18.187016937895596,18.187016937895596,18.187016937895596,18.145680023903054,18.145680023903054,18.145680023903054,18.145680023903054,18.145680023903054,18.145680023903054,18.145680023903054,18.145680023903054,18.145680023903054,19.111421058032747
-0.3888888888888889,19.111421058032747,19.111421058032747,19.111421058032747,19.111421058032747,19.111421058032747,19.111421058032747,19.111421058032747,19.111421058032747,19.111421058032747,19.111421058032747,19.111421058032747,19.111421058032747,19.111421058032747,19.111421058032747,19.111421058032747,19.111421058032747,19.111421058032747,19.111421058032747,19.111421058032747,19.111421058032747,19.111421058032747,19.111421058032747,19.111421058032747,19.111421058032747,19.111421058032747,19.111421058032747,19.111421058032747,19.111421058032747,19.111421058032747,19.111421058032747,19.08744740874614,19.111421058032747,19.111421058032747,19.111421058032747,19.111421058032747,19.111421058032747,19.111421058032747,19.111421058032747,19.111421058032747,19.111421058032747,19.111421058032747,19.111421058032747,19.111421058032747,19.111421058032747,19.111421058032747,19.111421058032747,19.111421058032747,19.111421058032747,19.111421058032747,19.157417667260052,19.154310969481042,19.157417667260052,19.157417667260052,19.157417667260052,19.157417667260052,19.157417667260052,19.157417667260052,19.157417667260052,19.157417667260052,19.157417667260052,19.157417667260052,19.157417667260052,19.157417667260052,19.157417667260052,19.157417667260052,19.157417667260052,19.157417667260052,19.157417667260052,19.157417667260052,17.26898798119448,17.26898798119448,17.26898798119448,17.26898798119448,17.26898798119448,17.26898798119448,17.26898798119448,17.26898798119448,17.26898798119448,17.26898798119448,17.26898798119448,18.187016937895596,18.187016937895596,18.187016937895596,18.187016937895596,18.187016937895596,18.187016937895596,18.187016937895596,18.187016937895596,18.187016937895596,18.145680023903054,18.145680023903054,18.145680023903054,18.145680023903054,18.145680023903054,18.145680023903054,18.145680023903054,18.145680023903054,18.145680023903054,18.145680023903054,19.111421058032747
-0.3787878787878788,19.111421058032747,19.111421058032747,19.111421058032747,19.111421058032747,19.111421058032747,19.111421058032747,19.111421058032747,19.111421058032747,19.111421058032747,19.111421058032747,19.111421058032747,19.111421058032747,19.111421058032747,19.111421058032747,19.111421058032747,19.111421058032747,19.111421058032747,19.111421058032747,19.111421058032747,19.111421058032747,19.111421058032747,19.111421058032747,19.111421058032747,19.111421058032747,19.111421058032747,19.111421058032747,19.111421058032747,19.111421058032747,19.111421058032747,19.111421058032747,19.08146186496089,19.021035584629583,19.111421058032747,19.111421058032747,19.111421058032747,19.111421058032747,19.111421058032747,19.111421058032747,19.111421058032747,19.111421058032747,19.111421058032747,19.111421058032747,19.111421058032747,19.111421058032747,19.111421058032747,19.111421058032747,19.111421058032747,19.111421058032747,19.157417667260052,19.157417667260052,19.16600958812506,19.133444867008862,19.157417667260052,19.157417667260052,19.157417667260052,19.157417667260052,19.157417667260052,19.157417667260052,19.157417667260052,19.157417667260052,19.157417667260052,19.157417667260052,19.157417667260052,19.157417667260052,19.157417667260052,19.157417667260052,19.157417667260052,19.157417667260052,17.26898798119448,17.26898798119448,17.26898798119448,17.26898798119448,17.26898798119448,17.26898798119448,17.26898798119448,17.26898798119448,17.26898798119448,17.26898798119448,17.26898798119448,17.26898798119448,18.187016937895596,18.187016937895596,18.187016937895596,18.187016937895596,18.187016937895596,18.187016937895596,18.187016937895596,18.145680023903054,18.145680023903054,18.145680023903054,18.145680023903054,18.145680023903054,18.145680023903054,18.145680023903054,18.145680023903054,18.145680023903054,18.145680023903054,18.145680023903054,18.145680023903054,19.111421058032747
-0.3686868686868687,19.111421058032747,19.111421058032747,19.111421058032747,19.111421058032747,19.111421058032747,19.111421058032747,19.111421058032747,19.111421058032747,19.111421058032747,19.111421058032747,19.111421058032747,19.111421058032747,19.111421058032747,19.111421058032747,19.111421058032747,19.111421058032747,19.111421058032747,19.111421058032747,19.111421058032747,19.111421058032747,19.111421058032747,19.111421058032747,19.111421058032747,19.111421058032747,19.111421058032747,19.111421058032747,19.111421058032747,19.111421058032747,19.111421058032747,19.111421058032747,19.076193902111932,19.013651367542412,18.947801726539332,19.111421058032747,19.111421058032747,19.111421058032747,19.111421058032747,19.111421058032747,19.111421058032747,19.111421058032747,19.111421058032747,19.111421058032747,19.111421058032747,19.111421058032747,19.111421058032747,19.111421058032747,19.111421058032747,19.157417667260052,19.157417667260052,19.157417667260052,19.17832559850929,19.14517221106171,19.110979857073605,19.157417667260052,19.157417667260052,19.157417667260052,19.157417667260052,19.157417667260052,19.157417667260052,19.157417667260052,19.157417667260052,19.157417667260052,19.157417667260052,19.157417667260052,19.157417667260052,19.157417667260052,19.157417667260052,17.26898798119448,17.26898798119448,17.26898798119448,17.26898798119448,17.26898798119448,17.26898798119448,17.26898798119448,17.26898798119448,17.26898798119448,17.26898798119448,17.26898798119448,17.26898798119448,17.26898798119448,18.187016937895596,18.187016937895596,18.187016937895596,18.187016937895596,18.187016937895596,18.187016937895596,18.145680023903054,18.145680023903054,18.145680023903054,18.145680023903054,18.145680023903054,18.145680023903054,18.145680023903054,18.145680023903054,18.145680023903054,18.145680023903054,18.145680023903054,18.145680023903054,18.145680023903054,19.111421058032747
-0.35858585858585856,19.111421058032747,19.111421058032747,19.111421058032747,19.111421058032747,19.111421058032747,19.111421058032747,19.111421058032747,19.111421058032747,19.111421058032747,19.111421058032747,19.111421058032747,19.111421058032747,19.111421058032747,19.111421058032747,19.111421058032747,19.111421058032747,19.111421058032747,19.111421058032747,19.111421058032747,19.111421058032747,19.111421058032747,19.111421058032747,19.111421058032747,19.111421058032747,19.111421058032747,19.111421058032747,19.111421058032747,19.111421058032747,19.111421058032747,19.111421058032747,19.07165219835844,19.006744649331765,18.938110980470142,18.86521998217268,19.111421058032747,19.111421058032747,19.111421058032747,19.111421058032747,19.111421058032747,19.111421058032747,19.111421058032747,19.111421058032747,19.111421058032747,19.111421058032747,19.111421058032747,19.111421058032747,19.157417667260052,19.157417667260052,19.157417667260052,19.157417667260052,19.191294233547325,19.15755274069201,19.122752999145856,19.086863997054877,19.157417667260052,19.157417667260052,19.157417667260052,19.157417667260052,19.157417667260052,19.157417667260052,19.157417667260052,19.157417667260052,19.157417667260052,19.157417667260052,19.157417667260052,19.157417667260052,17.26898798119448,17.26898798119448,17.26898798119448,17.26898798119448,17.26898798119448,17.26898798119448,17.26898798119448,17.26898798119448,17.26898798119448,17.26898798119448,17.26898798119448,17.26898798119448,17.26898798119448,17.26898798119448,18.187016937895596,18.187016937895596,18.187016937895596,18.187016937895596,18.187016937895596,18.187016937895596,18.145680023903054,18.145680023903054,18.145680023903054,18.145680023903054,18.145680023903054,18.145680023903054,18.145680023903054,18.145680023903054,18.145680023903054,18.145680023903054,18.145680023903054,18.145680023903054,18.145680023903054,19.111421058032747
-0.3484848484848485,19.111421058032747,19.111421058032747,19.111421058032747,19.111421058032747,19.111421058032747,19.111421058032747,19.111421058032747,19.111421058032747,19.111421058032747,19.111421058032747,19.111421058032747,19.111421058032747,19.111421058032747,19.111421058032747,19.111421058032747,19.111421058032747,19.111421058032747,19.111421058032747,19.111421058032747,19.111421058032747,19.111421058032747,19.111421058032747,19.111421058032747,19.111421058032747,19.111421058032747,19.111421058032747,19.111421058032747,19.111421058032747,19.111421058032747,19.111421058032747,19.06785472857848,19.000285731603647,18.928483491460224,18.85179951165329,18.769446587633404,19.111421058032747,19.111421058032747,19.111421058032747,19.111421058032747,19.111421058032747,19.111421058032747,19.111421058032747,19.111421058032747,19.111421058032747,19.111421058032747,19.157417667260052,19.157417667260052,19.157417667260052,19.157417667260052,19.157417667260052,19.20495447995612,19.170625866827944,19.135218280840363,19.09869831566521,19.061029825848948,19.157417667260052,19.157417667260052,19.157417667260052,19.157417667260052,19.157417667260052,19.157417667260052,19.157417667260052,19.157417667260052,19.157417667260052,19.157417667260052,17.26898798119448,17.26898798119448,17.26898798119448,17.26898798119448,17.26898798119448,17.26898798119448,17.26898798119448,17.26898798119448,17.26898798119448,17.26898798119448,17.26898798119448,17.26898798119448,17.26898798119448,17.26898798119448,17.26898798119448,18.187016937895596,18.187016937895596,18.187016937895596,18.187016937895596,18.187016937895596,18.145680023903054,18.145680023903054,18.145680023903054,18.145680023903054,18.145680023903054,18.145680023903054,18.145680023903054,18.145680023903054,18.145680023903054,18.145680023903054,18.145680023903054,18.145680023903054,18.145680023903054,18.145680023903054,19.111421058032747
-0.33838383838383834,19.111421058032747,19.111421058032747,19.111421058032747,19.111421058032747,19.111421058032747,19.111421058032747,19.111421058032747,19.111421058032747,19.111421058032747,19.111421058032747,19.111421058032747,19.111421058032747,19.111421058032747,19.111421058032747,19.111421058032747,19.111421058032747,19.111421058032747,19.111421058032747,19.111421058032747,19.111421058032747,19.111421058032747,19.111421058032747,19.111421058032747,19.111421058032747,19.111421058032747,19.111421058032747,19.111421058032747,19.111421058032747,19.111421058032747,19.111421058032747,19.064831225937386,18.994242985179504,18.918799054999553,18.837694599760773,18.749935995590707,18.65427966562342,19.111421058032747,19.111421058032747,19.111421058032747,19.111421058032747,19.111421058032747,19.111421058032747,19.111421058032747,19.111421058032747,19.157417667260052,19.157417667260052,19.157417667260052,19.157417667260052,19.157417667260052,19.157417667260052,19.21934957510506,19.18443541385186,19.14842006553854,19.11126755506183,19.072938924527364,19.03339195614495,19.157417667260052,19.157417667260052,19.157417667260052,19.157417667260052,19.157417667260052,19.157417667260052,19.157417667260052,19.157417667260052,17.26898798119448,17.26898798119448,17.26898798119448,17.26898798119448,17.26898798119448,17.26898798119448,17.26898798119448,17.26898798119448,17.26898798119448,17.26898798119448,17.26898798119448,17.26898798119448,17.26898798119448,17.26898798119448,17.26898798119448,17.26898798119448,18.187016937895596,18.187016937895596,18.187016937895596,18.145680023903054,18.145680023903054,18.145680023903054,18.145680023903054,18.145680023903054,18.145680023903054,18.145680023903054,18.145680023903054,18.145680023903054,18.145680023903054,18.145680023903054,18.145680023903054,18.145680023903054,18.145680023903054,18.145680023903054,18.145680023903054,19.111421058032747
-0.3282828282828283,19.111421058032747,19.111421058032747,19.111421058032747,19.111421058032747,19.111421058032747,19.111421058032747,19.111421058032747,19.111421058032747,19.111421058032747,19.111421058032747,19.111421058032747,19.111421058032747,19.111421058032747,19.111421058032747,19.111421058032747,19.111421058032747,19.111421058032747,19.111421058032747,19.111421058032747,19.111421058032747,19.111421058032747,19.111421058032747,19.111421058032747,19.111421058032747,19.111421058032747,19.111421058032747,19.111421058032747,19.111421058032747,19.111421058032747,19.111421058032747,19.06262684484797,18.98858129641312,18.908903711433044,18.822576218807434,18.72831756113709,18.62448933736807,18.50895950208437,19.111421058032747,19.111421058032747,19.111421058032747,19.111421058032747,19.111421058032747,19.111421058032747,19.157417667260052,19.157417667260052,19.157417667260052,19.157417667260052,19.157417667260052,19.157417667260052,19.157417667260052,19.234527589017432,19.199030236155,19.162407945377794,19.124621978839844,19.08563033986351,19.045387456447564,19.00384382226883,19.157417667260052,19.157417667260052,19.157417667260052,19.157417667260052,19.157417667260052,19.157417667260052,17.26898798119448,17.26898798119448,17.26898798119448,17.26898798119448,17.26898798119448,17.26898798119448,17.26898798119448,17.26898798119448,17.26898798119448,17.26898798119448,17.26898798119448,17.26898798119448,17.26898798119448,17.26898798119448,17.26898798119448,17.26898798119448,17.26898798119448,18.187016937895596,18.187016937895596,18.187016937895596,18.145680023903054,18.145680023903054,18.145680023903054,18.145680023903054,18.145680023903054,18.145680023903054,18.145680023903054,18.145680023903054,18.145680023903054,18.145680023903054,18.145680023903054,18.145680023903054,18.145680023903054,18.145680023903054,18.145680023903054,18.145680023903054,19.111421058032747
-0.3181818181818182,19.111421058032747,19.111421058032747,19.111421058032747,19.111421058032747,19.111421058032747,19.111421058032747,19.111421058032747,19.111421058032747,19.111421058032747,19.111421058032747,19.111421058032747,19.111421058032747,19.111421058032747,19.111421058032747,19.111421058032747,19.111421058032747,19.111421058032747,19.111421058032747,19.111421058032747,19.111421058032747,19.111421058032747,19.111421058032747,19.111421058032747,19.111421058032747,19.111421058032747,19.111421058032747,19.111421058032747,19.111421058032747,19.111421058032747,19.111421058032747,19.06130769741125,18.983259790309965,18.898593436369325,18.80599287262627,18.703763869200568,18.589684049905408,18.460776561906084,18.312957058639032,19.111421058032747,19.111421058032747,19.111421058032747,19.111421058032747,19.157417667260052,19.157417667260052,19.157417667260052,19.157417667260052,19.157417667260052,19.157417667260052,19.157417667260052,19.157417667260052,19.250542109128663,19.21446494605064,19.17723751464373,19.13881809871603,19.09916141000093,19.058218225620443,19.01593497528457,18.97225326987812,19.157417667260052,19.157417667260052,19.157417667260052,19.157417667260052,17.26898798119448,17.26898798119448,17.26898798119448,17.26898798119448,17.26898798119448,17.26898798119448,17.26898798119448,17.26898798119448,17.26898798119448,17.26898798119448,17.26898798119448,17.26898798119448,17.26898798119448,17.26898798119448,17.26898798119448,17.26898798119448,17.26898798119448,17.26898798119448,18.187016937895596,18.187016937895596,18.145680023903054,18.145680023903054,18.145680023903054,18.145680023903054,18.145680023903054,18.145680023903054,18.145680023903054,18.145680023903054,18.145680023903054,18.145680023903054,18.145680023903054,18.145680023903054,18.145680023903054,18.145680023903054,18.145680023903054,18.145680023903054,18.145680023903054,19.111421058032747
-0.30808080808080807,19.111421058032747,19.111421058032747,19.111421058032747,19.111421058032747,19.111421058032747,19.111421058032747,19.111421058032747,19.111421058032747,19.111421058032747,19.111421058032747,19.111421058032747,19.111421058032747,19.111421058032747,19.111421058032747,19.111421058032747,19.111421058032747,19.111421058032747,19.111421058032747,19.111421058032747,19.111421058032747,19.111421058032747,19.111421058032747,19.111421058032747,19.111421058032747,19.111421058032747,19.111421058032747,19.111421058032747,19.111421058032747,19.111421058032747,19.111421058032747,19.06096941413475,18.978228339262884,18.887588011080574,18.78730313485015,18.67506485257612,18.54774978627109,18.40102260089892,18.22868181651093,18.021532723862542,19.111421058032747,19.111421058032747,19.157417667260052,19.157417667260052,19.157417667260052,19.157417667260052,19.157417667260052,19.157417667260052,19.157417667260052,19.157417667260052,19.157417667260052,19.267453049732342,19.23080077734326,19.192971290723097,19.15391965602801,19.113597011228368,19.071950149510307,19.028921042936666,18.984446296056984,18.938456517038322,19.157417667260052,19.157417667260052,17.26898798119448,17.26898798119448,17.26898798119448,17.26898798119448,17.26898798119448,17.26898798119448,17.26898798119448,17.26898798119448,17.26898798119448,17.26898798119448,17.26898798119448,17.26898798119448,17.26898798119448,17.26898798119448,17.26898798119448,17.26898798119448,17.26898798119448,17.26898798119448,17.26898798119448,18.145680023903054,18.145680023903054,18.145680023903054,18.145680023903054,18.145680023903054,18.145680023903054,18.145680023903054,18.145680023903054,18.145680023903054,18.145680023903054,18.145680023903054,18.145680023903054,18.145680023903054,18.145680023903054,18.145680023903054,18.145680023903054,18.145680023903054,18.145680023903054,18.145680023903054,19.111421058032747
-0.29797979797979796,20.164289620819623,20.164289620819623,20.164289620819623,20.164289620819623,20.164289620819623,20.164289620819623,20.164289620819623,20.164289620819623,20.164289620819623,20.164289620819623,20.164289620819623,20.164289620819623,20.164289620819623,20.164289620819623,20.164289620819623,20.164289620819623,20.164289620819623,20.164289620819623,20.164289620819623,20.164289620819623,20.164289620819623,20.164289620819623,20.164289620819623,20.164289620819623,20.164289620819623,20.164289620819623,20.164289620819623,20.164289620819623,20.164289620819623,20.164289620819623,19.454409320141554,19.3660798578174,19.268144360671656,19.15821473486287,19.03302610026476,18.887989807216236,18.71644336039146,18.508327912353067,18.247712544266204,17.907803811152192,19.550067615516106,19.550067615516106,19.550067615516106,19.550067615516106,19.550067615516106,19.550067615516106,19.550067615516106,19.550067615516106,19.550067615516106,19.550067615516106,19.28532761360904,19.24810661515865,19.209679816696713,19.16999880162862,19.129010819545705,19.086658305875005,19.04287833014962,18.997601960087042,18.95075352592698,18.90224976606702,17.26898798119448,17.26898798119448,17.26898798119448,17.26898798119448,17.26898798119448,17.26898798119448,17.26898798119448,17.26898798119448,17.26898798119448,17.26898798119448,17.26898798119448,17.26898798119448,17.26898798119448,17.26898798119448,17.26898798119448,17.26898798119448,17.26898798119448,17.26898798119448,17.26898798119448,17.227682846737856,18.805544107361712,18.805544107361712,18.805544107361712,18.805544107361712,18.805544107361712,18.805544107361712,18.805544107361712,18.805544107361712,18.805544107361712,18.805544107361712,18.805544107361712,18.805544107361712,18.805544107361712,18.805544107361712,18.805544107361712,18.805544107361712,18.805544107361712,18.805544107361712,18.805544107361712,20.164289620819623
-0.28787878787878785,20.164289620819623,20.164289620819623,20.164289620819623,20.164289620819623,20.164289620819623,20.164289620819623,20.164289620819623,20.164289620819623,20.164289620819623,20.164289620819623,20.164289620819623,20.164289620819623,20.164289620819623,20.164289620819623,20.164289620819623,20.164289620819623,20.164289620819623,20.164289620819623,20.164289620819623,20.164289620819623,20.164289620819623,20.164289620819623,20.164289620819623,20.164289620819623,20.164289620819623,20.164289620819623,20.164289620819623,20.164289620819623,20.164289620819623,20.164289620819623,19.456514939463798,19.36140926253381,19.254351400819,19.131946777925616,18.989359815468426,18.819454737844282,18.611242035702677,18.346878706043405,17.99538067982615,17.49798514101206,16.729061517044123,19.550067615516106,19.550067615516106,19.550067615516106,19.550067615516106,19.550067615516106,19.550067615516106,19.550067615516106,19.550067615516106,19.550067615516106,19.304241440542235,19.26646023085558,19.227442989022705,19.187137522825513,19.14548684329022,19.102428608828795,19.05789448362854,19.011809394260865,18.96409066491834,17.950613448722436,17.899343913161363,17.26898798119448,17.26898798119448,17.26898798119448,17.26898798119448,17.26898798119448,17.26898798119448,17.26898798119448,17.26898798119448,17.26898798119448,17.26898798119448,17.26898798119448,17.26898798119448,17.26898798119448,17.26898798119448,17.26898798119448,17.26898798119448,17.26898798119448,17.26898798119448,17.227682846737856,18.805544107361712,18.805544107361712,18.805544107361712,18.805544107361712,18.805544107361712,18.805544107361712,18.805544107361712,18.805544107361712,18.805544107361712,18.805544107361712,18.805544107361712,18.805544107361712,18.805544107361712,18.805544107361712,18.805544107361712,18.805544107361712,18.805544107361712,18.805544107361712,18.713952505586565,20.164289620819623
-0.2777777777777778,20.164289620819623,20.164289620819623,20.164289620819623,20.164289620819623,20.164289620819623,20.164289620819623,20.164289620819623,20.164289620819623,20.164289620819623,20.164289620819623,20.164289620819623,20.164289620819623,20.164289620819623,20.164289620819623,20.164289620819623,20.164289620819623,20.164289620819623,20.164289620819623,20.164289620819623,20.164289620819623,20.164289620819623,20.164289620819623,20.164289620819623,20.164289620819623,20.164289620819623,20.164289620819623,20.164289620819623,20.164289620819623,20.164289620819623,20.164289620819623,19.460253716567703,19.356743958549657,19.237929240098875,19.098746017740446,18.931588689396712,18.72448488635096,18.457449089817143,18.094497644942894,17.5639595846035,16.701698071412093,15.053860527169222,11.618453517526012,19.550067615516106,19.550067615516106,19.550067615516106,19.550067615516106,19.550067615516106,19.550067615516106,19.550067615516106,19.550067615516106,19.324279986839027,19.285949771629063,19.246351666141067,19.205429380236094,19.16312129764394,19.119359830281393,19.07407066896808,19.02717191034707,18.01453921067798,17.96414000964919,17.91182879450288,17.85748107290517,17.26898798119448,17.26898798119448,17.26898798119448,17.26898798119448,17.26898798119448,17.26898798119448,17.26898798119448,17.26898798119448,17.26898798119448,17.26898798119448,17.26898798119448,17.26898798119448,17.26898798119448,17.26898798119448,17.26898798119448,17.26898798119448,17.227682846737856,17.227682846737856,18.805544107361712,18.805544107361712,18.805544107361712,18.805544107361712,18.805544107361712,18.805544107361712,18.805544107361712,18.805544107361712,18.805544107361712,18.805544107361712,18.805544107361712,18.805544107361712,18.805544107361712,18.805544107361712,18.805544107361712,18.805544107361712,18.805544107361712,18.713952505586565,18.713952505586565,20.164289620819623
-0.2676767676767676,20.164289620819623,20.164289620819623,20.164289620819623,20.164289620819623,20.164289620819623,20.164289620819623,20.164289620819623,20.164289620819623,20.164289620819623,20.164289620819623,20.164289620819623,20.164289620819623,20.164289620819623,20.164289620819623,20.164289620819623,20.164289620819623,20.164289620819623,20.164289620819623,20.164289620819623,20.164289620819623,20.164289620819623,20.164289620819623,20.164289620819623,20.164289620819623,20.164289620819623,20.164289620819623,20.164289620819623,20.164289620819623,20.164289620819623,20.164289620819623,19.4661102354131,19.351880157191196,19.217311445684306,19.05435964262949,18.850050430944833,18.582040296482777,18.208402036404568,17.640720356684394,16.659343001518288,14.59851998745275,13.864904797215106,29.59808423219259,24.720371915872217,19.550067615516106,19.550067615516106,19.550067615516106,19.550067615516106,19.550067615516106,19.550067615516106,19.550067615516106,19.345540192368,19.306675568708204,19.26650963033513,19.224981636509956,19.182024913929308,19.137566103731338,19.09152428259832,18.079775836445513,18.030289747167053,17.9789212402479,17.925546789227592,17.87002786563621,17.812208474965843,17.26898798119448,17.26898798119448,17.26898798119448,17.26898798119448,17.26898798119448,17.26898798119448,17.26898798119448,17.26898798119448,17.26898798119448,17.26898798119448,17.26898798119448,17.26898798119448,17.26898798119448,17.227682846737856,17.227682846737856,17.227682846737856,17.227682846737856,18.805544107361712,18.805544107361712,18.805544107361712,18.805544107361712,18.805544107361712,18.805544107361712,18.805544107361712,18.805544107361712,18.805544107361712,18.805544107361712,18.805544107361712,18.805544107361712,18.805544107361712,18.805544107361712,18.805544107361712,18.805544107361712,18.713952505586565,18.713952505586565,18.713952505586565,20.164289620819623
-0.25757575757575757,20.164289620819623,20.164289620819623,20.164289620819623,20.164289620819623,20.164289620819623,20.164289620819623,20.164289620819623,20.164289620819623,20.164289620819623,20.164289620819623,20.164289620819623,20.164289620819623,20.164289620819623,20.164289620819623,20.164289620819623,20.164289620819623,20.164289620819623,20.164289620819623,20.164289620819623,20.164289620819623,20.164289620819623,20.164289620819623,20.164289620819623,20.164289620819623,20.164289620819623,20.164289620819623,20.164289620819623,20.164289620819623,20.164289620819623,20.164289620819623,19.474883304793256,19.346474261366815,19.189660827792622,18.990512650743373,18.724178188325844,18.34174529093283,17.73288343871114,16.595794975711648,14.002615823960175,25.988892624637398,25.76793603579332,23.2076976126032,22.14103104077198,21.56030168891587,19.550067615516106,19.550067615516106,19.550067615516106,19.550067615516106,19.550067615516106,19.550067615516106,19.36813250809114,19.32875234716009,19.288035997401156,19.245917884739356,19.20232580676185,19.15718005098183,18.146357986196946,18.097830438278454,18.04745369336684,17.99510556041914,17.940648825477144,17.883928746754762,17.824770011121338,17.762973010280234,17.26898798119448,17.26898798119448,17.26898798119448,17.26898798119448,17.26898798119448,17.26898798119448,17.26898798119448,17.26898798119448,17.26898798119448,17.26898798119448,17.26898798119448,17.26898798119448,17.227682846737856,17.227682846737856,17.227682846737856,17.227682846737856,18.805544107361712,18.805544107361712,18.805544107361712,18.805544107361712,18.805544107361712,18.805544107361712,18.805544107361712,18.805544107361712,18.805544107361712,18.805544107361712,18.805544107361712,18.805544107361712,18.805544107361712,18.805544107361712,18.805544107361712,18.713952505586565,18.713952505586565,18.713952505586565,18.713952505586565,20.164289620819623
-0.24747474747474746,20.164289620819623,20.164289620819623,20.164289620819623,20.164289620819623,20.164289620819623,20.164289620819623,20.164289620819623,20.164289620819623,20.164289620819623,20.164289620819623,20.164289620819623,20.164289620819623,20.164289620819623,20.164289620819623,20.164289620819623,20.164289620819623,20.164289620819623,20.164289620819623,20.164289620819623,20.164289620819623,20.164289620819623,20.164289620819623,20.164289620819623,20.164289620819623,20.164289620819623,20.164289620819623,20.164289620819623,20.164289620819623,20.164289620819623,20.164289620819623,19.487981448067433,19.339890005184987,19.149251583344313,18.888726531316014,18.501420895036006,17.84823695460293,16.504274785911672,14.024474368500801,27.08708662616124,23.57013905868224,22.19985663297328,21.541337023065562,21.14979803546297,20.884436888529166,20.68808827510301,19.550067615516106,19.550067615516106,19.550067615516106,19.550067615516106,19.550067615516106,19.392183379144537,19.35231194611268,19.31106819889051,19.268381319826084,19.224173063791643,18.21432206543275,18.1668013318155,18.117468573026823,18.066203351370206,18.01287024216837,17.95731629681183,17.899367951479544,17.838827233208598,17.775467067606677,17.709025427354653,17.26898798119448,17.26898798119448,17.26898798119448,17.26898798119448,17.26898798119448,17.26898798119448,17.26898798119448,17.26898798119448,17.26898798119448,17.227682846737856,17.227682846737856,17.227682846737856,17.227682846737856,17.227682846737856,17.227682846737856,18.805544107361712,18.805544107361712,18.805544107361712,18.805544107361712,18.805544107361712,18.805544107361712,18.805544107361712,18.805544107361712,18.805544107361712,18.805544107361712,18.805544107361712,18.805544107361712,18.805544107361712,18.805544107361712,18.713952505586565,18.713952505586565,18.713952505586565,18.713952505586565,18.713952505586565,20.164289620819623
-0.23737373737373735,20.164289620819623,20.164289620819623,20.164289620819623,20.164289620819623,20.164289620819623,20.164289620819623,20.164289620819623,20.164289620819623,20.164289620819623,20.164289620819623,20.164289620819623,20.164289620819623,20.164289620819623,20.164289620819623,20.164289620819623,20.164289620819623,20.164289620819623,20.164289620819623,20.164289620819623,20.164289620819623,20.164289620819623,20.164289620819623,20.164289620819623,20.164289620819623,20.164289620819623,20.164289620819623,20.164289620819623,20.164289620819623,20.164289620819623,20.164289620819623,19.50812863922729,19.33079331363516,19.08258052691541,18.698069849306147,18.000890974451288,16.393127248066868,19.902296173009606,24.064985006133558,22.24336007126375,21.488464904675574,21.079828226098407,20.817518794223556,20.629640583598185,20.484451022934604,20.365842379734254,20.26478766938554,19.550067615516106,19.550067615516106,19.550067615516106,19.550067615516106,19.41783830842595,19.377506693414116,19.335765703235143,19.292538845215706,18.283706335950374,18.237243740504084,18.18901060208004,18.138888708764682,18.086744964679337,18.03242883211622,17.97576920561597,17.916570563358963,17.85460819095449,17.789622203218578,17.721309992317526,17.649316592864295,17.26898798119448,17.26898798119448,17.26898798119448,17.26898798119448,17.26898798119448,17.26898798119448,17.26898798119448,17.227682846737856,17.227682846737856,17.227682846737856,17.227682846737856,17.227682846737856,17.227682846737856,17.227682846737856,18.805544107361712,18.805544107361712,18.805544107361712,18.805544107361712,18.805544107361712,18.805544107361712,18.805544107361712,18.805544107361712,18.805544107361712,18.805544107361712,18.805544107361712,18.805544107361712,18.805544107361712,18.713952505586565,18.713952505586565,18.713952505586565,18.713952505586565,18.713952505586565,18.713952505586565,20.164289620819623
-0.22727272727272724,20.164289620819623,20.164289620819623,20.164289620819623,20.164289620819623,20.164289620819623,20.164289620819623,20.164289620819623,20.164289620819623,20.164289620819623,20.164289620819623,20.164289620819623,20.164289620819623,20.164289620819623,20.164289620819623,20.164289620819623,20.164289620819623,20.164289620819623,20.164289620819623,20.164289620819623,20.164289620819623,20.164289620819623,20.164289620819623,20.164289620819623,20.164289620819623,20.164289620819623,20.164289620819623,20.164289620819623,20.164289620819623,20.164289620819623,20.164289620819623,19.541336482834883,19.315835089048562,18.94894718560633,18.21877697068176,16.426502091743256,23.87615459376769,22.23631233043507,21.377517855521567,20.964372502210225,20.716175888659926,20.54470609639447,20.41466704424406,20.309330862930015,20.219775764518722,20.14081349511055,20.06922071009958,20.002887095996737,19.550067615516106,19.550067615516106,19.550067615516106,19.445265666588092,19.40451362732844,19.362314699878308,18.35455103583134,18.30920117930329,18.262126967318043,18.213212947641537,18.16232896604322,18.109327601375757,18.054041021587775,17.996277100273783,17.935814580245104,17.872396996809165,17.805724969623775,17.735446323930173,17.66114328767788,17.58231569590508,17.26898798119448,17.26898798119448,17.26898798119448,17.26898798119448,17.26898798119448,17.227682846737856,17.227682846737856,17.227682846737856,17.227682846737856,17.227682846737856,17.227682846737856,17.227682846737856,17.227682846737856,18.805544107361712,18.805544107361712,18.805544107361712,18.805544107361712,18.805544107361712,18.805544107361712,18.805544107361712,18.805544107361712,18.805544107361712,18.805544107361712,18.805544107361712,18.805544107361712,18.713952505586565,18.713952505586565,18.713952505586565,18.713952505586565,18.713952505586565,18.713952505586565,18.713952505586565,20.164289620819623
-0.21717171717171713,20.164289620819623,20.164289620819623,20.164289620819623,20.164289620819623,20.164289620819623,20.164289620819623,20.164289620819623,20.164289620819623,20.164289620819623,20.164289620819623,20.164289620819623,20.164289620819623,20.164289620819623,20.164289620819623,20.164289620819623,20.164289620819623,20.164289620819623,20.164289620819623,20.164289620819623,20.164289620819623,20.164289620819623,20.164289620819623,20.164289620819623,20.164289620819623,20.164289620819623,20.164289620819623,20.164289620819623,20.164289620819623,20.164289620819623,20.164289620819623,19.603847716936475,19.283760577583408,18.563187325843028,17.96551020706679,22.00404380098074,21.15534188401889,20.77704996060898,20.565667492008068,20.42431148743571,20.31816938167859,20.231976645056346,20.158032391835814,20.092038888783478,20.031408434190045,19.974487584738114,19.920167809720585,19.867675494773273,19.816451870441266,19.550067615516106,19.550067615516106,19.474661471038655,19.433539825727898,18.426898509316775,18.382719515527565,18.336867493848377,18.2892303549866,18.239681582345142,18.18807767716895,18.13425501724165,18.078025963790957,18.019173995480717,17.957447570451297,17.892552307106573,17.824140916090606,17.751800085263607,17.67503317773662,17.593237087331747,17.505670801996853,17.26898798119448,17.26898798119448,17.26898798119448,17.227682846737856,17.227682846737856,17.227682846737856,17.227682846737856,17.227682846737856,17.227682846737856,17.227682846737856,17.227682846737856,17.227682846737856,18.805544107361712,18.805544107361712,18.805544107361712,18.805544107361712,18.805544107361712,18.805544107361712,18.805544107361712,18.805544107361712,18.805544107361712,18.805544107361712,18.805544107361712,18.713952505586565,18.713952505586565,18.713952505586565,18.713952505586565,18.713952505586565,18.713952505586565,18.713952505586565,18.713952505586565,20.164289620819623
-0.20707070707070707,20.164289620819623,20.164289620819623,20.164289620819623,20.164289620819623,20.164289620819623,20.164289620819623,20.164289620819623,20.164289620819623,20.164289620819623,20.164289620819623,20.164289620819623,20.164289620819623,20.164289620819623,20.164289620819623,20.164289620819623,20.164289620819623,20.164289620819623,20.164289620819623,20.164289620819623,20.164289620819623,20.164289620819623,20.164289620819623,20.164289620819623,20.164289620819623,20.164289620819623,20.164289620819623,20.164289620819623,20.164289620819623,20.164289620819623,20.164289620819623,19.757473638270273,19.176602268730512,20.43662027382243,20.684678113874487,20.46686009891721,20.341459668128042,20.254857748111473,20.18666949672731,20.128370296234024,20.075840383573734,20.026855070496655,19.980106991618047,19.93477496272774,19.890314378171485,19.84634709409509,19.80259982649235,19.75886785353991,19.714992672858884,19.670847724211217,19.550067615516106,19.50625543606051,18.500793347539155,18.45784713194458,18.41328483507411,18.366998412205383,18.318865774711043,18.268748266303543,18.216487550192554,18.161901738058994,18.104780533616967,18.044879081874605,17.98191009893662,17.915533689211433,17.845344010314385,17.77085157771162,17.69145944067096,17.60643059008565,17.514842573678642,17.41552303457489,17.26898798119448,17.227682846737856,17.227682846737856,17.227682846737856,17.227682846737856,17.227682846737856,17.227682846737856,17.227682846737856,17.227682846737856,17.227682846737856,17.227682846737856,18.805544107361712,18.805544107361712,18.805544107361712,18.805544107361712,18.805544107361712,18.805544107361712,18.805544107361712,18.805544107361712,18.805544107361712,18.805544107361712,18.713952505586565,18.713952505586565,18.713952505586565,18.713952505586565,18.713952505586565,18.713952505586565,18.713952505586565,18.713952505586565,18.713952505586565,20.164289620819623
-0.19696969696969696,20.164289620819623,20.164289620819623,20.164289620819623,20.164289620819623,20.164289620819623,20.164289620819623,20.164289620819623,20.164289620819623,20.164289620819623,20.164289620819623,20.164289620819623,20.164289620819623,20.164289620819623,20.164289620819623,20.164289620819623,20.164289620819623,20.164289620819623,20.164289620819623,20.164289620819623,20.164289620819623,20.164289620819623,20.164289620819623,20.164289620819623,20.164289620819623,20.164289620819623,20.164289620819623,20.164289620819623,20.164289620819623,20.164289620819623,20.164289620819623,20.148060305033276,19.37123887193145,20.03575197898614,20.116323165164072,20.10891823819119,20.08542621703125,20.056602259322297,20.025271703453974,19.992432931958653,19.95850653791233,19.923689517865434,19.888079180384114,19.851723398253647,19.814643355688208,19.776844754055187,19.73832371105064,19.699070032908143,19.659069103921098,19.6183030092333,19.576751212620657,18.571957760782002,18.530841062133636,18.48820644288548,18.443956204588815,18.397980179705723,18.35015352619568,18.300334013831947,18.24835865809637,18.194039508535205,18.13715832991817,18.077459817325316,18.014642846408933,17.94834905567528,17.87814775385057,17.803515685507755,17.723809477650807,17.638227467499394,17.545755793836083,17.445090607425314,17.29321587264083,17.227682846737856,17.227682846737856,17.227682846737856,17.227682846737856,17.227682846737856,17.227682846737856,17.227682846737856,17.227682846737856,17.227682846737856,17.227682846737856,18.805544107361712,18.805544107361712,18.805544107361712,18.805544107361712,18.805544107361712,18.805544107361712,18.805544107361712,18.805544107361712,18.805544107361712,18.713952505586565,18.713952505586565,18.713952505586565,18.713952505586565,18.713952505586565,18.713952505586565,18.713952505586565,18.713952505586565,18.713952505586565,18.713952505586565,20.164289620819623
-0.18686868686868685,20.164289620819623,20.164289620819623,20.164289620819623,20.164289620819623,20.164289620819623,20.164289620819623,20.164289620819623,20.164289620819623,20.164289620819623,20.164289620819623,20.164289620819623,20.164289620819623,20.164289620819623,20.164289620819623,20.164289620819623,20.164289620819623,20.164289620819623,20.164289620819623,20.164289620819623,20.164289620819623,20.164289620819623,20.164289620819623,20.164289620819623,20.164289620819623,20.164289620819623,20.164289620819623,20.164289620819623,20.164289620819623,20.164289620819623,20.164289620819623,19.31195597715519,20.092479082491987,19.332028611402887,20.022490627495642,20.092028596678638,20.08324046353614,20.059527081775137,20.030754603592513,19.999564478851106,19.966899956160947,19.933160862469727,19.89853509610323,19.86311554484002,19.826947776953958,19.79005172059571,19.75243237749858,19.714085476697868,19.67500061613495,19.63516307889637,18.630519356797404,18.513082052000435,18.5521357188178,18.51111275658053,18.468563735055877,18.424390416439593,18.378481983247013,18.33071280876684,18.28093971250799,18.22899855425286,18.174699970491375,18.117823987199795,18.05811314383733,17.99526362074755,17.92891365346507,17.858628206989028,17.783878412631726,17.70401354242409,17.618222145072362,17.484165098778412,17.383146419320592,17.227682846737856,17.227682846737856,17.227682846737856,17.227682846737856,17.227682846737856,17.227682846737856,17.227682846737856,17.227682846737856,17.227682846737856,17.227682846737856,18.805544107361712,18.805544107361712,18.805544107361712,18.805544107361712,18.805544107361712,18.805544107361712,18.805544107361712,18.805544107361712,18.713952505586565,18.713952505586565,18.713952505586565,18.713952505586565,18.713952505586565,18.713952505586565,18.713952505586565,18.713952505586565,18.713952505586565,18.713952505586565,18.713952505586565,20.164289620819623
-0.17676767676767674,20.164289620819623,20.164289620819623,20.164289620819623,20.164289620819623,20.164289620819623,20.164289620819623,20.164289620819623,20.164289620819623,20.164289620819623,20.164289620819623,20.164289620819623,20.164289620819623,20.164289620819623,20.164289620819623,20.164289620819623,20.164289620819623,20.164289620819623,20.164289620819623,20.164289620819623,20.164289620819623,20.164289620819623,20.164289620819623,20.164289620819623,20.164289620819623,20.164289620819623,20.164289620819623,20.164289620819623,20.164289620819623,20.164289620819623,20.164289620819623,19.720353757333577,19.322043968156255,20.034426193949535,19.32043267162441,20.00830122957939,20.068184958357204,20.058132559414105,20.034213787788897,20.005490584030504,19.974433944307368,19.941935269294063,19.908374665274657,19.87393132496676,19.838693877956914,19.802705657767046,19.76598536490116,19.72853731013903,19.69035683268773,18.68739858591554,18.647716735172565,18.47543593581431,18.42056982755631,18.5326730368919,18.491737702471646,18.449268285872105,18.405165999755166,18.359319365555617,18.31160195947694,18.26186963664132,18.209957084733432,18.155673507747164,18.098797169338578,18.039068424283816,17.97618072098285,17.909768844879757,17.839393355409708,17.7645196877944,17.643174738192638,17.557168270392715,17.464143791182966,17.227682846737856,17.227682846737856,17.227682846737856,17.227682846737856,17.227682846737856,17.227682846737856,17.227682846737856,17.227682846737856,17.227682846737856,17.227682846737856,18.805544107361712,18.805544107361712,18.805544107361712,18.805544107361712,18.805544107361712,18.805544107361712,18.805544107361712,18.713952505586565,18.713952505586565,18.713952505586565,18.713952505586565,18.713952505586565,18.713952505586565,18.713952505586565,18.713952505586565,18.713952505586565,18.713952505586565,18.713952505586565,18.713952505586565,20.164289620819623
-0.16666666666666663,20.164289620819623,20.164289620819623,20.164289620819623,20.164289620819623,20.164289620819623,20.164289620819623,20.164289620819623,20.164289620819623,20.164289620819623,20.164289620819623,20.164289620819623,20.164289620819623,20.164289620819623,20.164289620819623,20.164289620819623,20.164289620819623,20.164289620819623,20.164289620819623,20.164289620819623,20.164289620819623,20.164289620819623,20.164289620819623,20.164289620819623,20.164289620819623,20.164289620819623,20.164289620819623,20.164289620819623,20.164289620819623,20.164289620819623,20.164289620819623,19.785120757725988,19.690667772219527,19.328537077667377,19.97360909998379,19.333279913475188,19.993372529256767,20.04478232694628,20.033572650054147,20.009463188064014,19.980787188398654,19.949857509055583,19.917516767488287,19.88412633613684,19.849857076364476,19.81479351611864,19.778976822238267,19.74242449599208,18.741106578593698,18.703084549364327,18.664314730490673,18.437257534332584,18.380790912811488,18.31911765669218,18.513557558640002,18.472704027777436,18.4303084982,18.386271623173215,18.340481252200725,18.292810152232832,18.243113200087247,18.191223895107058,18.136949989442897,18.080067960917326,18.02031595046998,17.957384637688886,17.890905310375977,17.779117300831423,17.70411465956952,17.623914180479854,17.53768442470913,17.227682846737856,17.227682846737856,17.227682846737856,17.227682846737856,17.227682846737856,17.227682846737856,17.227682846737856,17.227682846737856,17.227682846737856,17.227682846737856,18.805544107361712,18.805544107361712,18.805544107361712,18.805544107361712,18.805544107361712,18.805544107361712,18.713952505586565,18.713952505586565,18.713952505586565,18.713952505586565,18.713952505586565,18.713952505586565,18.713952505586565,18.713952505586565,18.713952505586565,18.713952505586565,18.713952505586565,18.713952505586565,18.713952505586565,20.164289620819623
-0.15656565656565652,20.164289620819623,20.164289620819623,20.164289620819623,20.164289620819623,20.164289620819623,20.164289620819623,20.164289620819623,20.164289620819623,20.164289620819623,20.164289620819623,20.164289620819623,20.164289620819623,20.164289620819623,20.164289620819623,20.164289620819623,20.164289620819623,20.164289620819623,20.164289620819623,20.164289620819623,20.164289620819623,20.164289620819623,20.164289620819623,20.164289620819623,20.164289620819623,20.164289620819623,20.164289620819623,20.164289620819623,20.164289620819623,20.164289620819623,20.164289620819623,19.80208857483559,19.749893433049547,19.65976270644667,19.331040304277064,19.909672952801934,19.36405870312457,19.977861765869307,20.021810616043254,20.009540077869556,19.98525346518505,19.95662272045065,19.925813865020263,19.893623593325028,19.860395475786035,19.826292399209525,19.791394940599584,18.791710214666125,18.75531752718688,18.718188974347928,18.680319079194977,18.398461784258473,18.34008019990678,18.275901967458054,18.205251286698736,18.494777731462595,18.454000445490934,18.411673341923464,18.367696505046922,18.321957101831977,18.274327078021788,18.224660318384966,18.172789117803294,18.118519757299886,18.061626905334414,18.001846459735713,17.89754830161981,17.83099675597885,17.760424918976817,17.685286617221955,17.604908420629517,17.227682846737856,17.227682846737856,17.227682846737856,17.227682846737856,17.227682846737856,17.227682846737856,17.227682846737856,17.227682846737856,17.227682846737856,17.227682846737856,18.805544107361712,18.805544107361712,18.805544107361712,18.805544107361712,18.805544107361712,18.713952505586565,18.713952505586565,18.713952505586565,18.713952505586565,18.713952505586565,18.713952505586565,18.713952505586565,18.713952505586565,18.713952505586565,18.713952505586565,18.713952505586565,18.713952505586565,18.713952505586565,18.713952505586565,20.164289620819623
-0.1464646464646464,20.164289620819623,20.164289620819623,20.164289620819623,20.164289620819623,20.164289620819623,20.164289620819623,20.164289620819623,20.164289620819623,20.164289620819623,20.164289620819623,20.164289620819623,20.164289620819623,20.164289620819623,20.164289620819623,20.164289620819623,20.164289620819623,20.164289620819623,20.164289620819623,20.164289620819623,20.164289620819623,20.164289620819623,20.164289620819623,20.164289620819623,20.164289620819623,20.164289620819623,20.164289620819623,20.164289620819623,20.164289620819623,20.164289620819623,20.164289620819623,19.80479614096966,19.76556515930458,19.71394763696641,19.62769001510353,19.32944126195408,19.8421918030303,19.40519291047991,19.96189985147759,19.999259668508742,19.986015315448242,19.961564032410383,19.93297670266483,19.902282892713078,19.870236044991323,19.83716280813473,18.839188959691874,18.804448801687624,18.768951596995688,18.73271245680108,18.695733625705422,18.358954161961186,18.298269338657995,18.23106246979825,18.156486816837013,18.07348802386084,18.47632256653537,18.435616215187576,18.393352316981108,18.349430377889405,18.303736871966816,18.256142911980053,18.2065013770491,18.15464334157156,18.10037359619489,18.002146130448818,17.94233268536258,17.87929910111165,17.812669546660384,17.741991014147533,17.66671137919225,17.227682846737856,17.227682846737856,17.227682846737856,17.227682846737856,17.227682846737856,17.227682846737856,17.227682846737856,17.227682846737856,17.227682846737856,17.227682846737856,18.805544107361712,18.805544107361712,18.805544107361712,18.805544107361712,18.713952505586565,18.713952505586565,18.713952505586565,18.713952505586565,18.713952505586565,18.713952505586565,18.713952505586565,18.713952505586565,18.713952505586565,18.713952505586565,18.713952505586565,18.713952505586565,18.713952505586565,18.713952505586565,18.713952505586565,20.164289620819623
-0.13636363636363635,20.164289620819623,20.164289620819623,20.164289620819623,20.164289620819623,20.164289620819623,20.164289620819623,20.164289620819623,20.164289620819623,20.164289620819623,20.164289620819623,20.164289620819623,20.164289620819623,20.164289620819623,20.164289620819623,20.164289620819623,20.164289620819623,20.164289620819623,20.164289620819623,20.164289620819623,20.164289620819623,20.164289620819623,20.164289620819623,20.164289620819623,20.164289620819623,20.164289620819623,20.164289620819623,20.164289620819623,20.164289620819623,20.164289620819623,20.164289620819623,19.80167780753927,19.76819114790089,19.72854481682408,19.677325644033004,19.594499082448728,19.32379619492477,19.770660158572415,19.449987508442103,19.945595772739807,19.97711933054358,19.96297988535,19.938375443745933,19.90982978775146,19.879245575556595,18.88331010535086,18.85038232640125,18.81658776361809,18.781999335596623,18.746651985129716,18.710559709985944,18.31862744156191,18.25515211665953,18.18424811515581,18.10483332445164,18.015535071923612,17.91458625898311,18.458181602139383,18.41754110775106,18.375335419423198,18.331463455700973,18.28581098753017,18.23824828309034,18.188627202373162,18.095458126772005,18.041183561824674,17.984254770368192,17.92440308816616,17.86131068067386,17.794598073966377,17.723807600160317,17.227682846737856,17.227682846737856,17.227682846737856,17.227682846737856,17.227682846737856,17.227682846737856,17.227682846737856,17.227682846737856,17.227682846737856,17.227682846737856,18.805544107361712,18.805544107361712,18.805544107361712,18.713952505586565,18.713952505586565,18.713952505586565,18.713952505586565,18.713952505586565,18.713952505586565,18.713952505586565,18.713952505586565,18.713952505586565,18.713952505586565,18.713952505586565,18.713952505586565,18.713952505586565,18.713952505586565,18.713952505586565,18.713952505586565,20.164289620819623
-0.12626262626262624,20.164289620819623,20.164289620819623,20.164289620819623,20.164289620819623,20.164289620819623,20.164289620819623,20.164289620819623,20.164289620819623,20.164289620819623,20.164289620819623,20.164289620819623,20.164289620819623,20.164289620819623,20.164289620819623,20.164289620819623,20.164289620819623,20.164289620819623,20.164289620819623,20.164289620819623,20.164289620819623,20.164289620819623,20.164289620819623,20.164289620819623,20.164289620819623,20.164289620819623,20.164289620819623,20.164289620819623,20.164289620819623,20.164289620819623,20.164289620819623,19.79586817538904,19.765572024662525,19.731282010241458,19.691091876188462,19.640077276577124,19.560240691648694,19.314256521788167,19.694487006035903,19.49358555340479,19.929040285727947,19.955379510746404,19.940416286894365,19.915669312054213,18.92314606560567,18.892661612237195,18.86087876270878,18.828092194356596,18.794442538044994,18.7599991848894,18.724795168484167,18.27735709813095,18.21046861217807,18.134996117112827,18.04952468831193,17.952219779018723,17.840660006176787,17.711584151980887,18.44034486998164,18.399765372953237,18.357613110193856,18.31378640389942,18.26817031188163,18.1793143392329,18.129709364120515,18.07786386315471,18.023579596371707,17.96662567239377,17.906731095246027,17.843575111422155,17.776774554513917,17.227682846737856,17.227682846737856,17.227682846737856,17.227682846737856,17.227682846737856,17.227682846737856,17.227682846737856,17.227682846737856,17.227682846737856,17.227682846737856,18.805544107361712,18.805544107361712,18.713952505586565,18.713952505586565,18.713952505586565,18.713952505586565,18.713952505586565,18.713952505586565,18.713952505586565,18.713952505586565,18.713952505586565,18.713952505586565,18.713952505586565,18.713952505586565,18.713952505586565,18.713952505586565,18.713952505586565,18.713952505586565,18.713952505586565,20.164289620819623
-0.11616161616161613,20.164289620819623,20.164289620819623,20.164289620819623,20.164289620819623,20.164289620819623,20.164289620819623,20.164289620819623,20.164289620819623,20.164289620819623,20.164289620819623,20.164289620819623,20.164289620819623,20.164289620819623,20.164289620819623,20.164289620819623,20.164289620819623,20.164289620819623,20.164289620819623,20.164289620819623,20.164289620819623,20.164289620819623,20.164289620819623,20.164289620819623,20.164289620819623,20.164289620819623,20.164289620819623,20.164289620819623,20.164289620819623,20.164289620819623,20.164289620819623,19.788846054084445,19.760650812640176,19.729372070149886,19.69416723722909,19.65328828428195,19.60226597707897,19.524971882811048,19.301023614144313,19.612996306475935,19.533041045327415,19.91230899309877,19.934030226863737,18.95430965473628,18.929417494059038,18.900943138097563,18.87055837560155,18.838900085006085,18.806248402549215,18.77273726258202,18.73843265774456,18.234994525188586,18.163880587814006,18.082675988181006,17.98948006484177,17.881762782030172,17.7560815916523,17.60763237654898,17.42950784877606,18.422802864214386,18.38227970961219,18.340176286377023,18.2550700623335,18.209486056584243,18.161972402453877,18.112378886677174,18.060532833004252,18.00623445344217,17.949250952611504,17.889308972791184,17.8260848030574,17.227682846737856,17.227682846737856,17.227682846737856,17.227682846737856,17.227682846737856,17.227682846737856,17.227682846737856,17.227682846737856,17.227682846737856,17.227682846737856,18.805544107361712,18.713952505586565,18.713952505586565,18.713952505586565,18.713952505586565,18.713952505586565,18.713952505586565,18.713952505586565,18.713952505586565,18.713952505586565,18.713952505586565,18.713952505586565,18.713952505586565,18.713952505586565,18.713952505586565,18.713952505586565,18.713952505586565,18.713952505586565,18.713952505586565,20.164289620819623
-0.10606060606060602,20.164289620819623,20.164289620819623,20.164289620819623,20.164289620819623,20.164289620819623,20.164289620819623,20.164289620819623,20.164289620819623,20.164289620819623,20.164289620819623,20.164289620819623,20.164289620819623,20.164289620819623,20.164289620819623,20.164289620819623,20.164289620819623,20.164289620819623,20.164289620819623,20.164289620819623,20.164289620819623,20.164289620819623,20.164289620819623,20.164289620819623,20.164289620819623,20.164289620819623,20.164289620819623,20.164289620819623,20.164289620819623,20.164289620819623,20.164289620819623,19.7814494318538,19.754846929925275,19.725585692181106,19.69322308324791,19.656976531825077,19.615243897663593,19.563977862324165,19.488763167161068,19.284323168660094,19.52544116438036,19.56692873654631,18.931558517614974,18.94908724415958,18.93263994706941,18.907624516572927,18.87918728785939,18.84889761790086,18.817358233984564,18.784835434025915,18.75145673720806,18.191356592108576,18.114931718793443,18.026395889384883,17.923111731598787,17.801453120056113,17.656294871766026,17.480154163422856,17.26166975498108,16.982737743086574,18.40554651289472,18.32375472111911,18.281695888186867,18.237946466484264,18.19239006140797,18.14489434310351,18.09530803930449,18.043457189777737,17.98914043917669,17.932123064154478,17.872129314997593,17.227682846737856,17.227682846737856,17.227682846737856,17.227682846737856,17.227682846737856,17.227682846737856,17.227682846737856,17.227682846737856,17.227682846737856,17.227682846737856,18.713952505586565,18.713952505586565,18.713952505586565,18.713952505586565,18.713952505586565,18.713952505586565,18.713952505586565,18.713952505586565,18.713952505586565,18.713952505586565,18.713952505586565,18.713952505586565,18.713952505586565,18.713952505586565,18.713952505586565,18.713952505586565,18.713952505586565,18.713952505586565,18.713952505586565,20.164289620819623
-0.09595959595959591,18.374083125027706,18.374083125027706,18.374083125027706,18.374083125027706,18.374083125027706,18.374083125027706,18.374083125027706,18.374083125027706,18.374083125027706,18.374083125027706,18.374083125027706,18.374083125027706,18.374083125027706,18.374083125027706,18.374083125027706,18.374083125027706,18.374083125027706,18.374083125027706,18.374083125027706,18.374083125027706,18.374083125027706,18.374083125027706,18.374083125027706,18.374083125027706,18.374083125027706,18.374083125027706,18.374083125027706,18.374083125027706,18.374083125027706,18.374083125027706,18.34395703355119,18.318713615487816,18.291018835802117,18.260602493956803,18.227044204278453,18.18961418486258,18.146843396751233,18.0950747411164,18.021465877435958,17.83419488500548,18.000961927843736,17.20146950549728,17.48459027965098,17.498319955352688,17.4811859831014,17.45603536370271,17.427621967018045,17.397415342921995,17.36598415038795,17.333580609611914,17.54014504106504,17.456911206863808,17.35876226497927,17.24188840038149,17.1008332139636,16.927497889840836,16.709332889054345,16.42582362881934,16.04106241923308,15.486274678448769,17.741147478992822,17.700723784265328,17.658704996310984,17.61498759592481,17.5694544421803,17.521972310541276,17.472388850522407,17.420528794537688,17.366189191048147,17.30913335262787,17.60005031663388,17.60005031663388,17.60005031663388,17.60005031663388,17.60005031663388,17.60005031663388,17.60005031663388,17.60005031663388,17.60005031663388,17.50846329913803,19.33286384271045,19.33286384271045,19.33286384271045,19.33286384271045,19.33286384271045,19.33286384271045,19.33286384271045,19.33286384271045,19.33286384271045,19.33286384271045,19.33286384271045,19.33286384271045,19.33286384271045,19.33286384271045,19.33286384271045,19.33286384271045,19.33286384271045,19.33286384271045,19.33286384271045,18.374083125027706
-0.0858585858585858,18.374083125027706,18.374083125027706,18.374083125027706,18.374083125027706,18.374083125027706,18.374083125027706,18.374083125027706,18.374083125027706,18.374083125027706,18.374083125027706,18.374083125027706,18.374083125027706,18.374083125027706,18.374083125027706,18.374083125027706,18.374083125027706,18.374083125027706,18.374083125027706,18.374083125027706,18.374083125027706,18.374083125027706,18.374083125027706,18.374083125027706,18.374083125027706,18.374083125027706,18.374083125027706,18.374083125027706,18.374083125027706,18.374083125027706,18.374083125027706,18.337365870974914,18.31339575031062,18.28707356512418,18.258210208956204,18.226539869917175,18.191657794972162,18.152877347041613,18.108846255966608,18.05626060027638,17.983705876130564,17.811292621643556,17.899010532666946,17.22359698756254,17.467654538269468,17.47807925020142,17.460349864376337,17.43509268452483,17.406713883761963,17.376594018208852,17.345271368747024,17.49317467457712,17.401009949951675,17.289870859466134,17.153967729577754,16.98455603678165,16.7677809756525,16.480341735594976,16.07990957375185,15.481226911963995,14.486348354095817,12.545741219090383,17.72443682110347,17.68405661285129,17.642073980989853,17.59838477579173,17.552871104347943,17.50539884110575,17.45581455011497,17.403941647959154,17.349575576755466,17.60005031663388,17.60005031663388,17.60005031663388,17.60005031663388,17.60005031663388,17.60005031663388,17.60005031663388,17.60005031663388,17.50846329913803,17.50846329913803,19.33286384271045,19.33286384271045,19.33286384271045,19.33286384271045,19.33286384271045,19.33286384271045,19.33286384271045,19.33286384271045,19.33286384271045,19.33286384271045,19.33286384271045,19.33286384271045,19.33286384271045,19.33286384271045,19.33286384271045,19.33286384271045,19.33286384271045,19.33286384271045,19.33286384271045,18.374083125027706
-0.07575757575757575,18.374083125027706,18.374083125027706,18.374083125027706,18.374083125027706,18.374083125027706,18.374083125027706,18.374083125027706,18.374083125027706,18.374083125027706,18.374083125027706,18.374083125027706,18.374083125027706,18.374083125027706,18.374083125027706,18.374083125027706,18.374083125027706,18.374083125027706,18.374083125027706,18.374083125027706,18.374083125027706,18.374083125027706,18.374083125027706,18.374083125027706,18.374083125027706,18.374083125027706,18.374083125027706,18.374083125027706,18.374083125027706,18.374083125027706,18.374083125027706,18.331786163929888,18.309099919496717,18.28410441309598,18.256650941721052,18.22654528504187,18.193519704548027,18.15717661000751,18.116860480791505,18.071316672517426,18.017555351901397,17.945453393191958,17.78569220896076,17.78897609251555,17.2404522669388,17.450739692219994,17.458191076344512,17.439910639621562,17.414554038972195,17.386208509304794,17.356171482477464,17.44393384833068,17.339674659341313,17.210232434084464,17.046199270992105,16.832305092264328,16.542040256683116,16.12515982181784,15.474350289784429,14.319084087706912,11.860630467455548,15.694240445067408,28.318506278285152,17.707986951955416,17.667646279167837,17.62569589976772,17.58203102525345,17.53653300125237,17.489066790114634,17.439477857254033,17.38758828750184,17.60005031663388,17.60005031663388,17.60005031663388,17.60005031663388,17.60005031663388,17.60005031663388,17.60005031663388,17.50846329913803,17.50846329913803,17.50846329913803,19.33286384271045,19.33286384271045,19.33286384271045,19.33286384271045,19.33286384271045,19.33286384271045,19.33286384271045,19.33286384271045,19.33286384271045,19.33286384271045,19.33286384271045,19.33286384271045,19.33286384271045,19.33286384271045,19.33286384271045,19.33286384271045,19.33286384271045,19.33286384271045,19.33286384271045,18.374083125027706
-0.06565656565656564,18.374083125027706,18.374083125027706,18.374083125027706,18.374083125027706,18.374083125027706,18.374083125027706,18.374083125027706,18.374083125027706,18.374083125027706,18.374083125027706,18.374083125027706,18.374083125027706,18.374083125027706,18.374083125027706,18.374083125027706,18.374083125027706,18.374083125027706,18.374083125027706,18.374083125027706,18.374083125027706,18.374083125027706,18.374083125027706,18.374083125027706,18.374083125027706,18.374083125027706,18.374083125027706,18.374083125027706,18.374083125027706,18.374083125027706,18.374083125027706,18.32760783314562,18.306288101729603,18.282672553833752,18.256633459834415,18.228011386392993,18.196600542573165,18.16212271075955,18.124175845180236,18.08211910013113,18.03477021590676,17.979406536457816,17.907055890181564,17.75773500230943,17.670821771614747,17.25266466346714,17.433876000364002,17.438646389478432,17.419855438710652,17.39440602772201,17.366092497281635,17.391743263258654,17.27040749171639,17.113675170707,16.9047795301857,16.613559111159258,16.179985150510387,15.466682591541398,14.092793917481009,11.102576707211384,28.403251181768976,24.3952024618011,21.737858753861392,20.607974969591762,17.691790291074163,17.651485354117646,17.60956347039685,17.565919204470717,17.52043313108463,17.47296928944531,17.423372033157463,17.60005031663388,17.60005031663388,17.60005031663388,17.60005031663388,17.60005031663388,17.60005031663388,17.50846329913803,17.50846329913803,17.50846329913803,17.50846329913803,19.33286384271045,19.33286384271045,19.33286384271045,19.33286384271045,19.33286384271045,19.33286384271045,19.33286384271045,19.33286384271045,19.33286384271045,19.33286384271045,19.33286384271045,19.33286384271045,19.33286384271045,19.33286384271045,19.33286384271045,19.33286384271045,19.33286384271045,19.33286384271045,19.33286384271045,18.374083125027706
-0.055555555555555525,18.374083125027706,18.374083125027706,18.374083125027706,18.374083125027706,18.374083125027706,18.374083125027706,18.374083125027706,18.374083125027706,18.374083125027706,18.374083125027706,18.374083125027706,18.374083125027706,18.374083125027706,18.374083125027706,18.374083125027706,18.374083125027706,18.374083125027706,18.374083125027706,18.374083125027706,18.374083125027706,18.374083125027706,18.374083125027706,18.374083125027706,18.374083125027706,18.374083125027706,18.374083125027706,18.374083125027706,18.374083125027706,18.374083125027706,18.374083125027706,18.325253897730718,18.305448053818374,18.283347317493366,18.258835628094147,18.231771242395375,18.20197754363018,18.169228482121177,18.133223485465304,18.09353950997797,18.04952666561982,18.00003913541835,17.942559260640923,17.869108737291768,17.727897194503505,17.54538028824449,17.260875132433164,17.417088602229107,17.419436377692655,17.40017200078784,17.374635902567054,17.335474780600737,17.188591292683963,16.987715288831282,16.698628568480316,16.249248426772088,15.460489269867121,13.783212519171762,12.42125044041266,26.1436903285965,22.145341419270125,20.674338806768894,19.95798750768483,19.53028940108487,19.240458621864367,17.675839578559774,17.635566720721744,17.593669714574663,17.550042469646627,17.504564780433586,17.457099751974635,17.60005031663388,17.60005031663388,17.60005031663388,17.60005031663388,17.60005031663388,17.50846329913803,17.50846329913803,17.50846329913803,17.50846329913803,17.50846329913803,19.33286384271045,19.33286384271045,19.33286384271045,19.33286384271045,19.33286384271045,19.33286384271045,19.33286384271045,19.33286384271045,19.33286384271045,19.33286384271045,19.33286384271045,19.33286384271045,19.33286384271045,19.33286384271045,19.33286384271045,19.33286384271045,19.33286384271045,19.33286384271045,19.33286384271045,18.374083125027706
-0.045454545454545414,18.374083125027706,18.374083125027706,18.374083125027706,18.374083125027706,18.374083125027706,18.374083125027706,18.374083125027706,18.374083125027706,18.374083125027706,18.374083125027706,18.374083125027706,18.374083125027706,18.374083125027706,18.374083125027706,18.374083125027706,18.374083125027706,18.374083125027706,18.374083125027706,18.374083125027706,18.374083125027706,18.374083125027706,18.374083125027706,18.374083125027706,18.374083125027706,18.374083125027706,18.374083125027706,18.374083125027706,18.374083125027706,18.374083125027706,18.374083125027706,18.32521021933372,18.30713320197252,18.28676265719472,18.26399055043406,18.23868555032772,18.21068603449237,18.17978997490425,18.14573940746423,18.108194713441705,18.066687612283157,18.020523234091716,17.968536931832517,17.908323569216318,17.83269821272194,17.69695491000433,17.4148463984181,17.26568274150289,17.400398338090667,17.400552466251582,17.380848636999705,17.273031954723372,17.084535044406305,16.802665119140922,16.340720965363968,15.461008041445229,13.394669512684018,21.901628127040087,22.772711694645608,20.74256218865268,19.898624482308875,19.441198877620856,19.14933109555907,18.94204908977125,18.78310759562169,18.653932810236565,17.660127857137642,17.619883556760016,17.578007941150258,17.534394256776746,17.488921508558022,17.60005031663388,17.60005031663388,17.60005031663388,17.60005031663388,17.50846329913803,17.50846329913803,17.50846329913803,17.50846329913803,17.50846329913803,17.50846329913803,19.33286384271045,19.33286384271045,19.33286384271045,19.33286384271045,19.33286384271045,19.33286384271045,19.33286384271045,19.33286384271045,19.33286384271045,19.33286384271045,19.33286384271045,19.33286384271045,19.33286384271045,19.33286384271045,19.33286384271045,19.33286384271045,19.33286384271045,19.33286384271045,19.33286384271045,18.374083125027706
-0.035353535353535304,18.374083125027706,18.374083125027706,18.374083125027706,18.374083125027706,18.374083125027706,18.374083125027706,18.374083125027706,18.374083125027706,18.374083125027706,18.374083125027706,18.374083125027706,18.374083125027706,18.374083125027706,18.374083125027706,18.374083125027706,18.374083125027706,18.374083125027706,18.374083125027706,18.374083125027706,18.374083125027706,18.374083125027706,18.374083125027706,18.374083125027706,18.374083125027706,18.374083125027706,18.374083125027706,18.374083125027706,18.374083125027706,18.374083125027706,18.374083125027706,18.32805744523798,18.312002984207563,18.293669613869056,18.27295776884123,18.249745478396367,18.223882170087744,18.19518013643379,18.16340232114185,18.12824399830526,18.08930354991125,18.046031734612807,17.997632346993814,17.942830797743973,17.87917941489895,17.799979532562947,17.666399634385005,17.283208927474043,17.26762184253666,17.383822431064605,17.381986319949853,17.19987975826223,16.933738299258653,16.46743840714424,15.481593014126345,13.368109581456423,23.29688705512689,20.808023217660196,19.790847980282653,19.304980338839208,19.01776148180777,18.823451445769738,18.679132587226146,18.56425332078363,18.467771830141437,18.383232417017062,18.306607200894963,17.64464845547233,17.604429318625122,17.56257173049715,17.51896826652022,17.60005031663388,17.60005031663388,17.60005031663388,17.50846329913803,17.50846329913803,17.50846329913803,17.50846329913803,17.50846329913803,17.50846329913803,17.50846329913803,19.33286384271045,19.33286384271045,19.33286384271045,19.33286384271045,19.33286384271045,19.33286384271045,19.33286384271045,19.33286384271045,19.33286384271045,19.33286384271045,19.33286384271045,19.33286384271045,19.33286384271045,19.33286384271045,19.33286384271045,19.33286384271045,19.33286384271045,19.33286384271045,19.33286384271045,18.374083125027706
-0.025252525252525193,18.374083125027706,18.374083125027706,18.374083125027706,18.374083125027706,18.374083125027706,18.374083125027706,18.374083125027706,18.374083125027706,18.374083125027706,18.374083125027706,18.374083125027706,18.374083125027706,18.374083125027706,18.374083125027706,18.374083125027706,18.374083125027706,18.374083125027706,18.374083125027706,18.374083125027706,18.374083125027706,18.374083125027706,18.374083125027706,18.374083125027706,18.374083125027706,18.374083125027706,18.374083125027706,18.374083125027706,18.374083125027706,18.374083125027706,18.374083125027706,18.334509948108874,18.320870825071083,18.30499632133274,18.28679991842741,18.266173625589786,18.242982129719298,18.217054827889097,18.18817466835254,18.15606203430846,18.120350597661208,18.080549391420973,18.03597923066502,17.985655449697077,17.928037017120943,17.86034400369388,17.775782441016865,17.639683927096765,17.15619823480508,17.267156189405313,17.36737505570384,17.103763563058344,16.652462759623624,15.56171337419806,16.97869534026581,20.797124700562485,19.59966812478321,19.100137093456762,18.83221981991347,18.661405437133258,18.53908439196715,18.44377824830399,18.364592675057683,18.29542768910782,18.23260390435307,18.17376818425065,18.11734165840323,18.062220786569316,17.629394972637993,17.589197726288308,17.54735491995511,17.60005031663388,17.60005031663388,17.50846329913803,17.50846329913803,17.50846329913803,17.50846329913803,17.50846329913803,17.50846329913803,17.50846329913803,17.50846329913803,19.33286384271045,19.33286384271045,19.33286384271045,19.33286384271045,19.33286384271045,19.33286384271045,19.33286384271045,19.33286384271045,19.33286384271045,19.33286384271045,19.33286384271045,19.33286384271045,19.33286384271045,19.33286384271045,19.33286384271045,19.33286384271045,19.33286384271045,19.33286384271045,19.33286384271045,18.374083125027706
-0.015151515151515138,18.374083125027706,18.374083125027706,18.374083125027706,18.374083125027706,18.374083125027706,18.374083125027706,18.374083125027706,18.374083125027706,18.374083125027706,18.374083125027706,18.374083125027706,18.374083125027706,18.374083125027706,18.374083125027706,18.374083125027706,18.374083125027706,18.374083125027706,18.374083125027706,18.374083125027706,18.374083125027706,18.374083125027706,18.374083125027706,18.374083125027706,18.374083125027706,18.374083125027706,18.374083125027706,18.374083125027706,18.374083125027706,18.374083125027706,18.374083125027706,18.345467218793935,18.33476726223165,18.32192630529775,18.30688105021279,18.289549475015683,18.26982567510985,18.24757275388003,18.222612767786295,18.194712121752143,18.163559723459336,18.12873317023608,18.089644189060717,18.045445783330205,17.994862282253376,17.935842597242935,17.86471183149777,17.77323872360948,17.627149169671796,17.039423124117267,17.264681683402667,16.936997498277275,15.841204298302054,19.82729570272862,19.234773814592838,18.786198056598845,18.570638269513882,18.442390819962178,18.353940134252195,18.286088022307393,18.22970828689402,18.179933327924655,18.133936506142753,18.089964633334848,18.046870628564456,18.003869087044087,17.96040000853573,17.916048727407613,17.87049673676803,17.61436126364936,17.574182749285313,17.60005031663388,17.50846329913803,17.50846329913803,17.50846329913803,17.50846329913803,17.50846329913803,17.50846329913803,17.50846329913803,17.50846329913803,17.50846329913803,19.33286384271045,19.33286384271045,19.33286384271045,19.33286384271045,19.33286384271045,19.33286384271045,19.33286384271045,19.33286384271045,19.33286384271045,19.33286384271045,19.33286384271045,19.33286384271045,19.33286384271045,19.33286384271045,19.33286384271045,19.33286384271045,19.33286384271045,19.33286384271045,19.33286384271045,18.374083125027706
-0.0050505050505050275,18.374083125027706,18.374083125027706,18.374083125027706,18.374083125027706,18.374083125027706,18.374083125027706,18.374083125027706,18.374083125027706,18.374083125027706,18.374083125027706,18.374083125027706,18.374083125027706,18.374083125027706,18.374083125027706,18.374083125027706,18.374083125027706,18.374083125027706,18.374083125027706,18.374083125027706,18.374083125027706,18.374083125027706,18.374083125027706,18.374083125027706,18.374083125027706,18.374083125027706,18.374083125027706,18.374083125027706,18.374083125027706,18.374083125027706,18.374083125027706,18.362085248967798,18.35502836064711,18.346008971041496,18.33500615114709,18.321987745474537,18.306907487466745,18.289700926670537,18.270279501915667,18.24852165539995,18.22425907636354,18.19725461805726,18.167165311311578,18.133477182702958,18.095382962577567,18.05153366407074,17.999477770579343,17.93418950005026,17.84313528647853,17.678244402644665,16.910015675307516,16.697393133687942,18.399493846062942,18.276171231627565,18.19382900342315,18.144899159607284,18.110304884859115,18.0820741139363,18.05651854670197,18.031737008480345,18.00666241180746,17.98065384232123,17.95330374040999,17.924339118536036,17.893567533060228,17.860845890154145,17.8260615875026,17.789120642421693,17.749939933490836,17.708441941308514,17.59954142596657,17.50846329913803,17.50846329913803,17.50846329913803,17.50846329913803,17.50846329913803,17.50846329913803,17.50846329913803,17.50846329913803,17.50846329913803,17.50846329913803,19.33286384271045,19.33286384271045,19.33286384271045,19.33286384271045,19.33286384271045,19.33286384271045,19.33286384271045,19.33286384271045,19.33286384271045,19.33286384271045,19.33286384271045,19.33286384271045,19.33286384271045,19.33286384271045,19.33286384271045,19.33286384271045,19.33286384271045,19.33286384271045,19.33286384271045,18.374083125027706
0.005050505050505083,18.374083125027706,18.374083125027706,18.374083125027706,18.374083125027706,18.374083125027706,18.374083125027706,18.374083125027706,18.374083125027706,18.374083125027706,18.374083125027706,18.374083125027706,18.374083125027706,18.374083125027706,18.374083125027706,18.374083125027706,18.374083125027706,18.374083125027706,18.374083125027706,18.374083125027706,18.374083125027706,18.374083125027706,18.374083125027706,18.374083125027706,18.374083125027706,18.374083125027706,18.374083125027706,18.374083125027706,18.374083125027706,18.374083125027706,18.374083125027706,18.367699742968888,18.341630547586746,18.31318012644924,18.2839320759153,18.253866157886325,18.2229600492527,18.191188892961872,18.1585246364415,18.124935015312087,18.090381920234538,17.821106316638815,17.78447539414767,17.746691701055543,17.70763050804064,17.667082634239886,17.624647704254496,17.579423438809403,17.528887879011254,17.463319130140622,17.31585973063469,16.58825188039279,17.239387945550867,17.294281689106928,17.27687523872913,17.245921685417848,17.210243559276456,17.172117487730695,17.13231923047675,17.09115483038101,17.048750447445258,18.08177674559839,18.036994159169517,17.99100852089144,17.94379077866802,17.89530251853404,17.84549819694408,17.79432628043668,17.741729771027877,17.68764636164938,17.54042135832811,17.50846329913803,17.50846329913803,17.50846329913803,17.50846329913803,17.50846329913803,17.50846329913803,17.50846329913803,17.50846329913803,17.50846329913803,17.50846329913803,19.33286384271045,19.33286384271045,19.33286384271045,19.33286384271045,19.33286384271045,19.33286384271045,19.33286384271045,19.33286384271045,19.33286384271045,19.33286384271045,19.33286384271045,19.33286384271045,19.33286384271045,19.33286384271045,19.33286384271045,19.33286384271045,19.33286384271045,19.33286384271045,19.33286384271045,18.374083125027706
0.015151515151515249,18.374083125027706,18.374083125027706,18.374083125027706,18.374083125027706,18.374083125027706,18.374083125027706,18.374083125027706,18.374083125027706,18.374083125027706,18.374083125027706,18.374083125027706,18.374083125027706,18.374083125027706,18.374083125027706,18.374083125027706,18.374083125027706,18.374083125027706,18.374083125027706,18.374083125027706,18.374083125027706,18.374083125027706,18.374083125027706,18.374083125027706,18.374083125027706,18.374083125027706,18.374083125027706,18.374083125027706,18.374083125027706,18.374083125027706,18.374083125027706,18.36883373063465,18.347463268278155,18.321545558319706,18.29323794482511,18.264127684420295,18.234194468280805,18.203415859515154,18.17176682868585,18.139219067872478,18.105739934831746,17.837576302469415,17.802111751446358,17.765568468737243,17.7278611813959,17.68886081111625,17.648349475414104,17.605907116530826,17.560578798145432,17.509662788009745,17.44253073920046,17.04066929102489,16.58416437451511,17.21967460528853,17.265623126790192,17.24714493674094,17.21608137699662,17.180516809064812,17.142574477637012,17.102984258800046,17.062034992565913,18.096466769466637,18.053082509291,18.00850465739886,17.962716781828714,17.915689225148427,17.86738320762223,17.817752950647606,17.76674675477507,17.622720582121556,17.568785762386955,17.50846329913803,17.50846329913803,17.50846329913803,17.50846329913803,17.50846329913803,17.50846329913803,17.50846329913803,17.50846329913803,17.50846329913803,17.50846329913803,19.33286384271045,19.33286384271045,19.33286384271045,19.33286384271045,19.33286384271045,19.33286384271045,19.33286384271045,19.33286384271045,19.33286384271045,19.33286384271045,19.33286384271045,19.33286384271045,19.33286384271045,19.33286384271045,19.33286384271045,19.33286384271045,19.33286384271045,19.33286384271045,19.33286384271045,18.374083125027706
0.025252525252525304,18.374083125027706,18.374083125027706,18.374083125027706,18.374083125027706,18.374083125027706,18.374083125027706,18.374083125027706,18.374083125027706,18.374083125027706,18.374083125027706,18.374083125027706,18.374083125027706,18.374083125027706,18.374083125027706,18.374083125027706,18.374083125027706,18.374083125027706,18.374083125027706,18.374083125027706,18.374083125027706,18.374083125027706,18.374083125027706,18.374083125027706,18.374083125027706,18.374083125027706,18.374083125027706,18.374083125027706,18.374083125027706,18.374083125027706,18.374083125027706,18.37468191797613,18.34884418505093,18.32762308855642,18.301850027075755,18.273678531361476,18.24469953655703,18.21489265404798,18.18423532340224,18.152702331830984,18.120265103054365,17.85317438244587,17.818825222110508,17.783451436285663,17.746990065868065,17.709353356662955,17.670407691312295,17.62992606218398,17.587467631797097,17.54202132777409,17.49069086887517,17.021901891125616,17.032316243423224,16.59724605547412,17.19941625734597,17.237537053051586,17.218082244713486,17.186918392888025,17.15146195345473,17.113694061782525,17.074301475956407,18.110174504559996,18.068192888863003,18.025008976734142,17.98062582947555,17.935025984231203,17.88817917972694,17.840046263891228,17.698994431160017,17.648145294716898,17.5958548777251,17.50846329913803,17.50846329913803,17.50846329913803,17.50846329913803,17.50846329913803,17.50846329913803,17.50846329913803,17.50846329913803,17.50846329913803,17.50846329913803,19.33286384271045,19.33286384271045,19.33286384271045,19.33286384271045,19.33286384271045,19.33286384271045,19.33286384271045,19.33286384271045,19.33286384271045,19.33286384271045,19.33286384271045,19.33286384271045,19.33286384271045,19.33286384271045,19.33286384271045,19.33286384271045,19.33286384271045,19.33286384271045,19.33286384271045,18.374083125027706
0.03535353535353536,18.374083125027706,18.374083125027706,18.374083125027706,18.374083125027706,18.374083125027706,18.374083125027706,18.374083125027706,18.374083125027706,18.374083125027706,18.374083125027706,18.374083125027706,18.374083125027706,18.374083125027706,18.374083125027706,18.374083125027706,18.374083125027706,18.374083125027706,18.374083125027706,18.374083125027706,18.374083125027706,18.374083125027706,18.374083125027706,18.374083125027706,18.374083125027706,18.374083125027706,18.374083125027706,18.374083125027706,18.374083125027706,18.374083125027706,18.374083125027706,18.387094026616147,18.354967653731574,18.329243669826607,18.308165237097956,18.282530338713762,18.254488610493265,18.225634684379525,18.195948083365018,18.16540611412532,18.133983369892267,17.867933286205947,17.834659414876434,17.800402902836524,17.765114410234073,17.728729463610218,17.691157727751957,17.65226084775791,17.611802245078156,17.569319136817683,17.523740573037824,16.987255936147697,17.007156101101295,17.01363522881633,16.625247793444753,17.178758286988806,17.210007764476014,17.18966177113905,17.158406461408898,17.12305301303256,17.085450787048035,18.122859037801526,18.08231372276786,18.040526267986923,17.997532926908864,17.953334964117566,17.90791390420643,17.769652281985763,17.721683670951503,17.672375308074194,17.62167512273839,17.50846329913803,17.50846329913803,17.50846329913803,17.50846329913803,17.50846329913803,17.50846329913803,17.50846329913803,17.50846329913803,17.50846329913803,17.50846329913803,19.33286384271045,19.33286384271045,19.33286384271045,19.33286384271045,19.33286384271045,19.33286384271045,19.33286384271045,19.33286384271045,19.33286384271045,19.33286384271045,19.33286384271045,19.33286384271045,19.33286384271045,19.33286384271045,19.33286384271045,19.33286384271045,19.33286384271045,19.33286384271045,19.33286384271045,18.374083125027706
0.045454545454545525,18.374083125027706,18.374083125027706,18.374083125027706,18.374083125027706,18.374083125027706,18.374083125027706,18.374083125027706,18.374083125027706,18.374083125027706,18.374083125027706,18.374083125027706,18.374083125027706,18.374083125027706,18.374083125027706,18.374083125027706,18.374083125027706,18.374083125027706,18.374083125027706,18.374083125027706,18.374083125027706,18.374083125027706,18.374083125027706,18.374083125027706,18.374083125027706,18.374083125027706,18.374083125027706,18.374083125027706,18.374083125027706,18.374083125027706,18.374083125027706,18.40883158791463,18.367701764962305,18.335635746067407,18.310018622861907,18.28907648766979,18.2635735933551,18.23565559804125,18.206920848471572,18.177348771048948,18.14691653055985,17.881879539818808,17.8496479501476,17.816467811764447,17.782298681958604,17.747090245055517,17.71077645603411,17.673264295175176,17.63441046262437,17.59396833950049,17.551451958544522,16.95033516040865,16.96933267884163,16.984358593253127,16.992060828366554,16.660818045473864,17.15782060704015,17.18301982085286,17.161859506751096,17.130520773710202,17.09526544797511,18.134427193014336,18.0954076726984,18.05504719466881,18.01344443515904,17.970632384905254,17.8350242203521,17.78977300817017,17.74326112014234,17.695448638705006,17.646289017412133,17.50846329913803,17.50846329913803,17.50846329913803,17.50846329913803,17.50846329913803,17.50846329913803,17.50846329913803,17.50846329913803,17.50846329913803,17.50846329913803,19.33286384271045,19.33286384271045,19.33286384271045,19.33286384271045,19.33286384271045,19.33286384271045,19.33286384271045,19.33286384271045,19.33286384271045,19.33286384271045,19.33286384271045,19.33286384271045,19.33286384271045,19.33286384271045,19.33286384271045,19.33286384271045,19.33286384271045,19.33286384271045,19.33286384271045,18.374083125027706
0.05555555555555558,18.374083125027706,18.374083125027706,18.374083125027706,18.374083125027706,18.374083125027706,18.374083125027706,18.374083125027706,18.374083125027706,18.374083125027706,18.374083125027706,18.374083125027706,18.374083125027706,18.374083125027706,18.374083125027706,18.374083125027706,18.374083125027706,18.374083125027706,18.374083125027706,18.374083125027706,18.374083125027706,18.374083125027706,18.374083125027706,18.374083125027706,18.374083125027706,18.374083125027706,18.374083125027706,18.374083125027706,18.374083125027706,18.374083125027706,18.374083125027706,18.444200906393988,18.389839066635954,18.348686004054677,18.316673023836035,18.29115619450043,18.270344301458884,18.244967555619766,18.217167552579205,18.188546371336017,18.159083333865738,17.895035385899316,17.86381800063733,17.831680692063486,17.798589195238858,17.764502410241814,17.729369010178512,17.693121319527275,17.65566352663731,17.616847169854807,17.57641509541899,16.9122766997235,16.930205870052983,16.945278323905423,16.958829485654277,16.96921161749567,16.697701406497384,17.136702060228465,17.156558093228938,17.134652727194673,17.10323787842854,18.144673518402943,18.107387764857563,18.068537834148792,18.028353159211232,17.895340164522015,17.852700362540677,17.80884590040486,17.763756322169023,17.717399565163674,17.66973532634642,17.50846329913803,17.50846329913803,17.50846329913803,17.50846329913803,17.50846329913803,17.50846329913803,17.50846329913803,17.50846329913803,17.50846329913803,17.50846329913803,19.33286384271045,19.33286384271045,19.33286384271045,19.33286384271045,19.33286384271045,19.33286384271045,19.33286384271045,19.33286384271045,19.33286384271045,19.33286384271045,19.33286384271045,19.33286384271045,19.33286384271045,19.33286384271045,19.33286384271045,19.33286384271045,19.33286384271045,19.33286384271045,19.33286384271045,18.374083125027706
0.06565656565656575,18.374083125027706,18.374083125027706,18.374083125027706,18.374083125027706,18.374083125027706,18.374083125027706,18.374083125027706,18.374083125027706,18.374083125027706,18.374083125027706,18.374083125027706,18.374083125027706,18.374083125027706,18.374083125027706,18.374083125027706,18.374083125027706,18.374083125027706,18.374083125027706,18.374083125027706,18.374083125027706,18.374083125027706,18.374083125027706,18.374083125027706,18.374083125027706,18.374083125027706,18.374083125027706,18.374083125027706,18.374083125027706,18.374083125027706,18.374083125027706,18.500294634632585,18.425741237479354,18.37121845628736,18.330033954913738,18.298067001830137,18.27264419696109,18.251956778819437,18.226700608412695,18.199013131122094,18.17050017488961,17.90741993286869,17.877192302208574,17.84606937214399,17.814021406860185,17.781013682504195,17.747004418518973,17.711941240579982,17.675754781881277,17.638346327251703,17.599562026409732,16.873138811623395,16.890503449819988,16.90536144040218,16.918770536786074,16.932137101671053,16.94564614978257,16.731611647706764,17.11548407747742,17.130607799449745,17.108019904110897,18.153119262227285,18.118060929546,18.080917123577937,17.950643140849643,17.910625321422337,17.869365165208812,17.82688945788996,17.783194355921797,17.738258447467043,17.692049080568708,17.50846329913803,17.50846329913803,17.50846329913803,17.50846329913803,17.50846329913803,17.50846329913803,17.50846329913803,17.50846329913803,17.50846329913803,17.50846329913803,19.33286384271045,19.33286384271045,19.33286384271045,19.33286384271045,19.33286384271045,19.33286384271045,19.33286384271045,19.33286384271045,19.33286384271045,19.33286384271045,19.33286384271045,19.33286384271045,19.33286384271045,19.33286384271045,19.33286384271045,19.33286384271045,19.33286384271045,19.33286384271045,19.33286384271045,18.374083125027706
0.0757575757575758,18.374083125027706,18.374083125027706,18.374083125027706,18.374083125027706,18.374083125027706,18.374083125027706,18.374083125027706,18.374083125027706,18.374083125027706,18.374083125027706,18.374083125027706,18.374083125027706,18.374083125027706,18.374083125027706,18.374083125027706,18.374083125027706,18.374083125027706,18.374083125027706,18.374083125027706,18.374083125027706,18.374083125027706,18.374083125027706,18.374083125027706,18.374083125027706,18.374083125027706,18.374083125027706,18.374083125027706,18.374083125027706,18.374083125027706,18.374083125027706,18.589652460062236,18.482606923563832,18.407651086423527,18.3529573507017,18.31173348950955,18.279805832552427,18.254471058306333,18.233902615300043,18.20876171077155,18.181181548675152,17.9190498752377,17.889790355544612,17.859657085200013,17.828623810968736,17.796660466975613,17.763731853994187,17.729795487047095,17.694797907285146,17.65866799387468,17.621304012138175,16.832827370670177,16.850096595904866,16.865042555646763,16.878395254356633,16.891127247432724,16.90489343031053,16.92160756310717,16.760135033825645,17.094233700226944,17.105154529619007,18.158501426178773,18.12697746249766,18.000419633420766,17.963410033645918,17.924874185550973,17.88501546191766,17.84391437407374,17.8015947850287,17.758051250612333,17.71326142205879,17.50846329913803,17.50846329913803,17.50846329913803,17.50846329913803,17.50846329913803,17.50846329913803,17.50846329913803,17.50846329913803,17.50846329913803,17.50846329913803,19.33286384271045,19.33286384271045,19.33286384271045,19.33286384271045,19.33286384271045,19.33286384271045,19.33286384271045,19.33286384271045,19.33286384271045,19.33286384271045,19.33286384271045,19.33286384271045,19.33286384271045,19.33286384271045,19.33286384271045,19.33286384271045,19.33286384271045,19.33286384271045,19.33286384271045,18.374083125027706
0.08585858585858586,18.374083125027706,18.374083125027706,18.374083125027706,18.374083125027706,18.374083125027706,18.374083125027706,18.374083125027706,18.374083125027706,18.374083125027706,18.374083125027706,18.374083125027706,18.374083125027706,18.374083125027706,18.374083125027706,18.374083125027706,18.374083125027706,18.374083125027706,18.374083125027706,18.374083125027706,18.374083125027706,18.374083125027706,18.374083125027706,18.374083125027706,18.374083125027706,18.374083125027706,18.374083125027706,18.374083125027706,18.374083125027706,18.374083125027706,18.374083125027706,18.736668609811307,18.5731978468089,18.46529061869363,18.38991845138235,18.335043981290195,18.293773094734664,18.261878262275427,18.236625780458837,18.21617106149541,18.19114035934789,17.929939964603783,17.90162917814112,17.87246372534029,17.842420142937566,17.81147193453067,17.779588691984088,17.746734724115534,17.712866817335776,17.67793039022737,17.641852503109448,16.79122547779297,16.808780121964276,16.824122705600097,16.837772956174156,16.850371953391292,16.862922753146822,16.877374850214217,16.89721597537358,16.782259213980414,17.073006069392783,18.156701022492545,18.041376620955575,18.009792231269486,17.97489806368187,17.938016742755167,17.89962672957154,17.85991936431863,17.818969625788654,17.77679855914985,17.73339916560623,17.50846329913803,17.50846329913803,17.50846329913803,17.50846329913803,17.50846329913803,17.50846329913803,17.50846329913803,17.50846329913803,17.50846329913803,17.50846329913803,19.33286384271045,19.33286384271045,19.33286384271045,19.33286384271045,19.33286384271045,19.33286384271045,19.33286384271045,19.33286384271045,19.33286384271045,19.33286384271045,19.33286384271045,19.33286384271045,19.33286384271045,19.33286384271045,19.33286384271045,19.33286384271045,19.33286384271045,19.33286384271045,19.33286384271045,18.374083125027706
0.09595959595959602,18.374083125027706,18.374083125027706,18.374083125027706,18.374083125027706,18.374083125027706,18.374083125027706,18.374083125027706,18.374083125027706,18.374083125027706,18.374083125027706,18.374083125027706,18.374083125027706,18.374083125027706,18.374083125027706,18.374083125027706,18.374083125027706,18.374083125027706,18.374083125027706,18.374083125027706,18.374083125027706,18.374083125027706,18.374083125027706,18.374083125027706,18.374083125027706,18.374083125027706,18.374083125027706,18.374083125027706,18.374083125027706,18.374083125027706,18.374083125027706,18.995733565301457,18.722433651468265,18.557125992956895,18.44833419649074,18.3725319467733,18.317467173098237,18.276141830436984,18.244273590933567,18.219097900839383,18.19875188632363,17.940103330021714,17.912723795280865,17.884506632448947,17.855430692093865,17.82547232829766,17.794604792012482,17.76279732064898,17.73001371432874,17.696210006207806,17.661330453240776,16.748213304261725,16.76636491285486,16.782368657950776,16.796613492854426,16.80954729961127,16.821796138914774,16.83443572706772,16.84971446202118,16.872533752741163,16.7978656776202,18.036684480547304,18.040625476294203,18.01634867340793,17.984710742080882,17.94989344482395,17.91313407990965,17.87488276524679,17.835319398319957,17.7945136591575,17.75248387599098,17.50846329913803,17.50846329913803,17.50846329913803,17.50846329913803,17.50846329913803,17.50846329913803,17.50846329913803,17.50846329913803,17.50846329913803,17.50846329913803,19.33286384271045,19.33286384271045,19.33286384271045,19.33286384271045,19.33286384271045,19.33286384271045,19.33286384271045,19.33286384271045,19.33286384271045,19.33286384271045,19.33286384271045,19.33286384271045,19.33286384271045,19.33286384271045,19.33286384271045,19.33286384271045,19.33286384271045,19.33286384271045,19.33286384271045,18.374083125027706
0.10606060606060608,17.64769728897805,17.64769728897805,17.64769728897805,17.64769728897805,17.64769728897805,17.64769728897805,17.64769728897805,17.64769728897805,17.64769728897805,17.64769728897805,17.64769728897805,17.64769728897805,17.64769728897805,17.64769728897805,17.64769728897805,17.64769728897805,17.64769728897805,17.64769728897805,17.64769728897805,17.64769728897805,17.64769728897805,17.64769728897805,17.64769728897805,17.64769728897805,17.64769728897805,17.64769728897805,17.64769728897805,17.64769728897805,17.64769728897805,17.64769728897805,20.483119011837744,19.95269103523461,19.675134173976648,19.507945971012234,19.39824735820776,19.322001470197943,19.266736889913798,19.225349695035,19.193501853053867,19.16839750163973,19.14815523296101,19.12333067208177,19.096043578141977,19.0679148801304,19.038923270362677,19.009044888017826,18.978252689548338,18.946515501979697,18.913796539549306,18.88005097169333,19.534893177758864,19.553904099942297,19.57079418619493,19.585869622177,19.599463905973018,19.612000585721002,19.62411987754208,19.636981763432,19.65311051485037,19.678609690755643,19.63721060909474,19.769959068604226,19.771032704810825,19.74631723110467,19.714655186472314,19.67992586807201,19.643292089866655,19.60517943760866,19.565758024254375,19.525093061211948,19.53465251443875,19.53465251443875,19.53465251443875,19.53465251443875,19.53465251443875,19.53465251443875,19.53465251443875,19.53465251443875,19.53465251443875,19.53465251443875,18.18437895421225,18.18437895421225,18.18437895421225,18.18437895421225,18.18437895421225,18.18437895421225,18.18437895421225,18.18437895421225,18.18437895421225,18.18437895421225,18.18437895421225,18.18437895421225,18.18437895421225,18.18437895421225,18.18437895421225,18.18437895421225,18.18437895421225,18.18437895421225,18.18437895421225,17.64769728897805
0.11616161616161624,17.64769728897805,17.64769728897805,17.64769728897805,17.64769728897805,17.64769728897805,17.64769728897805,17.64769728897805,17.64769728897805,17.64769728897805,17.64769728897805,17.64769728897805,17.64769728897805,17.64769728897805,17.64769728897805,17.64769728897805,17.64769728897805,17.64769728897805,17.64769728897805,17.64769728897805,17.64769728897805,17.64769728897805,17.64769728897805,17.64769728897805,17.64769728897805,17.64769728897805,17.64769728897805,17.64769728897805,17.64769728897805,17.64769728897805,17.64769728897805,21.8653569397311,20.486200093330176,19.943673810599314,19.661726663635363,19.492607724337986,19.38197847568581,19.305275330241138,19.24980186136566,19.208345979615917,19.176512918267818,19.15147500391559,19.131332032762266,19.106603806979614,19.079405433455207,19.0513616562875,19.02245102178531,18.992649470883816,18.961929688126357,18.930260120856484,18.897603439419562,19.488690129753557,19.50879824719611,19.52678216895946,19.542895790563463,19.557403713598166,19.570616960978224,19.58295760315061,19.595095500373393,19.608283523621612,19.625317539122392,19.65342336178501,19.641187083552566,19.749059029081494,19.74743767694729,19.722270764296614,19.69056316588383,19.655903303087044,19.619379578044775,19.58139227150579,19.54210110558727,19.53465251443875,19.53465251443875,19.53465251443875,19.53465251443875,19.53465251443875,19.53465251443875,19.53465251443875,19.53465251443875,19.53465251443875,19.53465251443875,18.18437895421225,18.18437895421225,18.18437895421225,18.18437895421225,18.18437895421225,18.18437895421225,18.18437895421225,18.18437895421225,18.18437895421225,18.18437895421225,18.18437895421225,18.18437895421225,18.18437895421225,18.18437895421225,18.18437895421225,18.18437895421225,18.18437895421225,18.18437895421225,18.18437895421225,17.64769728897805
0.1262626262626263,17.64769728897805,17.64769728897805,17.64769728897805,17.64769728897805,17.64769728897805,17.64769728897805,17.64769728897805,17.64769728897805,17.64769728897805,17.64769728897805,17.64769728897805,17.64769728897805,17.64769728897805,17.64769728897805,17.64769728897805,17.64769728897805,17.64769728897805,17.64769728897805,17.64769728897805,17.64769728897805,17.64769728897805,17.64769728897805,17.64769728897805,17.64769728897805,17.64769728897805,17.64769728897805,17.64769728897805,17.64769728897805,17.64769728897805,17.64769728897805,27.18365466219688,21.92177840342277,20.490266717030575,19.935183398192237,19.648719524046914,19.47762150808955,19.366038338879285,19.288864459652995,19.23317304681751,19.191641644541473,19.15981775255053,19.13484139285582,19.114793305018758,19.090157187851908,19.06304338021796,19.035080450413897,19.006246792453155,18.97651814156722,18.945866901066353,18.91426112625903,19.440690281576234,19.462113955597832,19.481381965874878,19.49871563298444,19.51433741519641,19.52849276826834,19.54148604378619,19.553748614851166,19.565986157092855,19.57954402431707,19.597471032213086,19.627986847236023,19.640286980776434,19.728317944322903,19.724273339825544,19.698689990644166,19.666940626877427,19.63234691784298,19.5959278116182,19.558059701723863,19.53465251443875,19.53465251443875,19.53465251443875,19.53465251443875,19.53465251443875,19.53465251443875,19.53465251443875,19.53465251443875,19.53465251443875,19.53465251443875,18.18437895421225,18.18437895421225,18.18437895421225,18.18437895421225,18.18437895421225,18.18437895421225,18.18437895421225,18.18437895421225,18.18437895421225,18.18437895421225,18.18437895421225,18.18437895421225,18.18437895421225,18.18437895421225,18.18437895421225,18.18437895421225,18.18437895421225,18.18437895421225,18.18437895421225,17.64769728897805
0.13636363636363646,17.64769728897805,17.64769728897805,17.64769728897805,17.64769728897805,17.64769728897805,17.64769728897805,17.64769728897805,17.64769728897805,17.64769728897805,17.64769728897805,17.64769728897805,17.64769728897805,17.64769728897805,17.64769728897805,17.64769728897805,17.64769728897805,17.64769728897805,17.64769728897805,17.64769728897805,17.64769728897805,17.64769728897805,17.64769728897805,17.64769728897805,17.64769728897805,17.64769728897805,17.64769728897805,17.64769728897805,17.64769728897805,17.64769728897805,17.64769728897805,14.120940997421528,26.98734122534038,21.982310689588466,20.495337552865955,19.92721580234069,19.63610458232804,19.46297816095119,19.350417591526305,19.27275955291415,19.216841277541427,19.175227689022922,19.143407532983193,19.11848802445569,19.098530581778533,19.073982524854088,19.046949302900394,19.01906331593327,18.99030279950455,18.960643275759747,18.93005685746262,19.390745147250918,19.413696001939236,19.43443304925364,19.453158818068292,19.470070815350606,19.48537590479391,19.499311884939154,19.512184650491186,19.524440338549265,19.53682289761018,19.550767371481264,19.569556544275326,19.602287559202356,19.635144363979435,19.7077558962841,19.701527711218752,19.675559817723943,19.643772125404585,19.609241406343106,19.572921741699123,19.53465251443875,19.53465251443875,19.53465251443875,19.53465251443875,19.53465251443875,19.53465251443875,19.53465251443875,19.53465251443875,19.53465251443875,19.53465251443875,18.18437895421225,18.18437895421225,18.18437895421225,18.18437895421225,18.18437895421225,18.18437895421225,18.18437895421225,18.18437895421225,18.18437895421225,18.18437895421225,18.18437895421225,18.18437895421225,18.18437895421225,18.18437895421225,18.18437895421225,18.18437895421225,18.18437895421225,18.18437895421225,18.18437895421225,17.64769728897805
0.14646464646464652,17.64769728897805,17.64769728897805,17.64769728897805,17.64769728897805,17.64769728897805,17.64769728897805,17.64769728897805,17.64769728897805,17.64769728897805,17.64769728897805,17.64769728897805,17.64769728897805,17.64769728897805,17.64769728897805,17.64769728897805,17.64769728897805,17.64769728897805,17.64769728897805,17.64769728897805,17.64769728897805,17.64769728897805,17.64769728897805,17.64769728897805,17.64769728897805,17.64769728897805,17.64769728897805,17.64769728897805,17.64769728897805,17.64769728897805,17.64769728897805,16.316260184830867,14.24895242234076,26.571372596831214,22.047214626318574,20.50143352750929,19.919767795947923,19.623874211291334,19.44866900697149,19.3351073351793,19.256951743857055,19.20079780902325,19.159095522949357,19.127273834782855,19.102406641047242,19.082535770248416,19.058071892733803,19.031115440408843,19.00330265091278,18.97461159527408,18.945017575229375,19.338690495926873,19.363381374342147,19.385773756383095,19.406061724284644,19.42442976123518,19.441062964779583,19.456161066190575,19.46996044735672,19.482772986425395,19.495062318916315,19.50761119210047,19.521940385302923,19.541548086914382,19.576303748784746,19.626328615241807,19.68738903365953,19.6791892029541,19.652865855649765,19.6210429498042,19.58657218627505,19.53465251443875,19.53465251443875,19.53465251443875,19.53465251443875,19.53465251443875,19.53465251443875,19.53465251443875,19.53465251443875,19.53465251443875,19.53465251443875,18.18437895421225,18.18437895421225,18.18437895421225,18.18437895421225,18.18437895421225,18.18437895421225,18.18437895421225,18.18437895421225,18.18437895421225,18.18437895421225,18.18437895421225,18.18437895421225,18.18437895421225,18.18437895421225,18.18437895421225,18.18437895421225,18.18437895421225,18.18437895421225,18.18437895421225,17.64769728897805
0.15656565656565657,17.64769728897805,17.64769728897805,17.64769728897805,17.64769728897805,17.64769728897805,17.64769728897805,17.64769728897805,17.64769728897805,17.64769728897805,17.64769728897805,17.64769728897805,17.64769728897805,17.64769728897805,17.64769728897805,17.64769728897805,17.64769728897805,17.64769728897805,17.64769728897805,17.64769728897805,17.64769728897805,17.64769728897805,17.64769728897805,17.64769728897805,17.64769728897805,17.64769728897805,17.64769728897805,17.64769728897805,17.64769728897805,17.64769728897805,17.64769728897805,17.0219565904767,16.34120698170797,14.370343744514322,25.887744100527133,22.1167749309284,20.508577918762484,19.91283690249015,19.612021301163317,19.434685826634453,19.320099101065097,19.241432578566037,19.18503429492075,19.14323694186728,19.11140860725354,19.086589348170406,19.066801130535165,19.042417709365704,19.015534365371696,18.98779117806787,18.959166047985526,19.284342541475176,19.310994459113438,19.33523562114358,19.357260076509707,19.377248285574023,19.39537502845639,19.411819300401753,19.42677845688618,19.440490980522135,19.453277157158656,19.465619366385567,19.47833862675104,19.493036951491526,19.513410129940457,19.550005014911484,19.614328390204754,19.667230217924796,19.65724661320016,19.630594375002634,19.598739076045923,19.53465251443875,19.53465251443875,19.53465251443875,19.53465251443875,19.53465251443875,19.53465251443875,19.53465251443875,19.53465251443875,19.53465251443875,19.53465251443875,18.18437895421225,18.18437895421225,18.18437895421225,18.18437895421225,18.18437895421225,18.18437895421225,18.18437895421225,18.18437895421225,18.18437895421225,18.18437895421225,18.18437895421225,18.18437895421225,18.18437895421225,18.18437895421225,18.18437895421225,18.18437895421225,18.18437895421225,18.18437895421225,18.18437895421225,17.64769728897805
0.16666666666666674,17.64769728897805,17.64769728897805,17.64769728897805,17.64769728897805,17.64769728897805,17.64769728897805,17.64769728897805,17.64769728897805,17.64769728897805,17.64769728897805,17.64769728897805,17.64769728897805,17.64769728897805,17.64769728897805,17.64769728897805,17.64769728897805,17.64769728897805,17.64769728897805,17.64769728897805,17.64769728897805,17.64769728897805,17.64769728897805,17.64769728897805,17.64769728897805,17.64769728897805,17.64769728897805,17.64769728897805,17.64769728897805,17.64769728897805,17.64769728897805,17.339125004193495,17.02373618821984,16.36502261011368,14.485332486219184,24.90824176409062,22.191302130490122,20.516796463925907,19.906421381580447,19.600539233947497,19.42102083034063,19.305384824212283,19.226193990425177,19.169542763061028,19.127644103898746,19.095804151582158,19.071028593201287,19.051319255061816,19.027012715889114,19.000198964960894,18.97252192623855,19.227493587963718,19.256342331078674,19.282638330904323,19.30658306781603,19.32836042200524,19.348143414688575,19.36610186973585,19.38241232154285,19.397272510000082,19.410925028269403,19.42369985167286,19.436098493558916,19.448979121946238,19.464020257387304,19.485098393150288,19.52335218735125,19.59954936331918,19.647289560051117,19.635689117602496,19.608732267865275,19.53465251443875,19.53465251443875,19.53465251443875,19.53465251443875,19.53465251443875,19.53465251443875,19.53465251443875,19.53465251443875,19.53465251443875,19.53465251443875,18.18437895421225,18.18437895421225,18.18437895421225,18.18437895421225,18.18437895421225,18.18437895421225,18.18437895421225,18.18437895421225,18.18437895421225,18.18437895421225,18.18437895421225,18.18437895421225,18.18437895421225,18.18437895421225,18.18437895421225,18.18437895421225,18.18437895421225,18.18437895421225,18.18437895421225,17.64769728897805
0.1767676767676768,17.64769728897805,17.64769728897805,17.64769728897805,17.64769728897805,17.64769728897805,17.64769728897805,17.64769728897805,17.64769728897805,17.64769728897805,17.64769728897805,17.64769728897805,17.64769728897805,17.64769728897805,17.64769728897805,17.64769728897805,17.64769728897805,17.64769728897805,17.64769728897805,17.64769728897805,17.64769728897805,17.64769728897805,17.64769728897805,17.64769728897805,17.64769728897805,17.64769728897805,17.64769728897805,17.64769728897805,17.64769728897805,17.64769728897805,17.64769728897805,17.502897469004917,17.332633832869202,17.0253622318823,16.387765557286222,14.594183744271021,23.640754623751917,22.271134509774033,20.526117482982876,19.900520217903008,19.589421860192502,19.40766663406767,19.290956819628825,19.211228277109758,19.154315593284974,19.112309508417223,19.080453100308773,19.05571714557682,19.036083049507372,19.011849958304555,18.98510242311194,19.167906860903816,19.199209761308712,19.227784829765394,19.253848207236448,19.277593957863097,19.299200420215602,19.31883677439795,19.336670684896152,19.35287838131371,19.367659606950372,19.381262193088197,19.394026404423908,19.40647276257473,19.41949511951295,19.434843724200913,19.456559827458584,19.49629670822664,19.58231844296715,19.627574867405965,19.614506259576725,19.53465251443875,19.53465251443875,19.53465251443875,19.53465251443875,19.53465251443875,19.53465251443875,19.53465251443875,19.53465251443875,19.53465251443875,19.53465251443875,18.18437895421225,18.18437895421225,18.18437895421225,18.18437895421225,18.18437895421225,18.18437895421225,18.18437895421225,18.18437895421225,18.18437895421225,18.18437895421225,18.18437895421225,18.18437895421225,18.18437895421225,18.18437895421225,18.18437895421225,18.18437895421225,18.18437895421225,18.18437895421225,18.18437895421225,17.64769728897805
0.18686868686868696,17.64769728897805,17.64769728897805,17.64769728897805,17.64769728897805,17.64769728897805,17.64769728897805,17.64769728897805,17.64769728897805,17.64769728897805,17.64769728897805,17.64769728897805,17.64769728897805,17.64769728897805,17.64769728897805,17.64769728897805,17.64769728897805,17.64769728897805,17.64769728897805,17.64769728897805,17.64769728897805,17.64769728897805,17.64769728897805,17.64769728897805,17.64769728897805,17.64769728897805,17.64769728897805,17.64769728897805,17.64769728897805,17.64769728897805,17.64769728897805,17.589961223989896,17.4925134810072,17.326238228576322,17.02684034705971,16.409490681004943,14.697188980660457,22.139031930708,22.356640009506343,20.53657201758329,19.895133113357822,19.578663477954464,19.394616237006247,19.276807760337086,19.196528079339807,19.139345496967916,19.097225976320058,19.065348398319223,19.04064807847225,19.021085715134053,18.99692277040007,19.10531019813441,19.139353579332333,19.170456167474846,19.19885635039809,19.22476510198124,19.24837255516273,19.269854245102884,19.28937766081593,19.307109983862265,19.323228420580183,19.337935648817652,19.35148532191818,19.364228165981206,19.37670326062509,19.38983847276138,19.40545104017799,19.42773196591746,19.46877954154498,19.562890325075784,19.60809201671344,19.53465251443875,19.53465251443875,19.53465251443875,19.53465251443875,19.53465251443875,19.53465251443875,19.53465251443875,19.53465251443875,19.53465251443875,19.53465251443875,18.18437895421225,18.18437895421225,18.18437895421225,18.18437895421225,18.18437895421225,18.18437895421225,18.18437895421225,18.18437895421225,18.18437895421225,18.18437895421225,18.18437895421225,18.18437895421225,18.18437895421225,18.18437895421225,18.18437895421225,18.18437895421225,18.18437895421225,18.18437895421225,18.18437895421225,17.64769728897805
0.19696969696969702,17.64769728897805,17.64769728897805,17.64769728897805,17.64769728897805,17.64769728897805,17.64769728897805,17.64769728897805,17.64769728897805,17.64769728897805,17.64769728897805,17.64769728897805,17.64769728897805,17.64769728897805,17.64769728897805,17.64769728897805,17.64769728897805,17.64769728897805,17.64769728897805,17.64769728897805,17.64769728897805,17.64769728897805,17.64769728897805,17.64769728897805,17.64769728897805,17.64769728897805,17.64769728897805,17.64769728897805,17.64769728897805,17.64769728897805,17.64769728897805,17.632401840304173,17.577415847434807,17.482313964060534,17.319934016125522,17.028175949412592,16.43024946755697,14.794651355189536,20.498194637833937,22.44821795557759,20.548193986973327,19.890260482287545,19.56825881376778,19.381863000990105,19.262930657094774,19.18208636123394,19.124625498063892,19.082386631753582,19.05048328522402,19.02581475180272,19.006320732380466,19.0393881826708,19.07649600325186,19.11040572074571,19.14138648695604,19.169673415828495,19.195474945341427,19.218979361442166,19.240361044105228,19.259787085329947,19.27742518194475,19.293454256355066,19.308080415295137,19.32156336470057,19.33426418027824,19.346739832737736,19.359950409525123,19.375775481882986,19.398541701192197,19.440729574585202,19.54145414288628,19.53465251443875,19.53465251443875,19.53465251443875,19.53465251443875,19.53465251443875,19.53465251443875,19.53465251443875,19.53465251443875,19.53465251443875,19.53465251443875,18.18437895421225,18.18437895421225,18.18437895421225,18.18437895421225,18.18437895421225,18.18437895421225,18.18437895421225,18.18437895421225,18.18437895421225,18.18437895421225,18.18437895421225,18.18437895421225,18.18437895421225,18.18437895421225,18.18437895421225,18.18437895421225,18.18437895421225,18.18437895421225,18.18437895421225,17.64769728897805
0.20707070707070718,17.64769728897805,17.64769728897805,17.64769728897805,17.64769728897805,17.64769728897805,17.64769728897805,17.64769728897805,17.64769728897805,17.64769728897805,17.64769728897805,17.64769728897805,17.64769728897805,17.64769728897805,17.64769728897805,17.64769728897805,17.64769728897805,17.64769728897805,17.64769728897805,17.64769728897805,17.64769728897805,17.64769728897805,17.64769728897805,17.64769728897805,17.64769728897805,17.64769728897805,17.64769728897805,17.64769728897805,17.64769728897805,17.64769728897805,17.64769728897805,17.64769728897805,17.64769728897805,17.64769728897805,17.64769728897805,17.64769728897805,17.64769728897805,17.64769728897805,17.64769728897805,17.64769728897805,17.64769728897805,18.998529311689605,18.998529311689605,18.998529311689605,18.998529311689605,18.998529311689605,18.998529311689605,18.998529311689605,18.998529311689605,18.998529311689605,18.998529311689605,18.99618814272828,18.994196615439314,18.99213992427906,18.989612295915638,18.98663448336612,18.983223671587385,18.979393922155705,18.975156536086622,18.970520349896724,18.965491976698974,19.60751091999801,19.60171169171706,19.595528587699523,19.58896093155348,19.582006467059266,19.574661407446854,19.566920464659766,19.558776860080002,19.550222317702815,19.541247040318222,19.53465251443875,19.53465251443875,19.53465251443875,19.53465251443875,19.53465251443875,19.53465251443875,19.53465251443875,19.53465251443875,19.53465251443875,19.53465251443875,18.18437895421225,18.18437895421225,18.18437895421225,18.18437895421225,18.18437895421225,18.18437895421225,18.18437895421225,18.18437895421225,18.18437895421225,18.18437895421225,18.18437895421225,18.18437895421225,18.18437895421225,18.18437895421225,18.18437895421225,18.18437895421225,18.18437895421225,18.18437895421225,18.18437895421225,17.64769728897805
0.21717171717171724,17.64769728897805,17.64769728897805,17.64769728897805,17.64769728897805,17.64769728897805,17.64769728897805,17.64769728897805,17.64769728897805,17.64769728897805,17.64769728897805,17.64769728897805,17.64769728897805,17.64769728897805,17.64769728897805,17.64769728897805,17.64769728897805,17.64769728897805,17.64769728897805,17.64769728897805,17.64769728897805,17.64769728897805,17.64769728897805,17.64769728897805,17.64769728897805,17.64769728897805,17.64769728897805,17.64769728897805,17.64769728897805,17.64769728897805,17.64769728897805,17.64769728897805,17.64769728897805,17.64769728897805,17.64769728897805,17.64769728897805,17.64769728897805,17.64769728897805,17.64769728897805,17.64769728897805,17.64769728897805,18.998529311689605,18.998529311689605,18.998529311689605,18.998529311689605,18.998529311689605,18.998529311689605,18.998529311689605,18.998529311689605,18.998529311689605,18.998529311689605,18.994921152529383,18.991902815716088,18.989943624520585,18.987906722500583,18.985398961472505,18.98244093868414,18.979049706566315,18.975239212815165,18.971020659499523,18.966402796097185,19.608825875877727,19.603428574871273,19.59764570128955,19.591478169336394,19.584925244899555,19.577984615744576,19.57065243977444,19.562923373360018,19.55479058118897,19.54624572859826,19.53465251443875,19.53465251443875,19.53465251443875,19.53465251443875,19.53465251443875,19.53465251443875,19.53465251443875,19.53465251443875,19.53465251443875,19.53465251443875,18.18437895421225,18.18437895421225,18.18437895421225,18.18437895421225,18.18437895421225,18.18437895421225,18.18437895421225,18.18437895421225,18.18437895421225,18.18437895421225,18.18437895421225,18.18437895421225,18.18437895421225,18.18437895421225,18.18437895421225,18.18437895421225,18.18437895421225,18.18437895421225,18.18437895421225,17.64769728897805
0.2272727272727273,17.64769728897805,17.64769728897805,17.64769728897805,17.64769728897805,17.64769728897805,17.64769728897805,17.64769728897805,17.64769728897805,17.64769728897805,17.64769728897805,17.64769728897805,17.64769728897805,17.64769728897805,17.64769728897805,17.64769728897805,17.64769728897805,17.64769728897805,17.64769728897805,17.64769728897805,17.64769728897805,17.64769728897805,17.64769728897805,17.64769728897805,17.64769728897805,17.64769728897805,17.64769728897805,17.64769728897805,17.64769728897805,17.64769728897805,17.64769728897805,17.64769728897805,17.64769728897805,17.64769728897805,17.64769728897805,17.64769728897805,17.64769728897805,17.64769728897805,17.64769728897805,17.64769728897805,17.64769728897805,18.998529311689605,18.998529311689605,18.998529311689605,18.998529311689605,18.998529311689605,18.998529311689605,18.998529311689605,18.998529311689605,18.998529311689605,18.998529311689605,18.992949218741742,18.990644694278977,18.987707352317432,18.985778922228345,18.9837603185383,18.98127097678678,18.978331337028262,18.974958317677814,18.97116575103053,18.966964738680836,19.609796484758274,19.604803925156133,19.59942251058539,19.59365483224114,19.587501742371877,19.580962447785634,19.574034578909345,19.566714237028698,19.558996021682233,19.55087303963062,19.53465251443875,19.53465251443875,19.53465251443875,19.53465251443875,19.53465251443875,19.53465251443875,19.53465251443875,19.53465251443875,19.53465251443875,19.53465251443875,18.18437895421225,18.18437895421225,18.18437895421225,18.18437895421225,18.18437895421225,18.18437895421225,18.18437895421225,18.18437895421225,18.18437895421225,18.18437895421225,18.18437895421225,18.18437895421225,18.18437895421225,18.18437895421225,18.18437895421225,18.18437895421225,18.18437895421225,18.18437895421225,18.18437895421225,17.64769728897805
0.23737373737373746,17.64769728897805,17.64769728897805,17.64769728897805,17.64769728897805,17.64769728897805,17.64769728897805,17.64769728897805,17.64769728897805,17.64769728897805,17.64769728897805,17.64769728897805,17.64769728897805,17.64769728897805,17.64769728897805,17.64769728897805,17.64769728897805,17.64769728897805,17.64769728897805,17.64769728897805,17.64769728897805,17.64769728897805,17.64769728897805,17.64769728897805,17.64769728897805,17.64769728897805,17.64769728897805,17.64769728897805,17.64769728897805,17.64769728897805,17.64769728897805,17.64769728897805,17.64769728897805,17.64769728897805,17.64769728897805,17.64769728897805,17.64769728897805,17.64769728897805,17.64769728897805,17.64769728897805,17.64769728897805,18.998529311689605,18.998529311689605,18.998529311689605,18.998529311689605,18.998529311689605,18.998529311689605,18.998529311689605,18.998529311689605,18.998529311689605,18.998529311689605,18.990326390690146,18.988682709582925,18.986456816374826,18.983598763857295,18.981699595437735,18.979697870785607,18.977225568661098,18.974302970696936,18.970946859983204,18.967170952059472,19.610417634249604,19.605834245044775,19.600857027680686,19.595490360557463,19.589736767432587,19.583597037307182,19.577070316646424,19.57015417730403,19.56284466274089,19.5551363144805,19.53465251443875,19.53465251443875,19.53465251443875,19.53465251443875,19.53465251443875,19.53465251443875,19.53465251443875,19.53465251443875,19.53465251443875,19.53465251443875,18.18437895421225,18.18437895421225,18.18437895421225,18.18437895421225,18.18437895421225,18.18437895421225,18.18437895421225,18.18437895421225,18.18437895421225,18.18437895421225,18.18437895421225,18.18437895421225,18.18437895421225,18.18437895421225,18.18437895421225,18.18437895421225,18.18437895421225,18.18437895421225,18.18437895421225,17.64769728897805
0.24747474747474751,17.64769728897805,17.64769728897805,17.64769728897805,17.64769728897805,17.64769728897805,17.64769728897805,17.64769728897805,17.64769728897805,17.64769728897805,17.64769728897805,17.64769728897805,17.64769728897805,17.64769728897805,17.64769728897805,17.64769728897805,17.64769728897805,17.64769728897805,17.64769728897805,17.64769728897805,17.64769728897805,17.64769728897805,17.64769728897805,17.64769728897805,17.64769728897805,17.64769728897805,17.64769728897805,17.64769728897805,17.64769728897805,17.64769728897805,17.64769728897805,17.64769728897805,17.64769728897805,17.64769728897805,17.64769728897805,17.64769728897805,17.64769728897805,17.64769728897805,17.64769728897805,17.64769728897805,17.64769728897805,18.998529311689605,18.998529311689605,18.998529311689605,18.998529311689605,18.998529311689605,18.998529311689605,18.998529311689605,18.998529311689605,18.998529311689605,18.998529311689605,18.987093612421084,18.986070381624543,18.98450353687568,18.982354590524977,18.979574199807285,18.977702864626945,18.97571666699286,18.973260089237968,18.97035325352272,18.96701280646738,19.61068258890092,19.60651453846778,19.601945864673066,19.596982870677643,19.591629860538642,19.585889289359283,19.57976188169686,19.573246722499235,19.56634132389467,19.559041670388282,19.53465251443875,19.53465251443875,19.53465251443875,19.53465251443875,19.53465251443875,19.53465251443875,19.53465251443875,19.53465251443875,19.53465251443875,19.53465251443875,18.18437895421225,18.18437895421225,18.18437895421225,18.18437895421225,18.18437895421225,18.18437895421225,18.18437895421225,18.18437895421225,18.18437895421225,18.18437895421225,18.18437895421225,18.18437895421225,18.18437895421225,18.18437895421225,18.18437895421225,18.18437895421225,18.18437895421225,18.18437895421225,18.18437895421225,17.64769728897805
0.2575757575757577,17.64769728897805,17.64769728897805,17.64769728897805,17.64769728897805,17.64769728897805,17.64769728897805,17.64769728897805,17.64769728897805,17.64769728897805,17.64769728897805,17.64769728897805,17.64769728897805,17.64769728897805,17.64769728897805,17.64769728897805,17.64769728897805,17.64769728897805,17.64769728897805,17.64769728897805,17.64769728897805,17.64769728897805,17.64769728897805,17.64769728897805,17.64769728897805,17.64769728897805,17.64769728897805,17.64769728897805,17.64769728897805,17.64769728897805,17.64769728897805,17.64769728897805,17.64769728897805,17.64769728897805,17.64769728897805,17.64769728897805,17.64769728897805,17.64769728897805,17.64769728897805,17.64769728897805,17.64769728897805,18.998529311689605,18.998529311689605,18.998529311689605,18.998529311689605,18.998529311689605,18.998529311689605,18.998529311689605,18.998529311689605,18.998529311689605,18.998529311689605,18.98328115872767,18.982848229978305,18.981900506643132,18.98040882924046,18.978335223151063,18.975630939647374,18.97378607607134,18.971814116767657,18.96937200878673,18.966479713928106,19.61058284326877,19.60683819259985,19.60268413994812,19.598129082564352,19.593179240716307,19.587838842987193,19.58211027470421,19.575994194872557,19.569489625830144,19.5625940189036,19.53465251443875,19.53465251443875,19.53465251443875,19.53465251443875,19.53465251443875,19.53465251443875,19.53465251443875,19.53465251443875,19.53465251443875,19.53465251443875,18.18437895421225,18.18437895421225,18.18437895421225,18.18437895421225,18.18437895421225,18.18437895421225,18.18437895421225,18.18437895421225,18.18437895421225,18.18437895421225,18.18437895421225,18.18437895421225,18.18437895421225,18.18437895421225,18.18437895421225,18.18437895421225,18.18437895421225,18.18437895421225,18.18437895421225,17.64769728897805
0.26767676767676774,17.64769728897805,17.64769728897805,17.64769728897805,17.64769728897805,17.64769728897805,17.64769728897805,17.64769728897805,17.64769728897805,17.64769728897805,17.64769728897805,17.64769728897805,17.64769728897805,17.64769728897805,17.64769728897805,17.64769728897805,17.64769728897805,17.64769728897805,17.64769728897805,17.64769728897805,17.64769728897805,17.64769728897805,17.64769728897805,17.64769728897805,17.64769728897805,17.64769728897805,17.64769728897805,17.64769728897805,17.64769728897805,17.64769728897805,17.64769728897805,17.64769728897805,17.64769728897805,17.64769728897805,17.64769728897805,17.64769728897805,17.64769728897805,17.64769728897805,17.64769728897805,17.64769728897805,17.64769728897805,18.998529311689605,18.998529311689605,18.998529311689605,18.998529311689605,18.998529311689605,18.998529311689605,18.998529311689605,18.998529311689605,18.998529311689605,18.998529311689605,18.978910410885014,18.979046181227652,18.978687821881064,18.977813947925032,18.97639584683555,18.97439604748627,18.971766385313064,18.96994669459448,18.967987744606003,18.965558908997338,19.610107942938402,19.60679683264279,19.603065361427927,19.59892422729729,19.594381734135577,19.58944401828553,19.5841152318197,19.578397689255006,19.572291983017568,19.565797071818345,19.53465251443875,19.53465251443875,19.53465251443875,19.53465251443875,19.53465251443875,19.53465251443875,19.53465251443875,19.53465251443875,19.53465251443875,19.53465251443875,18.18437895421225,18.18437895421225,18.18437895421225,18.18437895421225,18.18437895421225,18.18437895421225,18.18437895421225,18.18437895421225,18.18437895421225,18.18437895421225,18.18437895421225,18.18437895421225,18.18437895421225,18.18437895421225,18.18437895421225,18.18437895421225,18.18437895421225,18.18437895421225,18.18437895421225,17.64769728897805
0.2777777777777778,17.64769728897805,17.64769728897805,17.64769728897805,17.64769728897805,17.64769728897805,17.64769728897805,17.64769728897805,17.64769728897805,17.64769728897805,17.64769728897805,17.64769728897805,17.64769728897805,17.64769728897805,17.64769728897805,17.64769728897805,17.64769728897805,17.64769728897805,17.64769728897805,17.64769728897805,17.64769728897805,17.64769728897805,17.64769728897805,17.64769728897805,17.64769728897805,17.64769728897805,17.64769728897805,17.64769728897805,17.64769728897805,17.64769728897805,17.64769728897805,17.64769728897805,17.64769728897805,17.64769728897805,17.64769728897805,17.64769728897805,17.64769728897805,17.64769728897805,17.64769728897805,17.64769728897805,17.64769728897805,18.998529311689605,18.998529311689605,18.998529311689605,18.998529311689605,18.998529311689605,18.998529311689605,18.998529311689605,18.998529311689605,18.998529311689605,18.998529311689605,18.97399514685654,18.974685323811276,18.974895061335967,18.974609620629977,18.973808016255663,18.97246197366948,18.97053451623948,18.96797805417838,18.96618229682922,18.964235183410228,19.60924526746703,19.60638014485947,19.603081283049573,19.599361931767486,19.595232682906165,19.590701746068092,19.585775172732312,19.580457037510744,19.57474958315659,19.568653334564903,19.53465251443875,19.53465251443875,19.53465251443875,19.53465251443875,19.53465251443875,19.53465251443875,19.53465251443875,19.53465251443875,19.53465251443875,19.53465251443875,18.18437895421225,18.18437895421225,18.18437895421225,18.18437895421225,18.18437895421225,18.18437895421225,18.18437895421225,18.18437895421225,18.18437895421225,18.18437895421225,18.18437895421225,18.18437895421225,18.18437895421225,18.18437895421225,18.18437895421225,18.18437895421225,18.18437895421225,18.18437895421225,18.18437895421225,17.64769728897805
0.28787878787878796,17.64769728897805,17.64769728897805,17.64769728897805,17.64769728897805,17.64769728897805,17.64769728897805,17.64769728897805,17.64769728897805,17.64769728897805,17.64769728897805,17.64769728897805,17.64769728897805,17.64769728897805,17.64769728897805,17.64769728897805,17.64769728897805,17.64769728897805,17.64769728897805,17.64769728897805,17.64769728897805,17.64769728897805,17.64769728897805,17.64769728897805,17.64769728897805,17.64769728897805,17.64769728897805,17.64769728897805,17.64769728897805,17.64769728897805,17.64769728897805,17.64769728897805,17.64769728897805,17.64769728897805,17.64769728897805,17.64769728897805,17.64769728897805,17.64769728897805,17.64769728897805,17.64769728897805,17.64769728897805,18.998529311689605,18.998529311689605,18.998529311689605,18.998529311689605,18.998529311689605,18.998529311689605,18.998529311689605,18.998529311689605,18.998529311689605,18.998529311689605,18.968542465250604,18.969779182598106,18.970543020472565,18.970825078750245,18.970610984632817,18.969880143533185,18.968604710462667,18.966748194778045,18.964263572530115,18.962490564946787,19.607979767664578,19.60557566190439,19.60272172978867,19.599434076832573,19.595725831201925,19.59160747789995,19.587087131423026,19.582170757533863,19.57686235251381,19.57116408647327,19.53465251443875,19.53465251443875,19.53465251443875,19.53465251443875,19.53465251443875,19.53465251443875,19.53465251443875,19.53465251443875,19.53465251443875,19.53465251443875,18.18437895421225,18.18437895421225,18.18437895421225,18.18437895421225,18.18437895421225,18.18437895421225,18.18437895421225,18.18437895421225,18.18437895421225,18.18437895421225,18.18437895421225,18.18437895421225,18.18437895421225,18.18437895421225,18.18437895421225,18.18437895421225,18.18437895421225,18.18437895421225,18.18437895421225,17.64769728897805
0.297979797979798,17.64769728897805,17.64769728897805,17.64769728897805,17.64769728897805,17.64769728897805,17.64769728897805,17.64769728897805,17.64769728897805,17.64769728897805,17.64769728897805,17.64769728897805,17.64769728897805,17.64769728897805,17.64769728897805,17.64769728897805,17.64769728897805,17.64769728897805,17.64769728897805,17.64769728897805,17.64769728897805,17.64769728897805,17.64769728897805,17.64769728897805,17.64769728897805,17.64769728897805,17.64769728897805,17.64769728897805,17.64769728897805,17.64769728897805,17.64769728897805,17.64769728897805,17.64769728897805,17.64769728897805,17.64769728897805,17.64769728897805,17.64769728897805,17.64769728897805,17.64769728897805,17.64769728897805,17.64769728897805,18.998529311689605,18.998529311689605,18.998529311689605,18.998529311689605,18.998529311689605,18.998529311689605,18.998529311689605,18.998529311689605,18.998529311689605,18.998529311689605,18.962553424792613,18.964334630827906,18.96564497056549,18.966480824745783,18.96683363659789,18.96668939088576,18.966027875809228,18.964821668012206,18.963034754785994,18.960620669492823,19.606293647640793,19.604368502964853,19.601974385349855,19.599130624307517,19.59585318507455,19.592155073637137,19.58804666742068,19.583535985076562,19.578628905877633,19.57332934697858,19.53465251443875,19.53465251443875,19.53465251443875,19.53465251443875,19.53465251443875,19.53465251443875,19.53465251443875,19.53465251443875,19.53465251443875,19.53465251443875,18.18437895421225,18.18437895421225,18.18437895421225,18.18437895421225,18.18437895421225,18.18437895421225,18.18437895421225,18.18437895421225,18.18437895421225,18.18437895421225,18.18437895421225,18.18437895421225,18.18437895421225,18.18437895421225,18.18437895421225,18.18437895421225,18.18437895421225,18.18437895421225,18.18437895421225,17.64769728897805
0.3080808080808082,18.99618808024212,18.99618808024212,18.99618808024212,18.99618808024212,18.99618808024212,18.99618808024212,18.99618808024212,18.99618808024212,18.99618808024212,18.99618808024212,18.99618808024212,18.99618808024212,18.99618808024212,18.99618808024212,18.99618808024212,18.99618808024212,18.99618808024212,18.99618808024212,18.99618808024212,18.99618808024212,18.99618808024212,18.99618808024212,18.99618808024212,18.99618808024212,18.99618808024212,18.99618808024212,18.99618808024212,18.99618808024212,18.99618808024212,18.99618808024212,18.99618808024212,18.99618808024212,18.99618808024212,18.99618808024212,18.99618808024212,18.99618808024212,18.99618808024212,18.99618808024212,18.99618808024212,18.99618808024212,18.99618808024212,18.99618808024212,18.99618808024212,18.99618808024212,18.99618808024212,18.99618808024212,18.99618808024212,18.99618808024212,18.99618808024212,18.99618808024212,19.08865759231834,19.090986631818236,19.092841645545217,19.09422393795344,19.095130218709397,19.09555226556041,19.095476412446168,19.09488282218696,19.093744484857194,19.092025857138317,19.0896810204266,19.08795019849197,19.086032118379094,19.083645474265168,19.08080941809028,19.07753976163748,19.07384937690986,19.069748523041685,19.065245112983725,19.06034493032661,19.059594373912983,19.059594373912983,19.059594373912983,19.059594373912983,19.059594373912983,19.059594373912983,19.059594373912983,19.059594373912983,19.059594373912983,19.10559042185026,19.059594373912983,19.059594373912983,19.059594373912983,19.059594373912983,19.059594373912983,19.059594373912983,19.059594373912983,19.059594373912983,19.059594373912983,19.059594373912983,19.059594373912983,19.059594373912983,19.059594373912983,19.059594373912983,19.059594373912983,19.059594373912983,19.059594373912983,19.059594373912983,19.059594373912983,18.99618808024212
0.31818181818181823,18.99618808024212,18.99618808024212,18.99618808024212,18.99618808024212,18.99618808024212,18.99618808024212,18.99618808024212,18.99618808024212,18.99618808024212,18.99618808024212,18.99618808024212,18.99618808024212,18.99618808024212,18.99618808024212,18.99618808024212,18.99618808024212,18.99618808024212,18.99618808024212,18.99618808024212,18.99618808024212,18.99618808024212,18.99618808024212,18.99618808024212,18.99618808024212,18.99618808024212,18.99618808024212,18.99618808024212,18.99618808024212,18.99618808024212,18.99618808024212,18.99618808024212,18.99618808024212,18.99618808024212,18.99618808024212,18.99618808024212,18.99618808024212,18.99618808024212,18.99618808024212,18.99618808024212,18.99618808024212,18.99618808024212,18.99618808024212,18.99618808024212,18.99618808024212,18.99618808024212,18.99618808024212,18.99618808024212,18.99618808024212,18.99618808024212,18.99618808024212,19.08157673626812,19.084462217661425,19.086865537618124,19.088792736923125,19.090245442596434,19.091220685308826,19.091710570056602,19.091701773177984,19.091174825665806,19.0901031247302,19.088451590096163,19.086174844539777,19.084463526464862,19.08255309430698,19.080174487810297,19.077346695897273,19.074085389410836,19.07040331727254,19.066310629959947,19.06181514337016,19.059594373912983,19.059594373912983,19.059594373912983,19.059594373912983,19.059594373912983,19.059594373912983,19.059594373912983,19.059594373912983,19.10559042185026,19.10559042185026,19.059594373912983,19.059594373912983,19.059594373912983,19.059594373912983,19.059594373912983,19.059594373912983,19.059594373912983,19.059594373912983,19.059594373912983,19.059594373912983,19.059594373912983,19.059594373912983,19.059594373912983,19.059594373912983,19.059594373912983,19.059594373912983,19.059594373912983,19.059594373912983,18.135190120924726,18.99618808024212
0.3282828282828284,18.99618808024212,18.99618808024212,18.99618808024212,18.99618808024212,18.99618808024212,18.99618808024212,18.99618808024212,18.99618808024212,18.99618808024212,18.99618808024212,18.99618808024212,18.99618808024212,18.99618808024212,18.99618808024212,18.99618808024212,18.99618808024212,18.99618808024212,18.99618808024212,18.99618808024212,18.99618808024212,18.99618808024212,18.99618808024212,18.99618808024212,18.99618808024212,18.99618808024212,18.99618808024212,18.99618808024212,18.99618808024212,18.99618808024212,18.99618808024212,18.99618808024212,18.99618808024212,18.99618808024212,18.99618808024212,18.99618808024212,18.99618808024212,18.99618808024212,18.99618808024212,18.99618808024212,18.99618808024212,18.99618808024212,18.99618808024212,18.99618808024212,18.99618808024212,18.99618808024212,18.99618808024212,18.99618808024212,18.99618808024212,18.99618808024212,18.99618808024212,19.07392963045006,19.077385304127294,19.080345746467042,19.082821695866155,19.084819515122888,19.086341145400876,19.087383930652383,19.087940295930988,19.08799725314529,19.087535694819127,19.086529418643604,19.084943800478477,19.08273399700805,19.08104119338381,19.079137474349636,19.076765990619823,19.073945568007073,19.070691736163724,19.067017120561,19.062931762562503,19.059594373912983,19.059594373912983,19.059594373912983,19.059594373912983,19.059594373912983,19.059594373912983,19.059594373912983,19.10559042185026,19.10559042185026,19.10559042185026,19.059594373912983,19.059594373912983,19.059594373912983,19.059594373912983,19.059594373912983,19.059594373912983,19.059594373912983,19.059594373912983,19.059594373912983,19.059594373912983,19.059594373912983,19.059594373912983,19.059594373912983,19.059594373912983,19.059594373912983,19.059594373912983,19.059594373912983,18.135190120924726,18.135190120924726,18.99618808024212
0.33838383838383845,18.99618808024212,18.99618808024212,18.99618808024212,18.99618808024212,18.99618808024212,18.99618808024212,18.99618808024212,18.99618808024212,18.99618808024212,18.99618808024212,18.99618808024212,18.99618808024212,18.99618808024212,18.99618808024212,18.99618808024212,18.99618808024212,18.99618808024212,18.99618808024212,18.99618808024212,18.99618808024212,18.99618808024212,18.99618808024212,18.99618808024212,18.99618808024212,18.99618808024212,18.99618808024212,18.99618808024212,18.99618808024212,18.99618808024212,18.99618808024212,18.99618808024212,18.99618808024212,18.99618808024212,18.99618808024212,18.99618808024212,18.99618808024212,18.99618808024212,18.99618808024212,18.99618808024212,18.99618808024212,18.99618808024212,18.99618808024212,18.99618808024212,18.99618808024212,18.99618808024212,18.99618808024212,18.99618808024212,18.99618808024212,18.99618808024212,18.99618808024212,19.065695467083142,19.06974035482603,19.073271904023162,19.07630565102317,19.078852661386325,19.080919611394656,19.08250874859902,19.083617723088967,19.084239273289448,19.08436074029653,19.08396337191878,19.083021360028358,19.081500530034198,19.07935656535795,19.077681328940507,19.07578342838644,19.073418191255307,19.070604280235663,19.06735708361236,19.063689103106714,19.059594373912983,19.059594373912983,19.059594373912983,19.059594373912983,19.059594373912983,19.059594373912983,19.10559042185026,19.10559042185026,19.10559042185026,19.10559042185026,19.059594373912983,19.059594373912983,19.059594373912983,19.059594373912983,19.059594373912983,19.059594373912983,19.059594373912983,19.059594373912983,19.059594373912983,19.059594373912983,19.059594373912983,19.059594373912983,19.059594373912983,19.059594373912983,19.059594373912983,19.059594373912983,18.135190120924726,18.135190120924726,18.135190120924726,18.99618808024212
0.3484848484848485,18.99618808024212,18.99618808024212,18.99618808024212,18.99618808024212,18.99618808024212,18.99618808024212,18.99618808024212,18.99618808024212,18.99618808024212,18.99618808024212,18.99618808024212,18.99618808024212,18.99618808024212,18.99618808024212,18.99618808024212,18.99618808024212,18.99618808024212,18.99618808024212,18.99618808024212,18.99618808024212,18.99618808024212,18.99618808024212,18.99618808024212,18.99618808024212,18.99618808024212,18.99618808024212,18.99618808024212,18.99618808024212,18.99618808024212,18.99618808024212,18.99618808024212,18.99618808024212,18.99618808024212,18.99618808024212,18.99618808024212,18.99618808024212,18.99618808024212,18.99618808024212,18.99618808024212,18.99618808024212,18.99618808024212,18.99618808024212,18.99618808024212,18.99618808024212,18.99618808024212,18.99618808024212,18.99618808024212,18.99618808024212,18.99618808024212,18.99618808024212,19.056847709746,19.06150635779018,19.065628276757067,19.069234038671937,19.072339517688775,19.07495609786125,19.077090761122204,19.078746054256904,19.079919926873963,19.080605424544782,19.08079021157696,19.080455885179905,19.07957702543328,19.078119901008222,19.076040715171906,19.074382138658553,19.072489200029054,19.070129370010186,19.067321148223034,19.06407978147544,19.059594373912983,19.059594373912983,19.059594373912983,19.059594373912983,19.059594373912983,19.10559042185026,19.10559042185026,19.10559042185026,19.10559042185026,19.10559042185026,19.059594373912983,19.059594373912983,19.059594373912983,19.059594373912983,19.059594373912983,19.059594373912983,19.059594373912983,19.059594373912983,19.059594373912983,19.059594373912983,19.059594373912983,19.059594373912983,19.059594373912983,19.059594373912983,19.059594373912983,18.135190120924726,18.135190120924726,18.135190120924726,18.135190120924726,18.99618808024212
0.3585858585858587,18.99618808024212,18.99618808024212,18.99618808024212,18.99618808024212,18.99618808024212,18.99618808024212,18.99618808024212,18.99618808024212,18.99618808024212,18.99618808024212,18.99618808024212,18.99618808024212,18.99618808024212,18.99618808024212,18.99618808024212,18.99618808024212,18.99618808024212,18.99618808024212,18.99618808024212,18.99618808024212,18.99618808024212,18.99618808024212,18.99618808024212,18.99618808024212,18.99618808024212,18.99618808024212,18.99618808024212,18.99618808024212,18.99618808024212,18.99618808024212,18.99618808024212,18.99618808024212,18.99618808024212,18.99618808024212,18.99618808024212,18.99618808024212,18.99618808024212,18.99618808024212,18.99618808024212,18.99618808024212,18.99618808024212,18.99618808024212,18.99618808024212,18.99618808024212,18.99618808024212,18.99618808024212,18.99618808024212,18.99618808024212,18.99618808024212,18.99618808024212,19.047353670997136,19.052656558075608,19.05739364704143,19.061590926848428,19.065269323547664,19.06844504026505,19.07112977160752,19.073330797956732,19.075050958727765,19.07628849690888,19.07703675941384,19.07728372815836,19.077011344201516,19.0761945701577,19.074800111949436,19.07278468605704,19.07114190000517,19.06925310286628,19.06689787528036,19.064094553922626,19.059594373912983,19.059594373912983,19.059594373912983,19.059594373912983,19.10559042185026,19.10559042185026,19.10559042185026,19.10559042185026,19.10559042185026,19.10559042185026,19.059594373912983,19.059594373912983,19.059594373912983,19.059594373912983,19.059594373912983,19.059594373912983,19.059594373912983,19.059594373912983,19.059594373912983,19.059594373912983,19.059594373912983,19.059594373912983,19.059594373912983,19.059594373912983,18.135190120924726,18.135190120924726,18.135190120924726,18.135190120924726,18.135190120924726,18.99618808024212
0.36868686868686873,18.99618808024212,18.99618808024212,18.99618808024212,18.99618808024212,18.99618808024212,18.99618808024212,18.99618808024212,18.99618808024212,18.99618808024212,18.99618808024212,18.99618808024212,18.99618808024212,18.99618808024212,18.99618808024212,18.99618808024212,18.99618808024212,18.99618808024212,18.99618808024212,18.99618808024212,18.99618808024212,18.99618808024212,18.99618808024212,18.99618808024212,18.99618808024212,18.99618808024212,18.99618808024212,18.99618808024212,18.99618808024212,18.99618808024212,18.99618808024212,18.99618808024212,18.99618808024212,18.99618808024212,18.99618808024212,18.99618808024212,18.99618808024212,18.99618808024212,18.99618808024212,18.99618808024212,18.99618808024212,18.99618808024212,18.99618808024212,18.99618808024212,18.99618808024212,18.99618808024212,18.99618808024212,18.99618808024212,18.99618808024212,18.99618808024212,18.99618808024212,19.037173913771486,19.043158029050126,19.0485410398038,19.05335489084331,19.057625947324624,19.061375480314275,19.064620013842536,19.067371545790056,19.069637648357762,19.071421447484557,19.072721473835553,19.073531370247547,19.073839430982407,19.073627935703744,19.072872224165327,19.0715394337862,19.069586787868992,19.06795895874711,19.066073516943266,19.06372212015984,19.059594373912983,19.059594373912983,19.059594373912983,19.10559042185026,19.10559042185026,19.10559042185026,19.10559042185026,19.10559042185026,19.10559042185026,19.10559042185026,19.059594373912983,19.059594373912983,19.059594373912983,19.059594373912983,19.059594373912983,19.059594373912983,19.059594373912983,19.059594373912983,19.059594373912983,19.059594373912983,19.059594373912983,19.059594373912983,19.059594373912983,18.135190120924726,18.135190120924726,18.135190120924726,18.135190120924726,18.135190120924726,18.135190120924726,18.99618808024212
0.3787878787878789,18.99618808024212,18.99618808024212,18.99618808024212,18.99618808024212,18.99618808024212,18.99618808024212,18.99618808024212,18.99618808024212,18.99618808024212,18.99618808024212,18.99618808024212,18.99618808024212,18.99618808024212,18.99618808024212,18.99618808024212,18.99618808024212,18.99618808024212,18.99618808024212,18.99618808024212,18.99618808024212,18.99618808024212,18.99618808024212,18.99618808024212,18.99618808024212,18.99618808024212,18.99618808024212,18.99618808024212,18.99618808024212,18.99618808024212,18.99618808024212,18.99618808024212,18.99618808024212,18.99618808024212,18.99618808024212,18.99618808024212,18.99618808024212,18.99618808024212,18.99618808024212,18.99618808024212,18.99618808024212,18.99618808024212,18.99618808024212,18.99618808024212,18.99618808024212,18.99618808024212,18.99618808024212,18.99618808024212,18.99618808024212,18.99618808024212,18.99618808024212,19.026261451307807,19.032971066717664,19.039037287459056,19.044498733893377,19.04938775585392,19.053731085507692,19.057550330731008,19.06086232908346,19.063679375038667,19.066009326507505,19.06785559030086,19.069216979456673,19.070087427667666,19.070455536593514,19.070303919538887,19.069608288258095,19.06833620614927,19.066445397171858,19.064831725532866,19.062948885457843,19.059594373912983,19.059594373912983,19.10559042185026,19.10559042185026,19.10559042185026,19.10559042185026,19.10559042185026,19.10559042185026,19.10559042185026,19.10559042185026,19.059594373912983,19.059594373912983,19.059594373912983,19.059594373912983,19.059594373912983,19.059594373912983,19.059594373912983,19.059594373912983,19.059594373912983,19.059594373912983,19.059594373912983,19.059594373912983,18.135190120924726,18.135190120924726,18.135190120924726,18.135190120924726,18.135190120924726,18.135190120924726,18.135190120924726,18.99618808024212
0.38888888888888895,18.99618808024212,18.99618808024212,18.99618808024212,18.99618808024212,18.99618808024212,18.99618808024212,18.99618808024212,18.99618808024212,18.99618808024212,18.99618808024212,18.99618808024212,18.99618808024212,18.99618808024212,18.99618808024212,18.99618808024212,18.99618808024212,18.99618808024212,18.99618808024212,18.99618808024212,18.99618808024212,18.99618808024212,18.99618808024212,18.99618808024212,18.99618808024212,18.99618808024212,18.99618808024212,18.99618808024212,18.99618808024212,18.99618808024212,18.99618808024212,18.99618808024212,18.99618808024212,18.99618808024212,18.99618808024212,18.99618808024212,18.99618808024212,18.99618808024212,18.99618808024212,18.99618808024212,18.99618808024212,18.99618808024212,18.99618808024212,18.99618808024212,18.99618808024212,18.99618808024212,18.99618808024212,18.99618808024212,18.99618808024212,18.99618808024212,18.99618808024212,19.014560708504316,19.022048381436203,19.028842417123567,19.03498904573302,19.040527329159374,19.045490012893264,19.049904187767957,19.053791790990804,19.057169966902975,19.06005130043392,19.062443929568627,19.064351536752547,19.065773212457067,19.066703176486726,19.067130333238875,19.06703762495572,19.066401130490522,19.065188833923838,19.063358953916893,19.061758672684604,19.059594373912983,19.10559042185026,19.10559042185026,19.10559042185026,19.10559042185026,19.10559042185026,19.10559042185026,19.10559042185026,19.10559042185026,19.10559042185026,19.059594373912983,19.059594373912983,19.059594373912983,19.059594373912983,19.059594373912983,19.059594373912983,19.059594373912983,19.059594373912983,19.059594373912983,19.059594373912983,19.059594373912983,18.135190120924726,18.135190120924726,18.135190120924726,18.135190120924726,18.135190120924726,18.135190120924726,18.135190120924726,18.135190120924726,18.99618808024212
0.3989898989898991,18.99618808024212,18.99618808024212,18.99618808024212,18.99618808024212,18.99618808024212,18.99618808024212,18.99618808024212,18.99618808024212,18.99618808024212,18.99618808024212,18.99618808024212,18.99618808024212,18.99618808024212,18.99618808024212,18.99618808024212,18.99618808024212,18.99618808024212,18.99618808024212,18.99618808024212,18.99618808024212,18.99618808024212,18.99618808024212,18.99618808024212,18.99618808024212,18.99618808024212,18.99618808024212,18.99618808024212,18.99618808024212,18.99618808024212,18.99618808024212,18.99618808024212,18.99618808024212,18.99618808024212,18.99618808024212,18.99618808024212,18.99618808024212,18.99618808024212,18.99618808024212,18.99618808024212,18.99618808024212,18.99618808024212,18.99618808024212,18.99618808024212,18.99618808024212,18.99618808024212,18.99618808024212,18.99618808024212,18.99618808024212,18.99618808024212,18.99618808024212,19.002006192668482,19.010334049442474,19.017908834070692,19.024785582660588,19.031011012599894,19.036624617797152,19.04165953092645,19.046143193906584,19.05009786645514,19.053540993516098,19.05648544483212,19.058939633258003,19.060907512014943,19.062388444402426,19.06337693188924,19.063862177215736,19.063827447098053,19.063249182806874,19.062095784013906,19.06032595832401,19.10559042185026,19.10559042185026,19.10559042185026,19.10559042185026,19.10559042185026,19.10559042185026,19.10559042185026,19.10559042185026,19.10559042185026,19.10559042185026,19.059594373912983,19.059594373912983,19.059594373912983,19.059594373912983,19.059594373912983,19.059594373912983,19.059594373912983,19.059594373912983,19.059594373912983,19.059594373912983,18.135190120924726,18.135190120924726,18.135190120924726,18.135190120924726,18.135190120924726,18.135190120924726,18.135190120924726,18.135190120924726,18.135190120924726,18.99618808024212
0.40909090909090917,18.99618808024212,18.99618808024212,18.99618808024212,18.99618808024212,18.99618808024212,18.99618808024212,18.99618808024212,18.99618808024212,18.99618808024212,18.99618808024212,18.99618808024212,18.99618808024212,18.99618808024212,18.99618808024212,18.99618808024212,18.99618808024212,18.99618808024212,18.99618808024212,18.99618808024212,18.99618808024212,18.99618808024212,18.99618808024212,18.99618808024212,18.99618808024212,18.99618808024212,18.99618808024212,18.99618808024212,18.99618808024212,18.99618808024212,18.99618808024212,18.99618808024212,18.99618808024212,18.99618808024212,18.99618808024212,18.99618808024212,18.99618808024212,18.99618808024212,18.99618808024212,18.99618808024212,18.99618808024212,18.99618808024212,18.99618808024212,18.99618808024212,18.99618808024212,18.99618808024212,18.99618808024212,18.99618808024212,18.99618808024212,18.99618808024212,18.99618808024212,18.99618808024212,18.99618808024212,18.99618808024212,18.99618808024212,18.99618808024212,18.99618808024212,18.99618808024212,18.99618808024212,18.99618808024212,18.99618808024212,19.059594373912983,19.059594373912983,19.059594373912983,19.059594373912983,19.059594373912983,19.059594373912983,19.059594373912983,19.059594373912983,19.059594373912983,19.10559042185026,19.10559042185026,19.10559042185026,19.10559042185026,19.10559042185026,19.10559042185026,19.10559042185026,19.10559042185026,19.10559042185026,19.10559042185026,19.10559042185026,19.059594373912983,19.059594373912983,19.059594373912983,19.059594373912983,19.059594373912983,19.059594373912983,19.059594373912983,19.059594373912983,19.059594373912983,18.135190120924726,18.135190120924726,18.135190120924726,18.135190120924726,18.135190120924726,18.135190120924726,18.135190120924726,18.135190120924726,18.135190120924726,18.135190120924726,18.99618808024212
0.4191919191919192,18.99618808024212,18.99618808024212,18.99618808024212,18.99618808024212,18.99618808024212,18.99618808024212,18.99618808024212,18.99618808024212,18.99618808024212,18.99618808024212,18.99618808024212,18.99618808024212,18.99618808024212,18.99618808024212,18.99618808024212,18.99618808024212,18.99618808024212,18.99618808024212,18.99618808024212,18.99618808024212,18.99618808024212,18.99618808024212,18.99618808024212,18.99618808024212,18.99618808024212,18.99618808024212,18.99618808024212,18.99618808024212,18.99618808024212,18.99618808024212,18.99618808024212,18.99618808024212,18.99618808024212,18.99618808024212,18.99618808024212,18.99618808024212,18.99618808024212,18.99618808024212,18.99618808024212,18.99618808024212,18.99618808024212,18.99618808024212,18.99618808024212,18.99618808024212,18.99618808024212,18.99618808024212,18.99618808024212,18.99618808024212,18.99618808024212,18.99618808024212,18.99618808024212,18.99618808024212,18.99618808024212,18.99618808024212,18.99618808024212,18.99618808024212,18.99618808024212,18.99618808024212,18.99618808024212,18.99618808024212,19.059594373912983,19.059594373912983,19.059594373912983,19.059594373912983,19.059594373912983,19.059594373912983,19.059594373912983,19.059594373912983,19.10559042185026,19.10559042185026,19.10559042185026,19.10559042185026,19.10559042185026,19.10559042185026,19.10559042185026,19.10559042185026,19.10559042185026,19.10559042185026,19.10559042185026,19.10559042185026,19.059594373912983,19.059594373912983,19.059594373912983,19.059594373912983,19.059594373912983,19.059594373912983,19.059594373912983,19.059594373912983,18.135190120924726,18.135190120924726,18.135190120924726,18.135190120924726,18.135190120924726,18.135190120924726,18.135190120924726,18.135190120924726,18.135190120924726,18.135190120924726,18.135190120924726,18.99618808024212
0.4292929292929294,18.99618808024212,18.99618808024212,18.99618808024212,18.99618808024212,18.99618808024212,18.99618808024212,18.99618808024212,18.99618808024212,18.99618808024212,18.99618808024212,18.99618808024212,18.99618808024212,18.99618808024212,18.99618808024212,18.99618808024212,18.99618808024212,18.99618808024212,18.99618808024212,18.99618808024212,18.99618808024212,18.99618808024212,18.99618808024212,18.99618808024212,18.99618808024212,18.99618808024212,18.99618808024212,18.99618808024212,18.99618808024212,18.99618808024212,18.99618808024212,18.99618808024212,18.99618808024212,18.99618808024212,18.99618808024212,18.99618808024212,18.99618808024212,18.99618808024212,18.99618808024212,18.99618808024212,18.99618808024212,18.99618808024212,18.99618808024212,18.99618808024212,18.99618808024212,18.99618808024212,18.99618808024212,18.99618808024212,18.99618808024212,18.99618808024212,18.99618808024212,18.99618808024212,18.99618808024212,18.99618808024212,18.99618808024212,18.99618808024212,18.99618808024212,18.99618808024212,18.99618808024212,18.99618808024212,18.99618808024212,19.059594373912983,19.059594373912983,19.059594373912983,19.059594373912983,19.059594373912983,19.059594373912983,19.059594373912983,19.10559042185026,19.10559042185026,19.10559042185026,19.10559042185026,19.10559042185026,19.10559042185026,19.10559042185026,19.10559042185026,19.10559042185026,19.10559042185026,19.10559042185026,19.10559042185026,19.10559042185026,19.059594373912983,19.059594373912983,19.059594373912983,19.059594373912983,19.059594373912983,19.059594373912983,19.059594373912983,18.135190120924726,18.135190120924726,18.135190120924726,18.135190120924726,18.135190120924726,18.135190120924726,18.135190120924726,18.135190120924726,18.135190120924726,18.135190120924726,18.135190120924726,18.135190120924726,18.99618808024212
0.43939393939393945,18.99618808024212,18.99618808024212,18.99618808024212,18.99618808024212,18.99618808024212,18.99618808024212,18.99618808024212,18.99618808024212,18.99618808024212,18.99618808024212,18.99618808024212,18.99618808024212,18.99618808024212,18.99618808024212,18.99618808024212,18.99618808024212,18.99618808024212,18.99618808024212,18.99618808024212,18.99618808024212,18.99618808024212,18.99618808024212,18.99618808024212,18.99618808024212,18.99618808024212,18.99618808024212,18.99618808024212,18.99618808024212,18.99618808024212,18.99618808024212,18.99618808024212,18.99618808024212,18.99618808024212,18.99618808024212,18.99618808024212,18.99618808024212,18.99618808024212,18.99618808024212,18.99618808024212,18.99618808024212,18.99618808024212,18.99618808024212,18.99618808024212,18.99618808024212,18.99618808024212,18.99618808024212,18.99618808024212,18.99618808024212,18.99618808024212,18.99618808024212,18.99618808024212,18.99618808024212,18.99618808024212,18.99618808024212,18.99618808024212,18.99618808024212,18.99618808024212,18.99618808024212,18.99618808024212,18.99618808024212,19.059594373912983,19.059594373912983,19.059594373912983,19.059594373912983,19.059594373912983,19.059594373912983,19.10559042185026,19.10559042185026,19.10559042185026,19.10559042185026,19.10559042185026,19.10559042185026,19.10559042185026,19.10559042185026,19.10559042185026,19.10559042185026,19.10559042185026,19.10559042185026,19.10559042185026,19.10559042185026,19.059594373912983,19.059594373912983,19.059594373912983,19.059594373912983,19.059594373912983,19.059594373912983,18.135190120924726,18.135190120924726,18.135190120924726,18.135190120924726,18.135190120924726,18.135190120924726,18.135190120924726,18.135190120924726,18.135190120924726,18.135190120924726,18.135190120924726,18.135190120924726,18.135190120924726,18.99618808024212
0.4494949494949496,18.99618808024212,18.99618808024212,18.99618808024212,18.99618808024212,18.99618808024212,18.99618808024212,18.99618808024212,18.99618808024212,18.99618808024212,18.99618808024212,18.99618808024212,18.99618808024212,18.99618808024212,18.99618808024212,18.99618808024212,18.99618808024212,18.99618808024212,18.99618808024212,18.99618808024212,18.99618808024212,18.99618808024212,18.99618808024212,18.99618808024212,18.99618808024212,18.99618808024212,18.99618808024212,18.99618808024212,18.99618808024212,18.99618808024212,18.99618808024212,18.99618808024212,18.99618808024212,18.99618808024212,18.99618808024212,18.99618808024212,18.99618808024212,18.99618808024212,18.99618808024212,18.99618808024212,18.99618808024212,18.99618808024212,18.99618808024212,18.99618808024212,18.99618808024212,18.99618808024212,18.99618808024212,18.99618808024212,18.99618808024212,18.99618808024212,18.99618808024212,18.99618808024212,18.99618808024212,18.99618808024212,18.99618808024212,18.99618808024212,18.99618808024212,18.99618808024212,18.99618808024212,18.99618808024212,18.99618808024212,19.059594373912983,19.059594373912983,19.059594373912983,19.059594373912983,19.059594373912983,19.10559042185026,19.10559042185026,19.10559042185026,19.10559042185026,19.10559042185026,19.10559042185026,19.10559042185026,19.10559042185026,19.10559042185026,19.10559042185026,19.10559042185026,19.10559042185026,19.10559042185026,19.10559042185026,19.10559042185026,19.059594373912983,19.059594373912983,19.059594373912983,19.059594373912983,19.059594373912983,18.135190120924726,18.135190120924726,18.135190120924726,18.135190120924726,18.135190120924726,18.135190120924726,18.135190120924726,18.135190120924726,18.135190120924726,18.135190120924726,18.135190120924726,18.135190120924726,18.135190120924726,18.135190120924726,18.99618808024212
0.45959595959595967,18.99618808024212,18.99618808024212,18.99618808024212,18.99618808024212,18.99618808024212,18.99618808024212,18.99618808024212,18.99618808024212,18.99618808024212,18.99618808024212,18.99618808024212,18.99618808024212,18.99618808024212,18.99618808024212,18.99618808024212,18.99618808024212,18.99618808024212,18.99618808024212,18.99618808024212,18.99618808024212,18.99618808024212,18.99618808024212,18.99618808024212,18.99618808024212,18.99618808024212,18.99618808024212,18.99618808024212,18.99618808024212,18.99618808024212,18.99618808024212,18.99618808024212,18.99618808024212,18.99618808024212,18.99618808024212,18.99618808024212,18.99618808024212,18.99618808024212,18.99618808024212,18.99618808024212,18.99618808024212,18.99618808024212,18.99618808024212,18.99618808024212,18.99618808024212,18.99618808024212,18.99618808024212,18.99618808024212,18.99618808024212,18.99618808024212,18.99618808024212,18.99618808024212,18.99618808024212,18.99618808024212,18.99618808024212,18.99618808024212,18.99618808024212,18.99618808024212,18.99618808024212,18.99618808024212,18.99618808024212,19.059594373912983,19.059594373912983,19.059594373912983,19.059594373912983,19.10559042185026,19.10559042185026,19.10559042185026,19.10559042185026,19.10559042185026,19.10559042185026,19.10559042185026,19.10559042185026,19.10559042185026,19.10559042185026,19.10559042185026,19.10559042185026,19.10559042185026,19.10559042185026,19.10559042185026,19.10559042185026,19.059594373912983,19.059594373912983,19.059594373912983,19.059594373912983,18.135190120924726,18.135190120924726,18.135190120924726,18.135190120924726,18.135190120924726,18.135190120924726,18.135190120924726,18.135190120924726,18.135190120924726,18.135190120924726,18.135190120924726,18.135190120924726,18.135190120924726,18.135190120924726,18.135190120924726,18.99618808024212
0.4696969696969697,18.99618808024212,18.99618808024212,18.99618808024212,18.99618808024212,18.99618808024212,18.99618808024212,18.99618808024212,18.99618808024212,18.99618808024212,18.99618808024212,18.99618808024212,18.99618808024212,18.99618808024212,18.99618808024212,18.99618808024212,18.99618808024212,18.99618808024212,18.99618808024212,18.99618808024212,18.99618808024212,18.99618808024212,18.99618808024212,18.99618808024212,18.99618808024212,18.99618808024212,18.99618808024212,18.99618808024212,18.99618808024212,18.99618808024212,18.99618808024212,18.99618808024212,18.99618808024212,18.99618808024212,18.99618808024212,18.99618808024212,18.99618808024212,18.99618808024212,18.99618808024212,18.99618808024212,18.99618808024212,18.99618808024212,18.99618808024212,18.99618808024212,18.99618808024212,18.99618808024212,18.99618808024212,18.99618808024212,18.99618808024212,18.99618808024212,18.99618808024212,18.99618808024212,18.99618808024212,18.99618808024212,18.99618808024212,18.99618808024212,18.99618808024212,18.99618808024212,18.99618808024212,18.99618808024212,18.99618808024212,19.059594373912983,19.059594373912983,19.059594373912983,19.10559042185026,19.10559042185026,19.10559042185026,19.10559042185026,19.10559042185026,19.10559042185026,19.10559042185026,19.10559042185026,19.10559042185026,19.10559042185026,19.10559042185026,19.10559042185026,19.10559042185026,19.10559042185026,19.10559042185026,19.10559042185026,19.10559042185026,19.059594373912983,19.059594373912983,19.059594373912983,18.135190120924726,18.135190120924726,18.135190120924726,18.135190120924726,18.135190120924726,18.135190120924726,18.135190120924726,18.135190120924726,18.135190120924726,18.135190120924726,18.135190120924726,18.135190120924726,18.135190120924726,18.135190120924726,18.135190120924726,18.135190120924726,18.99618808024212
0.4797979797979799,18.99618808024212,18.99618808024212,18.99618808024212,18.99618808024212,18.99618808024212,18.99618808024212,18.99618808024212,18.99618808024212,18.99618808024212,18.99618808024212,18.99618808024212,18.99618808024212,18.99618808024212,18.99618808024212,18.99618808024212,18.99618808024212,18.99618808024212,18.99618808024212,18.99618808024212,18.99618808024212,18.99618808024212,18.99618808024212,18.99618808024212,18.99618808024212,18.99618808024212,18.99618808024212,18.99618808024212,18.99618808024212,18.99618808024212,18.99618808024212,18.99618808024212,18.99618808024212,18.99618808024212,18.99618808024212,18.99618808024212,18.99618808024212,18.99618808024212,18.99618808024212,18.99618808024212,18.99618808024212,18.99618808024212,18.99618808024212,18.99618808024212,18.99618808024212,18.99618808024212,18.99618808024212,18.99618808024212,18.99618808024212,18.99618808024212,18.99618808024212,18.99618808024212,18.99618808024212,18.99618808024212,18.99618808024212,18.99618808024212,18.99618808024212,18.99618808024212,18.99618808024212,18.99618808024212,18.99618808024212,19.059594373912983,19.059594373912983,19.10559042185026,19.10559042185026,19.10559042185026,19.10559042185026,19.10559042185026,19.10559042185026,19.10559042185026,19.10559042185026,19.10559042185026,19.10559042185026,19.10559042185026,19.10559042185026,19.10559042185026,19.10559042185026,19.10559042185026,19.10559042185026,19.10559042185026,19.10559042185026,19.059594373912983,19.059594373912983,18.135190120924726,18.135190120924726,18.135190120924726,18.135190120924726,18.135190120924726,18.135190120924726,18.135190120924726,18.135190120924726,18.135190120924726,18.135190120924726,18.135190120924726,18.135190120924726,18.135190120924726,18.135190120924726,18.135190120924726,18.135190120924726,18.135190120924726,18.99618808024212
0.48989898989898994,18.99618808024212,18.99618808024212,18.99618808024212,18.99618808024212,18.99618808024212,18.99618808024212,18.99618808024212,18.99618808024212,18.99618808024212,18.99618808024212,18.99618808024212,18.99618808024212,18.99618808024212,18.99618808024212,18.99618808024212,18.99618808024212,18.99618808024212,18.99618808024212,18.99618808024212,18.99618808024212,18.99618808024212,18.99618808024212,18.99618808024212,18.99618808024212,18.99618808024212,18.99618808024212,18.99618808024212,18.99618808024212,18.99618808024212,18.99618808024212,18.99618808024212,18.99618808024212,18.99618808024212,18.99618808024212,18.99618808024212,18.99618808024212,18.99618808024212,18.99618808024212,18.99618808024212,18.99618808024212,18.99618808024212,18.99618808024212,18.99618808024212,18.99618808024212,18.99618808024212,18.99618808024212,18.99618808024212,18.99618808024212,18.99618808024212,18.99618808024212,18.99618808024212,18.99618808024212,18.99618808024212,18.99618808024212,18.99618808024212,18.99618808024212,18.99618808024212,18.99618808024212,18.99618808024212,18.99618808024212,19.059594373912983,19.10559042185026,19.10559042185026,19.10559042185026,19.10559042185026,19.10559042185026,19.10559042185026,19.10559042185026,19.10559042185026,19.10559042185026,19.10559042185026,19.10559042185026,19.10559042185026,19.10559042185026,19.10559042185026,19.10559042185026,19.10559042185026,19.10559042185026,19.10559042185026,19.10559042185026,19.059594373912983,18.135190120924726,18.135190120924726,18.135190120924726,18.135190120924726,18.135190120924726,18.135190120924726,18.135190120924726,18.135190120924726,18.135190120924726,18.135190120924726,18.135190120924726,18.135190120924726,18.135190120924726,18.135190120924726,18.135190120924726,18.135190120924726,18.135190120924726,18.135190120924726,18.99618808024212
0.5,19.111421058032747,19.111421058032747,19.111421058032747,19.111421058032747,19.111421058032747,19.111421058032747,19.111421058032747,19.111421058032747,19.111421058032747,19.111421058032747,19.111421058032747,19.111421058032747,19.111421058032747,19.111421058032747,19.111421058032747,19.111421058032747,19.111421058032747,19.111421058032747,19.111421058032747,19.111421058032747,19.111421058032747,19.111421058032747,19.111421058032747,19.111421058032747,19.111421058032747,19.111421058032747,19.111421058032747,19.111421058032747,19.111421058032747,19.111421058032747,19.111421058032747,19.111421058032747,19.111421058032747,19.111421058032747,19.111421058032747,19.111421058032747,19.111421058032747,19.111421058032747,19.111421058032747,19.111421058032747,19.111421058032747,19.111421058032747,19.111421058032747,19.111421058032747,19.111421058032747,19.111421058032747,19.111421058032747,19.111421058032747,19.111421058032747,19.111421058032747,19.111421058032747,19.111421058032747,19.111421058032747,19.111421058032747,19.111421058032747,19.111421058032747,19.111421058032747,19.111421058032747,19.111421058032747,19.111421058032747,19.157417667260052,19.157417667260052,19.157417667260052,19.157417667260052,19.157417667260052,19.157417667260052,19.157417667260052,19.157417667260052,19.157417667260052,19.157417667260052,19.157417667260052,19.157417667260052,19.157417667260052,19.157417667260052,19.157417667260052,19.157417667260052,19.157417667260052,19.157417667260052,19.157417667260052,19.157417667260052,18.187016937895596,18.187016937895596,18.187016937895596,18.187016937895596,18.187016937895596,18.187016937895596,18.187016937895596,18.187016937895596,18.187016937895596,18.187016937895596,18.187016937895596,18.187016937895596,18.187016937895596,18.187016937895596,18.187016937895596,18.187016937895596,18.187016937895596,18.187016937895596,18.187016937895596,19.111421058032747
