,-0.5,-0.4898989898989899,-0.4797979797979798,-0.4696969696969697,-0.4595959595959596,-0.4494949494949495,-0.4393939393939394,-0.4292929292929293,-0.41919191919191917,-0.40909090909090906,-0.398989898989899,-0.3888888888888889,-0.3787878787878788,-0.3686868686868687,-0.35858585858585856,-0.3484848484848485,-0.33838383838383834,-0.3282828282828283,-0.3181818181818182,-0.30808080808080807,-0.29797979797979796,-0.28787878787878785,-0.2777777777777778,-0.2676767676767676,-0.25757575757575757,-0.24747474747474746,-0.23737373737373735,-0.22727272727272724,-0.21717171717171713,-0.20707070707070707,-0.19696969696969696,-0.18686868686868685,-0.17676767676767674,-0.16666666666666663,-0.15656565656565652,-0.1464646464646464,-0.13636363636363635,-0.12626262626262624,-0.11616161616161613,-0.10606060606060602,-0.09595959595959591,-0.0858585858585858,-0.07575757575757575,-0.06565656565656564,-0.055555555555555525,-0.045454545454545414,-0.035353535353535304,-0.025252525252525193,-0.015151515151515138,-0.0050505050505050275,0.005050505050505083,0.015151515151515249,0.025252525252525304,0.03535353535353536,0.045454545454545525,0.05555555555555558,0.06565656565656575,0.0757575757575758,0.08585858585858586,0.09595959595959602,0.10606060606060608,0.11616161616161624,0.1262626262626263,0.13636363636363646,0.14646464646464652,0.15656565656565657,0.16666666666666674,0.1767676767676768,0.18686868686868696,0.19696969696969702,0.20707070707070718,0.21717171717171724,0.2272727272727273,0.23737373737373746,0.24747474747474751,0.2575757575757577,0.26767676767676774,0.2777777777777778,0.28787878787878796,0.297979797979798,0.3080808080808082,0.31818181818181823,0.3282828282828284,0.33838383838383845,0.3484848484848485,0.3585858585858587,0.36868686868686873,0.3787878787878789,0.38888888888888895,0.3989898989898991,0.40909090909090917,0.4191919191919192,0.4292929292929294,0.43939393939393945,0.4494949494949496,0.45959595959595967,0.4696969696969697,0.4797979797979799,0.48989898989898994,0.5
-0.5,0.004442229395215853,0.004442229395215853,0.004442229395215853,0.004442229395215853,0.004442229395215853,0.004442229395215853,0.004442229395215853,0.004442229395215853,0.004442229395215853,0.004442229395215853,0.004442229395215853,0.004442229395215853,0.004442229395215853,0.004442229395215853,0.004442229395215853,0.004442229395215853,0.004442229395215853,0.004442229395215853,0.004442229395215853,0.004442229395215853,0.004442229395215853,0.004442229395215853,0.004442229395215853,0.004442229395215853,0.004442229395215853,0.004442229395215853,0.004442229395215853,0.004442229395215853,0.004442229395215853,0.004442229395215853,0.004442229395215853,0.004442229395215853,0.004442229395215853,0.004442229395215853,0.004442229395215853,0.004442229395215853,0.004442229395215853,0.004442229395215853,0.004442229395215853,0.004442229395215853,0.004442229395215853,0.004442229395215853,0.004442229395215853,0.004442229395215853,0.004442229395215853,0.004442229395215853,0.004442229395215853,0.004442229395215853,0.004442229395215853,0.004442229395215853,0.004442229395215853,0.004442229395215853,0.004442229395215853,0.004442229395215853,0.004442229395215853,0.004442229395215853,0.004442229395215853,0.004442229395215853,0.004442229395215853,0.004442229395215853,-0.016314298629375907,-0.016314298629375907,-0.016314298629375907,-0.016314298629375907,-0.016314298629375907,-0.016314298629375907,-0.016314298629375907,-0.016314298629375907,-0.016314298629375907,-0.016314298629375907,-0.016314298629375907,-0.016314298629375907,-0.016314298629375907,-0.016314298629375907,-0.016314298629375907,-0.016314298629375907,-0.016314298629375907,-0.016314298629375907,-0.016314298629375907,-0.016314298629375907,-0.0002637589793156935,-0.0002637589793156935,-0.0002637589793156935,-0.0002637589793156935,-0.0002637589793156935,-0.0002637589793156935,-0.0002637589793156935,-0.0002637589793156935,-0.0002637589793156935,-0.0002637589793156935,-0.0002637589793156935,-0.0002637589793156935,-0.0002637589793156935,-0.0002637589793156935,-0.0002637589793156935,-0.0002637589793156935,-0.0002637589793156935,-0.0002637589793156935,-0.0002637589793156935,0.004442229395215853
-0.4898989898989899,0.004442229395215853,0.004442229395215853,0.004442229395215853,0.004442229395215853,0.004442229395215853,0.004442229395215853,0.004442229395215853,0.004442229395215853,0.004442229395215853,0.004442229395215853,0.004442229395215853,0.004442229395215853,0.004442229395215853,0.004442229395215853,0.004442229395215853,0.004442229395215853,0.004442229395215853,0.004442229395215853,0.004442229395215853,0.004442229395215853,0.004442229395215853,0.004442229395215853,0.004442229395215853,0.004442229395215853,0.004442229395215853,0.004442229395215853,0.004442229395215853,0.004442229395215853,0.004442229395215853,0.004442229395215853,0.004442229395215853,0.004442229395215853,0.004442229395215853,0.004442229395215853,0.004442229395215853,0.004442229395215853,0.004442229395215853,0.004442229395215853,0.004442229395215853,0.004442229395215853,0.004442229395215853,0.004442229395215853,0.004442229395215853,0.004442229395215853,0.004442229395215853,0.004442229395215853,0.004442229395215853,0.004442229395215853,0.004442229395215853,0.004442229395215853,0.004442229395215853,0.004442229395215853,0.004442229395215853,0.004442229395215853,0.004442229395215853,0.004442229395215853,0.004442229395215853,0.004442229395215853,0.004442229395215853,-0.016314298629375907,-0.016314298629375907,-0.016314298629375907,-0.016314298629375907,-0.016314298629375907,-0.016314298629375907,-0.016314298629375907,-0.016314298629375907,-0.016314298629375907,-0.016314298629375907,-0.016314298629375907,-0.016314298629375907,-0.016314298629375907,-0.016314298629375907,-0.016314298629375907,-0.016314298629375907,-0.016314298629375907,-0.016314298629375907,-0.016314298629375907,-0.016314298629375907,-0.02682223249895075,-0.0002637589793156935,-0.0002637589793156935,-0.0002637589793156935,-0.0002637589793156935,-0.0002637589793156935,-0.0002637589793156935,-0.0002637589793156935,-0.0002637589793156935,-0.0002637589793156935,-0.0002637589793156935,-0.0002637589793156935,-0.0002637589793156935,-0.0002637589793156935,-0.0002637589793156935,-0.0002637589793156935,-0.0002637589793156935,-0.0002637589793156935,-0.0002637589793156935,-0.0002637589793156935,0.004442229395215853
-0.4797979797979798,0.004442229395215853,0.004442229395215853,0.004442229395215853,0.004442229395215853,0.004442229395215853,0.004442229395215853,0.004442229395215853,0.004442229395215853,0.004442229395215853,0.004442229395215853,0.004442229395215853,0.004442229395215853,0.004442229395215853,0.004442229395215853,0.004442229395215853,0.004442229395215853,0.004442229395215853,0.004442229395215853,0.004442229395215853,0.004442229395215853,0.004442229395215853,0.004442229395215853,0.004442229395215853,0.004442229395215853,0.004442229395215853,0.004442229395215853,0.004442229395215853,0.004442229395215853,0.004442229395215853,0.004442229395215853,0.004442229395215853,0.004442229395215853,0.004442229395215853,0.004442229395215853,0.004442229395215853,0.004442229395215853,0.004442229395215853,0.004442229395215853,0.004442229395215853,0.004442229395215853,0.004442229395215853,0.004442229395215853,0.004442229395215853,0.004442229395215853,0.004442229395215853,0.004442229395215853,0.004442229395215853,0.004442229395215853,0.004442229395215853,0.004442229395215853,0.004442229395215853,0.004442229395215853,0.004442229395215853,0.004442229395215853,0.004442229395215853,0.004442229395215853,0.004442229395215853,0.004442229395215853,-0.016314298629375907,-0.016314298629375907,-0.016314298629375907,-0.016314298629375907,-0.016314298629375907,-0.016314298629375907,-0.016314298629375907,-0.016314298629375907,-0.016314298629375907,-0.016314298629375907,-0.016314298629375907,-0.016314298629375907,-0.016314298629375907,-0.016314298629375907,-0.016314298629375907,-0.016314298629375907,-0.016314298629375907,-0.016314298629375907,-0.016314298629375907,-0.016314298629375907,-0.02682223249895075,-0.02682223249895075,-0.0002637589793156935,-0.0002637589793156935,-0.0002637589793156935,-0.0002637589793156935,-0.0002637589793156935,-0.0002637589793156935,-0.0002637589793156935,-0.0002637589793156935,-0.0002637589793156935,-0.0002637589793156935,-0.0002637589793156935,-0.0002637589793156935,-0.0002637589793156935,-0.0002637589793156935,-0.0002637589793156935,-0.0002637589793156935,-0.0002637589793156935,-0.020447577917726553,-0.020447577917726553,0.004442229395215853
-0.4696969696969697,0.004442229395215853,0.004442229395215853,0.004442229395215853,0.004442229395215853,0.004442229395215853,0.004442229395215853,0.004442229395215853,0.004442229395215853,0.004442229395215853,0.004442229395215853,0.004442229395215853,0.004442229395215853,0.004442229395215853,0.004442229395215853,0.004442229395215853,0.004442229395215853,0.004442229395215853,0.004442229395215853,0.004442229395215853,0.004442229395215853,0.004442229395215853,0.004442229395215853,0.004442229395215853,0.004442229395215853,0.004442229395215853,0.004442229395215853,0.004442229395215853,0.004442229395215853,0.004442229395215853,0.004442229395215853,0.004442229395215853,0.004442229395215853,0.004442229395215853,0.004442229395215853,0.004442229395215853,0.004442229395215853,0.004442229395215853,0.004442229395215853,0.004442229395215853,0.004442229395215853,0.004442229395215853,0.004442229395215853,0.004442229395215853,0.004442229395215853,0.004442229395215853,0.004442229395215853,0.004442229395215853,0.004442229395215853,0.004442229395215853,0.004442229395215853,0.004442229395215853,0.004442229395215853,0.004442229395215853,0.004442229395215853,0.004442229395215853,0.004442229395215853,0.004442229395215853,-0.016314298629375907,-0.016314298629375907,-0.016314298629375907,-0.016314298629375907,-0.016314298629375907,-0.016314298629375907,-0.016314298629375907,-0.016314298629375907,-0.016314298629375907,-0.016314298629375907,-0.016314298629375907,-0.016314298629375907,-0.016314298629375907,-0.016314298629375907,-0.016314298629375907,-0.016314298629375907,-0.016314298629375907,-0.016314298629375907,-0.016314298629375907,-0.016314298629375907,-0.02682223249895075,-0.02682223249895075,-0.02682223249895075,-0.0002637589793156935,-0.0002637589793156935,-0.0002637589793156935,-0.0002637589793156935,-0.0002637589793156935,-0.0002637589793156935,-0.0002637589793156935,-0.0002637589793156935,-0.0002637589793156935,-0.0002637589793156935,-0.0002637589793156935,-0.0002637589793156935,-0.0002637589793156935,-0.0002637589793156935,-0.0002637589793156935,-0.0002637589793156935,-0.0002637589793156935,-0.020447577917726553,-0.020447577917726553,0.004442229395215853
-0.4595959595959596,0.004442229395215853,0.004442229395215853,0.004442229395215853,0.004442229395215853,0.004442229395215853,0.004442229395215853,0.004442229395215853,0.004442229395215853,0.004442229395215853,0.004442229395215853,0.004442229395215853,0.004442229395215853,0.004442229395215853,0.004442229395215853,0.004442229395215853,0.004442229395215853,0.004442229395215853,0.004442229395215853,0.004442229395215853,0.004442229395215853,0.004442229395215853,0.004442229395215853,0.004442229395215853,0.004442229395215853,0.004442229395215853,0.004442229395215853,0.004442229395215853,0.004442229395215853,0.004442229395215853,0.004442229395215853,0.004442229395215853,0.004442229395215853,0.004442229395215853,0.004442229395215853,0.004442229395215853,0.004442229395215853,0.004442229395215853,0.004442229395215853,0.004442229395215853,0.004442229395215853,0.004442229395215853,0.004442229395215853,0.004442229395215853,0.004442229395215853,0.004442229395215853,0.004442229395215853,0.004442229395215853,0.004442229395215853,0.004442229395215853,0.004442229395215853,0.004442229395215853,0.004442229395215853,0.004442229395215853,0.004442229395215853,0.004442229395215853,0.004442229395215853,-0.016314298629375907,-0.016314298629375907,-0.016314298629375907,-0.016314298629375907,-0.016314298629375907,-0.016314298629375907,-0.016314298629375907,-0.016314298629375907,-0.016314298629375907,-0.016314298629375907,-0.016314298629375907,-0.016314298629375907,-0.016314298629375907,-0.016314298629375907,-0.016314298629375907,-0.016314298629375907,-0.016314298629375907,-0.016314298629375907,-0.016314298629375907,-0.016314298629375907,-0.02682223249895075,-0.02682223249895075,-0.02682223249895075,-0.02682223249895075,-0.0002637589793156935,-0.0002637589793156935,-0.0002637589793156935,-0.0002637589793156935,-0.0002637589793156935,-0.0002637589793156935,-0.0002637589793156935,-0.0002637589793156935,-0.0002637589793156935,-0.0002637589793156935,-0.0002637589793156935,-0.0002637589793156935,-0.0002637589793156935,-0.0002637589793156935,-0.0002637589793156935,-0.0002637589793156935,-0.020447577917726553,-0.020447577917726553,-0.020447577917726553,0.004442229395215853
-0.4494949494949495,0.004442229395215853,0.004442229395215853,0.004442229395215853,0.004442229395215853,0.004442229395215853,0.004442229395215853,0.004442229395215853,0.004442229395215853,0.004442229395215853,0.004442229395215853,0.004442229395215853,0.004442229395215853,0.004442229395215853,0.004442229395215853,0.004442229395215853,0.004442229395215853,0.004442229395215853,0.004442229395215853,0.004442229395215853,0.004442229395215853,0.004442229395215853,0.004442229395215853,0.004442229395215853,0.004442229395215853,0.004442229395215853,0.004442229395215853,0.004442229395215853,0.004442229395215853,0.004442229395215853,0.004442229395215853,0.004442229395215853,0.004442229395215853,0.004442229395215853,0.004442229395215853,0.004442229395215853,0.004442229395215853,0.004442229395215853,0.004442229395215853,0.004442229395215853,0.004442229395215853,0.004442229395215853,0.004442229395215853,0.004442229395215853,0.004442229395215853,0.004442229395215853,0.004442229395215853,0.004442229395215853,0.004442229395215853,0.004442229395215853,0.004442229395215853,0.004442229395215853,0.004442229395215853,0.004442229395215853,0.004442229395215853,0.004442229395215853,-0.016314298629375907,-0.016314298629375907,-0.016314298629375907,-0.016314298629375907,-0.016314298629375907,-0.016314298629375907,-0.016314298629375907,-0.016314298629375907,-0.016314298629375907,-0.016314298629375907,-0.016314298629375907,-0.016314298629375907,-0.016314298629375907,-0.016314298629375907,-0.016314298629375907,-0.016314298629375907,-0.016314298629375907,-0.016314298629375907,-0.016314298629375907,-0.016314298629375907,-0.02682223249895075,-0.02682223249895075,-0.02682223249895075,-0.02682223249895075,-0.02682223249895075,-0.0002637589793156935,-0.0002637589793156935,-0.0002637589793156935,-0.0002637589793156935,-0.0002637589793156935,-0.0002637589793156935,-0.0002637589793156935,-0.0002637589793156935,-0.0002637589793156935,-0.0002637589793156935,-0.0002637589793156935,-0.0002637589793156935,-0.0002637589793156935,-0.0002637589793156935,-0.020447577917726553,-0.020447577917726553,-0.020447577917726553,-0.020447577917726553,-0.020447577917726553,0.004442229395215853
-0.4393939393939394,0.004442229395215853,0.004442229395215853,0.004442229395215853,0.004442229395215853,0.004442229395215853,0.004442229395215853,0.004442229395215853,0.004442229395215853,0.004442229395215853,0.004442229395215853,0.004442229395215853,0.004442229395215853,0.004442229395215853,0.004442229395215853,0.004442229395215853,0.004442229395215853,0.004442229395215853,0.004442229395215853,0.004442229395215853,0.004442229395215853,0.004442229395215853,0.004442229395215853,0.004442229395215853,0.004442229395215853,0.004442229395215853,0.004442229395215853,0.004442229395215853,0.004442229395215853,0.004442229395215853,0.004442229395215853,0.004442229395215853,0.004442229395215853,0.004442229395215853,0.004442229395215853,0.004442229395215853,0.004442229395215853,0.004442229395215853,0.004442229395215853,0.004442229395215853,0.004442229395215853,0.004442229395215853,0.004442229395215853,0.004442229395215853,0.004442229395215853,0.004442229395215853,0.004442229395215853,0.004442229395215853,0.004442229395215853,0.004442229395215853,0.004442229395215853,0.004442229395215853,0.004442229395215853,0.004442229395215853,0.004442229395215853,-0.016314298629375907,-0.016314298629375907,-0.016314298629375907,-0.016314298629375907,-0.016314298629375907,-0.016314298629375907,-0.016314298629375907,-0.016314298629375907,-0.016314298629375907,-0.016314298629375907,-0.016314298629375907,-0.016314298629375907,-0.016314298629375907,-0.016314298629375907,-0.016314298629375907,-0.016314298629375907,-0.016314298629375907,-0.016314298629375907,-0.016314298629375907,-0.016314298629375907,-0.02682223249895075,-0.02682223249895075,-0.02682223249895075,-0.02682223249895075,-0.02682223249895075,-0.02682223249895075,-0.0002637589793156935,-0.0002637589793156935,-0.0002637589793156935,-0.0002637589793156935,-0.0002637589793156935,-0.0002637589793156935,-0.0002637589793156935,-0.0002637589793156935,-0.0002637589793156935,-0.0002637589793156935,-0.0002637589793156935,-0.0002637589793156935,-0.0002637589793156935,-0.020447577917726553,-0.020447577917726553,-0.020447577917726553,-0.020447577917726553,-0.020447577917726553,-0.020447577917726553,0.004442229395215853
-0.4292929292929293,0.004442229395215853,0.004442229395215853,0.004442229395215853,0.004442229395215853,0.004442229395215853,0.004442229395215853,0.004442229395215853,0.004442229395215853,0.004442229395215853,0.004442229395215853,0.004442229395215853,0.004442229395215853,0.004442229395215853,0.004442229395215853,0.004442229395215853,0.004442229395215853,0.004442229395215853,0.004442229395215853,0.004442229395215853,0.004442229395215853,0.004442229395215853,0.004442229395215853,0.004442229395215853,0.004442229395215853,0.004442229395215853,0.004442229395215853,0.004442229395215853,0.004442229395215853,0.004442229395215853,0.004442229395215853,0.004442229395215853,0.004442229395215853,0.004442229395215853,0.004442229395215853,0.004442229395215853,0.004442229395215853,0.004442229395215853,0.004442229395215853,0.004442229395215853,0.004442229395215853,0.004442229395215853,0.004442229395215853,0.004442229395215853,0.004442229395215853,0.004442229395215853,0.004442229395215853,0.004442229395215853,0.004442229395215853,0.004442229395215853,0.004442229395215853,0.004442229395215853,0.004442229395215853,0.004442229395215853,-0.016314298629375907,-0.016314298629375907,-0.016314298629375907,-0.016314298629375907,-0.016314298629375907,-0.016314298629375907,-0.016314298629375907,-0.016314298629375907,-0.016314298629375907,-0.016314298629375907,-0.016314298629375907,-0.016314298629375907,-0.016314298629375907,-0.016314298629375907,-0.016314298629375907,-0.016314298629375907,-0.016314298629375907,-0.016314298629375907,-0.016314298629375907,-0.016314298629375907,-0.02682223249895075,-0.02682223249895075,-0.02682223249895075,-0.02682223249895075,-0.02682223249895075,-0.02682223249895075,-0.02682223249895075,-0.0002637589793156935,-0.0002637589793156935,-0.0002637589793156935,-0.0002637589793156935,-0.0002637589793156935,-0.0002637589793156935,-0.0002637589793156935,-0.0002637589793156935,-0.0002637589793156935,-0.0002637589793156935,-0.0002637589793156935,-0.0002637589793156935,-0.0002637589793156935,-0.020447577917726553,-0.020447577917726553,-0.020447577917726553,-0.020447577917726553,-0.020447577917726553,-0.020447577917726553,0.004442229395215853
-0.41919191919191917,0.004442229395215853,0.004442229395215853,0.004442229395215853,0.004442229395215853,0.004442229395215853,0.004442229395215853,0.004442229395215853,0.004442229395215853,0.004442229395215853,0.004442229395215853,0.004442229395215853,0.004442229395215853,0.004442229395215853,0.004442229395215853,0.004442229395215853,0.004442229395215853,0.004442229395215853,0.004442229395215853,0.004442229395215853,0.004442229395215853,0.004442229395215853,0.004442229395215853,0.004442229395215853,0.004442229395215853,0.004442229395215853,0.004442229395215853,0.004442229395215853,0.004442229395215853,0.004442229395215853,0.004442229395215853,0.004442229395215853,0.004442229395215853,0.004442229395215853,0.004442229395215853,0.004442229395215853,0.004442229395215853,0.004442229395215853,0.004442229395215853,0.004442229395215853,0.004442229395215853,0.004442229395215853,0.004442229395215853,0.004442229395215853,0.004442229395215853,0.004442229395215853,0.004442229395215853,0.004442229395215853,0.004442229395215853,0.004442229395215853,0.004442229395215853,0.004442229395215853,0.004442229395215853,-0.016314298629375907,-0.016314298629375907,-0.016314298629375907,-0.016314298629375907,-0.016314298629375907,-0.016314298629375907,-0.016314298629375907,-0.016314298629375907,-0.016314298629375907,-0.016314298629375907,-0.016314298629375907,-0.016314298629375907,-0.016314298629375907,-0.016314298629375907,-0.016314298629375907,-0.016314298629375907,-0.016314298629375907,-0.016314298629375907,-0.016314298629375907,-0.016314298629375907,-0.02682223249895075,-0.02682223249895075,-0.02682223249895075,-0.02682223249895075,-0.02682223249895075,-0.02682223249895075,-0.02682223249895075,-0.02682223249895075,-0.0002637589793156935,-0.0002637589793156935,-0.0002637589793156935,-0.0002637589793156935,-0.0002637589793156935,-0.0002637589793156935,-0.0002637589793156935,-0.0002637589793156935,-0.0002637589793156935,-0.0002637589793156935,-0.0002637589793156935,-0.0002637589793156935,-0.020447577917726553,-0.020447577917726553,-0.020447577917726553,-0.020447577917726553,-0.020447577917726553,-0.020447577917726553,-0.020447577917726553,0.004442229395215853
-0.40909090909090906,0.004442229395215853,0.004442229395215853,0.004442229395215853,0.004442229395215853,0.004442229395215853,0.004442229395215853,0.004442229395215853,0.004442229395215853,0.004442229395215853,0.004442229395215853,0.004442229395215853,0.004442229395215853,0.004442229395215853,0.004442229395215853,0.004442229395215853,0.004442229395215853,0.004442229395215853,0.004442229395215853,0.004442229395215853,0.004442229395215853,0.004442229395215853,0.004442229395215853,0.004442229395215853,0.004442229395215853,0.004442229395215853,0.004442229395215853,0.004442229395215853,0.004442229395215853,0.004442229395215853,0.004442229395215853,0.004442229395215853,0.004442229395215853,0.004442229395215853,0.004442229395215853,0.004442229395215853,0.004442229395215853,0.004442229395215853,0.004442229395215853,0.004442229395215853,0.004442229395215853,0.004442229395215853,0.004442229395215853,0.004442229395215853,0.004442229395215853,0.004442229395215853,0.004442229395215853,0.004442229395215853,0.004442229395215853,0.004442229395215853,0.004442229395215853,0.004442229395215853,-0.016314298629375907,-0.016314298629375907,-0.016314298629375907,-0.016314298629375907,-0.016314298629375907,-0.016314298629375907,-0.016314298629375907,-0.016314298629375907,-0.016314298629375907,-0.016314298629375907,-0.016314298629375907,-0.016314298629375907,-0.016314298629375907,-0.016314298629375907,-0.016314298629375907,-0.016314298629375907,-0.016314298629375907,-0.016314298629375907,-0.016314298629375907,-0.016314298629375907,-0.02682223249895075,-0.02682223249895075,-0.02682223249895075,-0.02682223249895075,-0.02682223249895075,-0.02682223249895075,-0.02682223249895075,-0.02682223249895075,-0.02682223249895075,-0.0002637589793156935,-0.0002637589793156935,-0.0002637589793156935,-0.0002637589793156935,-0.0002637589793156935,-0.0002637589793156935,-0.0002637589793156935,-0.0002637589793156935,-0.0002637589793156935,-0.0002637589793156935,-0.020447577917726553,-0.020447577917726553,-0.020447577917726553,-0.020447577917726553,-0.020447577917726553,-0.020447577917726553,-0.020447577917726553,-0.020447577917726553,-0.020447577917726553,0.004442229395215853
-0.398989898989899,0.004442229395215853,0.004442229395215853,0.004442229395215853,0.004442229395215853,0.004442229395215853,0.004442229395215853,0.004442229395215853,0.004442229395215853,0.004442229395215853,0.004442229395215853,0.004442229395215853,0.004442229395215853,0.004442229395215853,0.004442229395215853,0.004442229395215853,0.004442229395215853,0.004442229395215853,0.004442229395215853,0.004442229395215853,0.004442229395215853,0.004442229395215853,0.004442229395215853,0.004442229395215853,0.004442229395215853,0.004442229395215853,0.004442229395215853,0.004442229395215853,0.004442229395215853,0.004442229395215853,0.004442229395215853,0.004442229395215853,0.004442229395215853,0.004442229395215853,0.004442229395215853,0.004442229395215853,0.004442229395215853,0.004442229395215853,0.004442229395215853,0.004442229395215853,0.004442229395215853,0.004442229395215853,0.004442229395215853,0.004442229395215853,0.004442229395215853,0.004442229395215853,0.004442229395215853,0.004442229395215853,0.004442229395215853,0.004442229395215853,0.004442229395215853,-0.016314298629375907,-0.016314298629375907,-0.016314298629375907,-0.016314298629375907,-0.016314298629375907,-0.016314298629375907,-0.016314298629375907,-0.016314298629375907,-0.016314298629375907,-0.016314298629375907,-0.016314298629375907,-0.016314298629375907,-0.016314298629375907,-0.016314298629375907,-0.016314298629375907,-0.016314298629375907,-0.016314298629375907,-0.016314298629375907,-0.016314298629375907,-0.016314298629375907,-0.02682223249895075,-0.02682223249895075,-0.02682223249895075,-0.02682223249895075,-0.02682223249895075,-0.02682223249895075,-0.02682223249895075,-0.02682223249895075,-0.02682223249895075,-0.02682223249895075,-0.0002637589793156935,-0.0002637589793156935,-0.0002637589793156935,-0.0002637589793156935,-0.0002637589793156935,-0.0002637589793156935,-0.0002637589793156935,-0.0002637589793156935,-0.0002637589793156935,-0.0002637589793156935,-0.020447577917726553,-0.020447577917726553,-0.020447577917726553,-0.020447577917726553,-0.020447577917726553,-0.020447577917726553,-0.020447577917726553,-0.020447577917726553,-0.020447577917726553,0.004442229395215853
-0.3888888888888889,0.004442229395215853,0.004442229395215853,0.004442229395215853,0.004442229395215853,0.004442229395215853,0.004442229395215853,0.004442229395215853,0.004442229395215853,0.004442229395215853,0.004442229395215853,0.004442229395215853,0.004442229395215853,0.004442229395215853,0.004442229395215853,0.004442229395215853,0.004442229395215853,0.004442229395215853,0.004442229395215853,0.004442229395215853,0.004442229395215853,0.004442229395215853,0.004442229395215853,0.004442229395215853,0.004442229395215853,0.004442229395215853,0.004442229395215853,0.004442229395215853,0.004442229395215853,0.004442229395215853,0.004442229395215853,0.004522561590870035,0.004442229395215853,0.004442229395215853,0.004442229395215853,0.004442229395215853,0.004442229395215853,0.004442229395215853,0.004442229395215853,0.004442229395215853,0.004442229395215853,0.004442229395215853,0.004442229395215853,0.004442229395215853,0.004442229395215853,0.004442229395215853,0.004442229395215853,0.004442229395215853,0.004442229395215853,0.004442229395215853,-0.016314298629375907,-0.016218280714458497,-0.016314298629375907,-0.016314298629375907,-0.016314298629375907,-0.016314298629375907,-0.016314298629375907,-0.016314298629375907,-0.016314298629375907,-0.016314298629375907,-0.016314298629375907,-0.016314298629375907,-0.016314298629375907,-0.016314298629375907,-0.016314298629375907,-0.016314298629375907,-0.016314298629375907,-0.016314298629375907,-0.016314298629375907,-0.016314298629375907,-0.02682223249895075,-0.02682223249895075,-0.02682223249895075,-0.02682223249895075,-0.02682223249895075,-0.02682223249895075,-0.02682223249895075,-0.02682223249895075,-0.02682223249895075,-0.02682223249895075,-0.02682223249895075,-0.0002637589793156935,-0.0002637589793156935,-0.0002637589793156935,-0.0002637589793156935,-0.0002637589793156935,-0.0002637589793156935,-0.0002637589793156935,-0.0002637589793156935,-0.0002637589793156935,-0.020447577917726553,-0.020447577917726553,-0.020447577917726553,-0.020447577917726553,-0.020447577917726553,-0.020447577917726553,-0.020447577917726553,-0.020447577917726553,-0.020447577917726553,-0.020447577917726553,0.004442229395215853
-0.3787878787878788,0.004442229395215853,0.004442229395215853,0.004442229395215853,0.004442229395215853,0.004442229395215853,0.004442229395215853,0.004442229395215853,0.004442229395215853,0.004442229395215853,0.004442229395215853,0.004442229395215853,0.004442229395215853,0.004442229395215853,0.004442229395215853,0.004442229395215853,0.004442229395215853,0.004442229395215853,0.004442229395215853,0.004442229395215853,0.004442229395215853,0.004442229395215853,0.004442229395215853,0.004442229395215853,0.004442229395215853,0.004442229395215853,0.004442229395215853,0.004442229395215853,0.004442229395215853,0.004442229395215853,0.004442229395215853,0.004713257547758123,0.004131545933067623,0.004442229395215853,0.004442229395215853,0.004442229395215853,0.004442229395215853,0.004442229395215853,0.004442229395215853,0.004442229395215853,0.004442229395215853,0.004442229395215853,0.004442229395215853,0.004442229395215853,0.004442229395215853,0.004442229395215853,0.004442229395215853,0.004442229395215853,0.004442229395215853,-0.016314298629375907,-0.016314298629375907,-0.01603627858999546,-0.0162255589734691,-0.016314298629375907,-0.016314298629375907,-0.016314298629375907,-0.016314298629375907,-0.016314298629375907,-0.016314298629375907,-0.016314298629375907,-0.016314298629375907,-0.016314298629375907,-0.016314298629375907,-0.016314298629375907,-0.016314298629375907,-0.016314298629375907,-0.016314298629375907,-0.016314298629375907,-0.016314298629375907,-0.02682223249895075,-0.02682223249895075,-0.02682223249895075,-0.02682223249895075,-0.02682223249895075,-0.02682223249895075,-0.02682223249895075,-0.02682223249895075,-0.02682223249895075,-0.02682223249895075,-0.02682223249895075,-0.02682223249895075,-0.0002637589793156935,-0.0002637589793156935,-0.0002637589793156935,-0.0002637589793156935,-0.0002637589793156935,-0.0002637589793156935,-0.0002637589793156935,-0.020447577917726553,-0.020447577917726553,-0.020447577917726553,-0.020447577917726553,-0.020447577917726553,-0.020447577917726553,-0.020447577917726553,-0.020447577917726553,-0.020447577917726553,-0.020447577917726553,-0.020447577917726553,-0.020447577917726553,0.004442229395215853
-0.3686868686868687,0.004442229395215853,0.004442229395215853,0.004442229395215853,0.004442229395215853,0.004442229395215853,0.004442229395215853,0.004442229395215853,0.004442229395215853,0.004442229395215853,0.004442229395215853,0.004442229395215853,0.004442229395215853,0.004442229395215853,0.004442229395215853,0.004442229395215853,0.004442229395215853,0.004442229395215853,0.004442229395215853,0.004442229395215853,0.004442229395215853,0.004442229395215853,0.004442229395215853,0.004442229395215853,0.004442229395215853,0.004442229395215853,0.004442229395215853,0.004442229395215853,0.004442229395215853,0.004442229395215853,0.004442229395215853,0.004907305729997244,0.004257192723459897,0.0034912254251076467,0.004442229395215853,0.004442229395215853,0.004442229395215853,0.004442229395215853,0.004442229395215853,0.004442229395215853,0.004442229395215853,0.004442229395215853,0.004442229395215853,0.004442229395215853,0.004442229395215853,0.004442229395215853,0.004442229395215853,0.004442229395215853,-0.016314298629375907,-0.016314298629375907,-0.016314298629375907,-0.015843911737063936,-0.016033019142694845,-0.01622744983045574,-0.016314298629375907,-0.016314298629375907,-0.016314298629375907,-0.016314298629375907,-0.016314298629375907,-0.016314298629375907,-0.016314298629375907,-0.016314298629375907,-0.016314298629375907,-0.016314298629375907,-0.016314298629375907,-0.016314298629375907,-0.016314298629375907,-0.016314298629375907,-0.02682223249895075,-0.02682223249895075,-0.02682223249895075,-0.02682223249895075,-0.02682223249895075,-0.02682223249895075,-0.02682223249895075,-0.02682223249895075,-0.02682223249895075,-0.02682223249895075,-0.02682223249895075,-0.02682223249895075,-0.02682223249895075,-0.0002637589793156935,-0.0002637589793156935,-0.0002637589793156935,-0.0002637589793156935,-0.0002637589793156935,-0.0002637589793156935,-0.020447577917726553,-0.020447577917726553,-0.020447577917726553,-0.020447577917726553,-0.020447577917726553,-0.020447577917726553,-0.020447577917726553,-0.020447577917726553,-0.020447577917726553,-0.020447577917726553,-0.020447577917726553,-0.020447577917726553,-0.020447577917726553,0.004442229395215853
-0.35858585858585856,0.004442229395215853,0.004442229395215853,0.004442229395215853,0.004442229395215853,0.004442229395215853,0.004442229395215853,0.004442229395215853,0.004442229395215853,0.004442229395215853,0.004442229395215853,0.004442229395215853,0.004442229395215853,0.004442229395215853,0.004442229395215853,0.004442229395215853,0.004442229395215853,0.004442229395215853,0.004442229395215853,0.004442229395215853,0.004442229395215853,0.004442229395215853,0.004442229395215853,0.004442229395215853,0.004442229395215853,0.004442229395215853,0.004442229395215853,0.004442229395215853,0.004442229395215853,0.004442229395215853,0.004442229395215853,0.0051072747652893425,0.004376202118004396,0.0035061487663618387,0.0024665837637333245,0.004442229395215853,0.004442229395215853,0.004442229395215853,0.004442229395215853,0.004442229395215853,0.004442229395215853,0.004442229395215853,0.004442229395215853,0.004442229395215853,0.004442229395215853,0.004442229395215853,0.004442229395215853,-0.016314298629375907,-0.016314298629375907,-0.016314298629375907,-0.016314298629375907,-0.0156401145805854,-0.015828936728962472,-0.01602350138323839,-0.01622450438540103,-0.016314298629375907,-0.016314298629375907,-0.016314298629375907,-0.016314298629375907,-0.016314298629375907,-0.016314298629375907,-0.016314298629375907,-0.016314298629375907,-0.016314298629375907,-0.016314298629375907,-0.016314298629375907,-0.016314298629375907,-0.02682223249895075,-0.02682223249895075,-0.02682223249895075,-0.02682223249895075,-0.02682223249895075,-0.02682223249895075,-0.02682223249895075,-0.02682223249895075,-0.02682223249895075,-0.02682223249895075,-0.02682223249895075,-0.02682223249895075,-0.02682223249895075,-0.02682223249895075,-0.0002637589793156935,-0.0002637589793156935,-0.0002637589793156935,-0.0002637589793156935,-0.0002637589793156935,-0.0002637589793156935,-0.020447577917726553,-0.020447577917726553,-0.020447577917726553,-0.020447577917726553,-0.020447577917726553,-0.020447577917726553,-0.020447577917726553,-0.020447577917726553,-0.020447577917726553,-0.020447577917726553,-0.020447577917726553,-0.020447577917726553,-0.020447577917726553,0.004442229395215853
-0.3484848484848485,0.004442229395215853,0.004442229395215853,0.004442229395215853,0.004442229395215853,0.004442229395215853,0.004442229395215853,0.004442229395215853,0.004442229395215853,0.004442229395215853,0.004442229395215853,0.004442229395215853,0.004442229395215853,0.004442229395215853,0.004442229395215853,0.004442229395215853,0.004442229395215853,0.004442229395215853,0.004442229395215853,0.004442229395215853,0.004442229395215853,0.004442229395215853,0.004442229395215853,0.004442229395215853,0.004442229395215853,0.004442229395215853,0.004442229395215853,0.004442229395215853,0.004442229395215853,0.004442229395215853,0.004442229395215853,0.005316397851225448,0.004488321417747311,0.0034912443651979818,0.0022848289898068936,0.000816289870928236,0.004442229395215853,0.004442229395215853,0.004442229395215853,0.004442229395215853,0.004442229395215853,0.004442229395215853,0.004442229395215853,0.004442229395215853,0.004442229395215853,0.004442229395215853,-0.016314298629375907,-0.016314298629375907,-0.016314298629375907,-0.016314298629375907,-0.016314298629375907,-0.015423682065819953,-0.015612061392982102,-0.015806616399259035,-0.016008092301745082,-0.01621730282927688,-0.016314298629375907,-0.016314298629375907,-0.016314298629375907,-0.016314298629375907,-0.016314298629375907,-0.016314298629375907,-0.016314298629375907,-0.016314298629375907,-0.016314298629375907,-0.016314298629375907,-0.02682223249895075,-0.02682223249895075,-0.02682223249895075,-0.02682223249895075,-0.02682223249895075,-0.02682223249895075,-0.02682223249895075,-0.02682223249895075,-0.02682223249895075,-0.02682223249895075,-0.02682223249895075,-0.02682223249895075,-0.02682223249895075,-0.02682223249895075,-0.02682223249895075,-0.0002637589793156935,-0.0002637589793156935,-0.0002637589793156935,-0.0002637589793156935,-0.0002637589793156935,-0.020447577917726553,-0.020447577917726553,-0.020447577917726553,-0.020447577917726553,-0.020447577917726553,-0.020447577917726553,-0.020447577917726553,-0.020447577917726553,-0.020447577917726553,-0.020447577917726553,-0.020447577917726553,-0.020447577917726553,-0.020447577917726553,-0.020447577917726553,0.004442229395215853
-0.33838383838383834,0.004442229395215853,0.004442229395215853,0.004442229395215853,0.004442229395215853,0.004442229395215853,0.004442229395215853,0.004442229395215853,0.004442229395215853,0.004442229395215853,0.004442229395215853,0.004442229395215853,0.004442229395215853,0.004442229395215853,0.004442229395215853,0.004442229395215853,0.004442229395215853,0.004442229395215853,0.004442229395215853,0.004442229395215853,0.004442229395215853,0.004442229395215853,0.004442229395215853,0.004442229395215853,0.004442229395215853,0.004442229395215853,0.004442229395215853,0.004442229395215853,0.004442229395215853,0.004442229395215853,0.004442229395215853,0.005538879143239727,0.004592990938149972,0.0034384284842921904,0.002020814229354147,0.00026752487582543555,-0.0019198888889043221,0.004442229395215853,0.004442229395215853,0.004442229395215853,0.004442229395215853,0.004442229395215853,0.004442229395215853,0.004442229395215853,0.004442229395215853,-0.016314298629375907,-0.016314298629375907,-0.016314298629375907,-0.016314298629375907,-0.016314298629375907,-0.016314298629375907,-0.015193246201277353,-0.01538097045782711,-0.015575317292501088,-0.015777086870819853,-0.01598715691097043,-0.01620649362061364,-0.016314298629375907,-0.016314298629375907,-0.016314298629375907,-0.016314298629375907,-0.016314298629375907,-0.016314298629375907,-0.016314298629375907,-0.016314298629375907,-0.02682223249895075,-0.02682223249895075,-0.02682223249895075,-0.02682223249895075,-0.02682223249895075,-0.02682223249895075,-0.02682223249895075,-0.02682223249895075,-0.02682223249895075,-0.02682223249895075,-0.02682223249895075,-0.02682223249895075,-0.02682223249895075,-0.02682223249895075,-0.02682223249895075,-0.02682223249895075,-0.0002637589793156935,-0.0002637589793156935,-0.0002637589793156935,-0.020447577917726553,-0.020447577917726553,-0.020447577917726553,-0.020447577917726553,-0.020447577917726553,-0.020447577917726553,-0.020447577917726553,-0.020447577917726553,-0.020447577917726553,-0.020447577917726553,-0.020447577917726553,-0.020447577917726553,-0.020447577917726553,-0.020447577917726553,-0.020447577917726553,-0.020447577917726553,0.004442229395215853
-0.3282828282828283,0.004442229395215853,0.004442229395215853,0.004442229395215853,0.004442229395215853,0.004442229395215853,0.004442229395215853,0.004442229395215853,0.004442229395215853,0.004442229395215853,0.004442229395215853,0.004442229395215853,0.004442229395215853,0.004442229395215853,0.004442229395215853,0.004442229395215853,0.004442229395215853,0.004442229395215853,0.004442229395215853,0.004442229395215853,0.004442229395215853,0.004442229395215853,0.004442229395215853,0.004442229395215853,0.004442229395215853,0.004442229395215853,0.004442229395215853,0.004442229395215853,0.004442229395215853,0.004442229395215853,0.004442229395215853,0.00578036343160141,0.004689203447817454,0.0033358381013058897,0.0016452148018660095,-0.0004853423632874461,-0.0031988328854110734,-0.006698539408282131,0.004442229395215853,0.004442229395215853,0.004442229395215853,0.004442229395215853,0.004442229395215853,0.004442229395215853,-0.016314298629375907,-0.016314298629375907,-0.016314298629375907,-0.016314298629375907,-0.016314298629375907,-0.016314298629375907,-0.016314298629375907,-0.014947247827013286,-0.015134038364997942,-0.015327911280116681,-0.0155297278212858,-0.01574043716248363,-0.015961089159400824,-0.016192849214517236,-0.016314298629375907,-0.016314298629375907,-0.016314298629375907,-0.016314298629375907,-0.016314298629375907,-0.016314298629375907,-0.02682223249895075,-0.02682223249895075,-0.02682223249895075,-0.02682223249895075,-0.02682223249895075,-0.02682223249895075,-0.02682223249895075,-0.02682223249895075,-0.02682223249895075,-0.02682223249895075,-0.02682223249895075,-0.02682223249895075,-0.02682223249895075,-0.02682223249895075,-0.02682223249895075,-0.02682223249895075,-0.02682223249895075,-0.0002637589793156935,-0.0002637589793156935,-0.0002637589793156935,-0.020447577917726553,-0.020447577917726553,-0.020447577917726553,-0.020447577917726553,-0.020447577917726553,-0.020447577917726553,-0.020447577917726553,-0.020447577917726553,-0.020447577917726553,-0.020447577917726553,-0.020447577917726553,-0.020447577917726553,-0.020447577917726553,-0.020447577917726553,-0.020447577917726553,-0.020447577917726553,0.004442229395215853
-0.3181818181818182,0.004442229395215853,0.004442229395215853,0.004442229395215853,0.004442229395215853,0.004442229395215853,0.004442229395215853,0.004442229395215853,0.004442229395215853,0.004442229395215853,0.004442229395215853,0.004442229395215853,0.004442229395215853,0.004442229395215853,0.004442229395215853,0.004442229395215853,0.004442229395215853,0.004442229395215853,0.004442229395215853,0.004442229395215853,0.004442229395215853,0.004442229395215853,0.004442229395215853,0.004442229395215853,0.004442229395215853,0.004442229395215853,0.004442229395215853,0.004442229395215853,0.004442229395215853,0.004442229395215853,0.004442229395215853,0.006048679629525053,0.004775268703095389,0.003165652305666731,0.0011133118303191052,-0.0015317179532876811,-0.0049851960101326255,-0.009565432407953108,-0.01575600561736103,0.004442229395215853,0.004442229395215853,0.004442229395215853,0.004442229395215853,-0.016314298629375907,-0.016314298629375907,-0.016314298629375907,-0.016314298629375907,-0.016314298629375907,-0.016314298629375907,-0.016314298629375907,-0.016314298629375907,-0.014683902454341518,-0.014869399576165253,-0.015062450104273319,-0.015263983101708603,-0.015475027490662477,-0.01569672699606965,-0.015930357658120932,-0.016177348435844292,-0.016314298629375907,-0.016314298629375907,-0.016314298629375907,-0.016314298629375907,-0.02682223249895075,-0.02682223249895075,-0.02682223249895075,-0.02682223249895075,-0.02682223249895075,-0.02682223249895075,-0.02682223249895075,-0.02682223249895075,-0.02682223249895075,-0.02682223249895075,-0.02682223249895075,-0.02682223249895075,-0.02682223249895075,-0.02682223249895075,-0.02682223249895075,-0.02682223249895075,-0.02682223249895075,-0.02682223249895075,-0.0002637589793156935,-0.0002637589793156935,-0.020447577917726553,-0.020447577917726553,-0.020447577917726553,-0.020447577917726553,-0.020447577917726553,-0.020447577917726553,-0.020447577917726553,-0.020447577917726553,-0.020447577917726553,-0.020447577917726553,-0.020447577917726553,-0.020447577917726553,-0.020447577917726553,-0.020447577917726553,-0.020447577917726553,-0.020447577917726553,-0.020447577917726553,0.004442229395215853
-0.30808080808080807,0.004442229395215853,0.004442229395215853,0.004442229395215853,0.004442229395215853,0.004442229395215853,0.004442229395215853,0.004442229395215853,0.004442229395215853,0.004442229395215853,0.004442229395215853,0.004442229395215853,0.004442229395215853,0.004442229395215853,0.004442229395215853,0.004442229395215853,0.004442229395215853,0.004442229395215853,0.004442229395215853,0.004442229395215853,0.004442229395215853,0.004442229395215853,0.004442229395215853,0.004442229395215853,0.004442229395215853,0.004442229395215853,0.004442229395215853,0.004442229395215853,0.004442229395215853,0.004442229395215853,0.004442229395215853,0.006355060125166681,0.004848406368117228,0.0029002814147874837,0.00035436927162909963,-0.003017180762293318,-0.0075554860706782264,-0.01378752660661638,-0.022558379090539534,-0.03528566956186308,0.004442229395215853,0.004442229395215853,-0.016314298629375907,-0.016314298629375907,-0.016314298629375907,-0.016314298629375907,-0.016314298629375907,-0.016314298629375907,-0.016314298629375907,-0.016314298629375907,-0.016314298629375907,-0.0144011586981985,-0.014584903248587393,-0.014776680615342737,-0.014977495018991214,-0.015188464305486047,-0.01541083752772505,-0.015646015673246774,-0.015895576201927778,-0.016161302218121672,-0.016314298629375907,-0.016314298629375907,-0.02682223249895075,-0.02682223249895075,-0.02682223249895075,-0.02682223249895075,-0.02682223249895075,-0.02682223249895075,-0.02682223249895075,-0.02682223249895075,-0.02682223249895075,-0.02682223249895075,-0.02682223249895075,-0.02682223249895075,-0.02682223249895075,-0.02682223249895075,-0.02682223249895075,-0.02682223249895075,-0.02682223249895075,-0.02682223249895075,-0.02682223249895075,-0.020447577917726553,-0.020447577917726553,-0.020447577917726553,-0.020447577917726553,-0.020447577917726553,-0.020447577917726553,-0.020447577917726553,-0.020447577917726553,-0.020447577917726553,-0.020447577917726553,-0.020447577917726553,-0.020447577917726553,-0.020447577917726553,-0.020447577917726553,-0.020447577917726553,-0.020447577917726553,-0.020447577917726553,-0.020447577917726553,-0.020447577917726553,0.004442229395215853
-0.29797979797979796,0.3268480434671496,0.3268480434671496,0.3268480434671496,0.3268480434671496,0.3268480434671496,0.3268480434671496,0.3268480434671496,0.3268480434671496,0.3268480434671496,0.3268480434671496,0.3268480434671496,0.3268480434671496,0.3268480434671496,0.3268480434671496,0.3268480434671496,0.3268480434671496,0.3268480434671496,0.3268480434671496,0.3268480434671496,0.3268480434671496,0.3268480434671496,0.3268480434671496,0.3268480434671496,0.3268480434671496,0.3268480434671496,0.3268480434671496,0.3268480434671496,0.3268480434671496,0.3268480434671496,0.3268480434671496,0.01389842911172841,0.012086219867668,0.009677573991033795,0.006433564244287737,0.001990690779013907,-0.004223018259225957,-0.013144625701347496,-0.026386605233029912,-0.04689826207620524,-0.08051082079832073,-0.009132092007753272,-0.009132092007753272,-0.009132092007753272,-0.009132092007753272,-0.009132092007753272,-0.009132092007753272,-0.009132092007753272,-0.009132092007753272,-0.009132092007753272,-0.009132092007753272,-0.01409664739395891,-0.014278057515081216,-0.014467983748987702,-0.014667513415533939,-0.014877863374808793,-0.01510040080246443,-0.015336667839039442,-0.015588410963155518,-0.015857616152501048,-0.016146551171883485,-0.02682223249895075,-0.02682223249895075,-0.02682223249895075,-0.02682223249895075,-0.02682223249895075,-0.02682223249895075,-0.02682223249895075,-0.02682223249895075,-0.02682223249895075,-0.02682223249895075,-0.02682223249895075,-0.02682223249895075,-0.02682223249895075,-0.02682223249895075,-0.02682223249895075,-0.02682223249895075,-0.02682223249895075,-0.02682223249895075,-0.02682223249895075,-0.04700605143736161,0.2947760295325845,0.2947760295325845,0.2947760295325845,0.2947760295325845,0.2947760295325845,0.2947760295325845,0.2947760295325845,0.2947760295325845,0.2947760295325845,0.2947760295325845,0.2947760295325845,0.2947760295325845,0.2947760295325845,0.2947760295325845,0.2947760295325845,0.2947760295325845,0.2947760295325845,0.2947760295325845,0.2947760295325845,0.3268480434671496
-0.28787878787878785,0.3268480434671496,0.3268480434671496,0.3268480434671496,0.3268480434671496,0.3268480434671496,0.3268480434671496,0.3268480434671496,0.3268480434671496,0.3268480434671496,0.3268480434671496,0.3268480434671496,0.3268480434671496,0.3268480434671496,0.3268480434671496,0.3268480434671496,0.3268480434671496,0.3268480434671496,0.3268480434671496,0.3268480434671496,0.3268480434671496,0.3268480434671496,0.3268480434671496,0.3268480434671496,0.3268480434671496,0.3268480434671496,0.3268480434671496,0.3268480434671496,0.3268480434671496,0.3268480434671496,0.3268480434671496,0.014340299420258322,0.012116483300876656,0.00905835567540681,0.00478175311879345,-0.0013302331997501263,-0.010312554648116257,-0.02399736537230514,-0.04585482512773871,-0.08305846020492762,-0.15229211017561567,-0.2994470002917164,-0.009132092007753272,-0.009132092007753272,-0.009132092007753272,-0.009132092007753272,-0.009132092007753272,-0.009132092007753272,-0.009132092007753272,-0.009132092007753272,-0.009132092007753272,-0.013767618916893489,-0.01394596053215049,-0.014133298652019389,-0.014330812169279662,-0.014539827947140609,-0.01476184547563042,-0.014998566324974184,-0.015251929492039733,-0.015524154023691351,-0.02161973616970771,-0.02193773034141906,-0.02682223249895075,-0.02682223249895075,-0.02682223249895075,-0.02682223249895075,-0.02682223249895075,-0.02682223249895075,-0.02682223249895075,-0.02682223249895075,-0.02682223249895075,-0.02682223249895075,-0.02682223249895075,-0.02682223249895075,-0.02682223249895075,-0.02682223249895075,-0.02682223249895075,-0.02682223249895075,-0.02682223249895075,-0.02682223249895075,-0.04700605143736161,0.2947760295325845,0.2947760295325845,0.2947760295325845,0.2947760295325845,0.2947760295325845,0.2947760295325845,0.2947760295325845,0.2947760295325845,0.2947760295325845,0.2947760295325845,0.2947760295325845,0.2947760295325845,0.2947760295325845,0.2947760295325845,0.2947760295325845,0.2947760295325845,0.2947760295325845,0.2947760295325845,0.293809038616744,0.3268480434671496
-0.2777777777777778,0.3268480434671496,0.3268480434671496,0.3268480434671496,0.3268480434671496,0.3268480434671496,0.3268480434671496,0.3268480434671496,0.3268480434671496,0.3268480434671496,0.3268480434671496,0.3268480434671496,0.3268480434671496,0.3268480434671496,0.3268480434671496,0.3268480434671496,0.3268480434671496,0.3268480434671496,0.3268480434671496,0.3268480434671496,0.3268480434671496,0.3268480434671496,0.3268480434671496,0.3268480434671496,0.3268480434671496,0.3268480434671496,0.3268480434671496,0.3268480434671496,0.3268480434671496,0.3268480434671496,0.3268480434671496,0.014905049104677295,0.012107590928931091,0.008091126262384792,0.002196732565061869,-0.006710822798262917,-0.020706368744579255,-0.04387827488399401,-0.0851213727908164,-0.16661780209434168,-0.35598866324273903,-0.939139442345159,-4.170878567732476,-0.009132092007753272,-0.009132092007753272,-0.009132092007753272,-0.009132092007753272,-0.009132092007753272,-0.009132092007753272,-0.009132092007753272,-0.009132092007753272,-0.013410865451053113,-0.013585214556049316,-0.013769027651531207,-0.01396358405496219,-0.01417033241953564,-0.014390920123227827,-0.014627228632227008,-0.014881416263147717,-0.02095791565400461,-0.021255715301118604,-0.02158011059256272,-0.021935018344879872,-0.02682223249895075,-0.02682223249895075,-0.02682223249895075,-0.02682223249895075,-0.02682223249895075,-0.02682223249895075,-0.02682223249895075,-0.02682223249895075,-0.02682223249895075,-0.02682223249895075,-0.02682223249895075,-0.02682223249895075,-0.02682223249895075,-0.02682223249895075,-0.02682223249895075,-0.02682223249895075,-0.04700605143736161,-0.04700605143736161,0.2947760295325845,0.2947760295325845,0.2947760295325845,0.2947760295325845,0.2947760295325845,0.2947760295325845,0.2947760295325845,0.2947760295325845,0.2947760295325845,0.2947760295325845,0.2947760295325845,0.2947760295325845,0.2947760295325845,0.2947760295325845,0.2947760295325845,0.2947760295325845,0.2947760295325845,0.293809038616744,0.293809038616744,0.3268480434671496
-0.2676767676767676,0.3268480434671496,0.3268480434671496,0.3268480434671496,0.3268480434671496,0.3268480434671496,0.3268480434671496,0.3268480434671496,0.3268480434671496,0.3268480434671496,0.3268480434671496,0.3268480434671496,0.3268480434671496,0.3268480434671496,0.3268480434671496,0.3268480434671496,0.3268480434671496,0.3268480434671496,0.3268480434671496,0.3268480434671496,0.3268480434671496,0.3268480434671496,0.3268480434671496,0.3268480434671496,0.3268480434671496,0.3268480434671496,0.3268480434671496,0.3268480434671496,0.3268480434671496,0.3268480434671496,0.3268480434671496,0.015665310948952415,0.012033669605966888,0.006517829859835506,-0.002113150006350705,-0.016192325377405333,-0.04053031540095326,-0.08623431403748025,-0.1834023394945196,-0.4362480956812708,-1.3970911592271478,-9.664822057643022,-7.101414838980651,-1.5320127196193343,-0.009132092007753272,-0.009132092007753272,-0.009132092007753272,-0.009132092007753272,-0.009132092007753272,-0.009132092007753272,-0.009132092007753272,-0.01302262390602814,-0.013191818070473427,-0.013370916301392567,-0.013561307276320784,-0.013764573778475774,-0.013982527875116594,-0.014217253580896797,-0.020273104367040766,-0.020548984947083165,-0.020850102876085557,-0.021180284123799843,-0.021544040390317282,-0.0219467222809933,-0.02682223249895075,-0.02682223249895075,-0.02682223249895075,-0.02682223249895075,-0.02682223249895075,-0.02682223249895075,-0.02682223249895075,-0.02682223249895075,-0.02682223249895075,-0.02682223249895075,-0.02682223249895075,-0.02682223249895075,-0.02682223249895075,-0.04700605143736161,-0.04700605143736161,-0.04700605143736161,-0.04700605143736161,0.2947760295325845,0.2947760295325845,0.2947760295325845,0.2947760295325845,0.2947760295325845,0.2947760295325845,0.2947760295325845,0.2947760295325845,0.2947760295325845,0.2947760295325845,0.2947760295325845,0.2947760295325845,0.2947760295325845,0.2947760295325845,0.2947760295325845,0.2947760295325845,0.293809038616744,0.293809038616744,0.293809038616744,0.3268480434671496
-0.25757575757575757,0.3268480434671496,0.3268480434671496,0.3268480434671496,0.3268480434671496,0.3268480434671496,0.3268480434671496,0.3268480434671496,0.3268480434671496,0.3268480434671496,0.3268480434671496,0.3268480434671496,0.3268480434671496,0.3268480434671496,0.3268480434671496,0.3268480434671496,0.3268480434671496,0.3268480434671496,0.3268480434671496,0.3268480434671496,0.3268480434671496,0.3268480434671496,0.3268480434671496,0.3268480434671496,0.3268480434671496,0.3268480434671496,0.3268480434671496,0.3268480434671496,0.3268480434671496,0.3268480434671496,0.3268480434671496,0.016755371466836692,0.01184227479009014,0.0037875686008651674,-0.009996868574785862,-0.0351376583625539,-0.08557157809477389,-0.20306941053241315,-0.5577492385721677,-2.3801801330148793,-16.228242081107194,-2.7396466479235615,-0.874146768794619,-0.4362108712085937,-0.26686358758588974,-0.009132092007753272,-0.009132092007753272,-0.009132092007753272,-0.009132092007753272,-0.009132092007753272,-0.009132092007753272,-0.012598453742100297,-0.012761029281658587,-0.012933900707076808,-0.013118574553634363,-0.013316780142497243,-0.01353051185912867,-0.019564026360786375,-0.01981612420681666,-0.020091901542473804,-0.020395066135967387,-0.020730005743704455,-0.02110194322693383,-0.02151713385445989,-0.021983118283090318,-0.02682223249895075,-0.02682223249895075,-0.02682223249895075,-0.02682223249895075,-0.02682223249895075,-0.02682223249895075,-0.02682223249895075,-0.02682223249895075,-0.02682223249895075,-0.02682223249895075,-0.02682223249895075,-0.02682223249895075,-0.04700605143736161,-0.04700605143736161,-0.04700605143736161,-0.04700605143736161,0.2947760295325845,0.2947760295325845,0.2947760295325845,0.2947760295325845,0.2947760295325845,0.2947760295325845,0.2947760295325845,0.2947760295325845,0.2947760295325845,0.2947760295325845,0.2947760295325845,0.2947760295325845,0.2947760295325845,0.2947760295325845,0.2947760295325845,0.293809038616744,0.293809038616744,0.293809038616744,0.293809038616744,0.3268480434671496
-0.24747474747474746,0.3268480434671496,0.3268480434671496,0.3268480434671496,0.3268480434671496,0.3268480434671496,0.3268480434671496,0.3268480434671496,0.3268480434671496,0.3268480434671496,0.3268480434671496,0.3268480434671496,0.3268480434671496,0.3268480434671496,0.3268480434671496,0.3268480434671496,0.3268480434671496,0.3268480434671496,0.3268480434671496,0.3268480434671496,0.3268480434671496,0.3268480434671496,0.3268480434671496,0.3268480434671496,0.3268480434671496,0.3268480434671496,0.3268480434671496,0.3268480434671496,0.3268480434671496,0.3268480434671496,0.3268480434671496,0.018447225198078416,0.011414915689618922,-0.0014521450863455585,-0.026636510208538133,-0.0816184203557739,-0.22579427044060474,-0.7589285572000702,-4.9710445151825775,-6.539819719049401,-1.2921284455116286,-0.535680768778212,-0.3007554755096524,-0.19654529696234602,-0.14044214882217293,-0.10635846758573822,-0.009132092007753272,-0.009132092007753272,-0.009132092007753272,-0.009132092007753272,-0.009132092007753272,-0.01213308197091795,-0.012287191910832128,-0.01245191146676108,-0.01262887220652025,-0.0128199615814958,-0.018829319421890377,-0.01905561891863525,-0.019303817798898414,-0.019577474112896145,-0.019880814788108506,-0.020218891650944638,-0.02059778077325324,-0.021024839282000846,-0.021509039127536437,-0.022061404999685865,-0.02682223249895075,-0.02682223249895075,-0.02682223249895075,-0.02682223249895075,-0.02682223249895075,-0.02682223249895075,-0.02682223249895075,-0.02682223249895075,-0.02682223249895075,-0.04700605143736161,-0.04700605143736161,-0.04700605143736161,-0.04700605143736161,-0.04700605143736161,-0.04700605143736161,0.2947760295325845,0.2947760295325845,0.2947760295325845,0.2947760295325845,0.2947760295325845,0.2947760295325845,0.2947760295325845,0.2947760295325845,0.2947760295325845,0.2947760295325845,0.2947760295325845,0.2947760295325845,0.2947760295325845,0.2947760295325845,0.293809038616744,0.293809038616744,0.293809038616744,0.293809038616744,0.293809038616744,0.3268480434671496
-0.23737373737373735,0.3268480434671496,0.3268480434671496,0.3268480434671496,0.3268480434671496,0.3268480434671496,0.3268480434671496,0.3268480434671496,0.3268480434671496,0.3268480434671496,0.3268480434671496,0.3268480434671496,0.3268480434671496,0.3268480434671496,0.3268480434671496,0.3268480434671496,0.3268480434671496,0.3268480434671496,0.3268480434671496,0.3268480434671496,0.3268480434671496,0.3268480434671496,0.3268480434671496,0.3268480434671496,0.3268480434671496,0.3268480434671496,0.3268480434671496,0.3268480434671496,0.3268480434671496,0.3268480434671496,0.3268480434671496,0.021363903805145606,0.010438952075005113,-0.013288315500029357,-0.07146689256690383,-0.250583130673665,-1.1374044916265595,-9.965090569347998,-2.259669793223956,-0.689521018085114,-0.3427362774883922,-0.21091320761708676,-0.14564349087014894,-0.1079607488829002,-0.08392087789572213,-0.06747653313693003,-0.055636482792463186,-0.009132092007753272,-0.009132092007753272,-0.009132092007753272,-0.009132092007753272,-0.011620204804434731,-0.011763510841841655,-0.011917619485002763,-0.012084291716786691,-0.018067527849711763,-0.01826584726154217,-0.01848403833639801,-0.018725473117354927,-0.0189941749711236,-0.019294974196897467,-0.01963370780547641,-0.020017478190019908,-0.02045499110517275,-0.020957001603602067,-0.021536908640863196,-0.022211556993362948,-0.02682223249895075,-0.02682223249895075,-0.02682223249895075,-0.02682223249895075,-0.02682223249895075,-0.02682223249895075,-0.02682223249895075,-0.04700605143736161,-0.04700605143736161,-0.04700605143736161,-0.04700605143736161,-0.04700605143736161,-0.04700605143736161,-0.04700605143736161,0.2947760295325845,0.2947760295325845,0.2947760295325845,0.2947760295325845,0.2947760295325845,0.2947760295325845,0.2947760295325845,0.2947760295325845,0.2947760295325845,0.2947760295325845,0.2947760295325845,0.2947760295325845,0.2947760295325845,0.293809038616744,0.293809038616744,0.293809038616744,0.293809038616744,0.293809038616744,0.293809038616744,0.3268480434671496
-0.22727272727272724,0.3268480434671496,0.3268480434671496,0.3268480434671496,0.3268480434671496,0.3268480434671496,0.3268480434671496,0.3268480434671496,0.3268480434671496,0.3268480434671496,0.3268480434671496,0.3268480434671496,0.3268480434671496,0.3268480434671496,0.3268480434671496,0.3268480434671496,0.3268480434671496,0.3268480434671496,0.3268480434671496,0.3268480434671496,0.3268480434671496,0.3268480434671496,0.3268480434671496,0.3268480434671496,0.3268480434671496,0.3268480434671496,0.3268480434671496,0.3268480434671496,0.3268480434671496,0.3268480434671496,0.3268480434671496,0.027208105341714882,0.007867036933729296,-0.04918458011960651,-0.2717110386614782,-1.9763474435575934,-5.005191014955864,-0.9525806136560242,-0.3940871055690669,-0.22433083130111614,-0.14886952004598608,-0.10785295014994911,-0.08263658850770628,-0.06579803390048537,-0.05387069110568891,-0.045042480982655037,-0.03828337701151249,-0.03296868115781476,-0.009132092007753272,-0.009132092007753272,-0.009132092007753272,-0.011052231460406554,-0.01118176035536058,-0.011322103018971621,-0.01727709452274414,-0.017445070312301636,-0.017630614029329875,-0.017836869942237748,-0.018067608379505773,-0.018327379265479164,-0.018621710272541333,-0.018957364793725836,-0.019342680951135525,-0.019788021603344093,-0.020306378225180027,-0.02091419087656765,-0.02163247594031966,-0.022488398996178854,-0.02682223249895075,-0.02682223249895075,-0.02682223249895075,-0.02682223249895075,-0.02682223249895075,-0.04700605143736161,-0.04700605143736161,-0.04700605143736161,-0.04700605143736161,-0.04700605143736161,-0.04700605143736161,-0.04700605143736161,-0.04700605143736161,0.2947760295325845,0.2947760295325845,0.2947760295325845,0.2947760295325845,0.2947760295325845,0.2947760295325845,0.2947760295325845,0.2947760295325845,0.2947760295325845,0.2947760295325845,0.2947760295325845,0.2947760295325845,0.293809038616744,0.293809038616744,0.293809038616744,0.293809038616744,0.293809038616744,0.293809038616744,0.293809038616744,0.3268480434671496
-0.21717171717171713,0.3268480434671496,0.3268480434671496,0.3268480434671496,0.3268480434671496,0.3268480434671496,0.3268480434671496,0.3268480434671496,0.3268480434671496,0.3268480434671496,0.3268480434671496,0.3268480434671496,0.3268480434671496,0.3268480434671496,0.3268480434671496,0.3268480434671496,0.3268480434671496,0.3268480434671496,0.3268480434671496,0.3268480434671496,0.3268480434671496,0.3268480434671496,0.3268480434671496,0.3268480434671496,0.3268480434671496,0.3268480434671496,0.3268480434671496,0.3268480434671496,0.3268480434671496,0.3268480434671496,0.3268480434671496,0.04212951234591649,-0.0016452018813502187,-0.26291713382478227,-3.6003904558689,-1.4528284604045298,-0.45070512529326734,-0.23213610787846073,-0.1475593011757184,-0.10462109349107622,-0.07919876801455389,-0.0625963998892644,-0.05099671744430027,-0.04248514605282457,-0.03600431575081341,-0.030926101971224022,-0.026855448157050835,-0.023532218157178087,-0.02077854735118667,-0.009132092007753272,-0.009132092007753272,-0.010419949935588533,-0.010531900679119547,-0.016456352172245385,-0.01659142162680804,-0.016741447426228528,-0.016909298002108216,-0.01709843337640709,-0.017313054546950528,-0.017558297402602317,-0.017840486705827042,-0.01816747196590324,-0.01854907623868868,-0.01899770258881944,-0.01952916364541718,-0.020163831481886694,-0.020928254828722372,-0.021857470151260813,-0.022998363038432723,-0.02682223249895075,-0.02682223249895075,-0.02682223249895075,-0.04700605143736161,-0.04700605143736161,-0.04700605143736161,-0.04700605143736161,-0.04700605143736161,-0.04700605143736161,-0.04700605143736161,-0.04700605143736161,-0.04700605143736161,0.2947760295325845,0.2947760295325845,0.2947760295325845,0.2947760295325845,0.2947760295325845,0.2947760295325845,0.2947760295325845,0.2947760295325845,0.2947760295325845,0.2947760295325845,0.2947760295325845,0.293809038616744,0.293809038616744,0.293809038616744,0.293809038616744,0.293809038616744,0.293809038616744,0.293809038616744,0.293809038616744,0.3268480434671496
-0.20707070707070707,0.3268480434671496,0.3268480434671496,0.3268480434671496,0.3268480434671496,0.3268480434671496,0.3268480434671496,0.3268480434671496,0.3268480434671496,0.3268480434671496,0.3268480434671496,0.3268480434671496,0.3268480434671496,0.3268480434671496,0.3268480434671496,0.3268480434671496,0.3268480434671496,0.3268480434671496,0.3268480434671496,0.3268480434671496,0.3268480434671496,0.3268480434671496,0.3268480434671496,0.3268480434671496,0.3268480434671496,0.3268480434671496,0.3268480434671496,0.3268480434671496,0.3268480434671496,0.3268480434671496,0.3268480434671496,0.10356853628276248,-0.09057386927670731,-1.8552196363495388,-0.4719223774485572,-0.2202611413466771,-0.13607477008168076,-0.09563231853705002,-0.0722269148913517,-0.05708187352027707,-0.046531388160355666,-0.03878858035657479,-0.03288315792715482,-0.028244509415104382,-0.02451585232431345,-0.021462999276444645,-0.018926055121714212,-0.01679223659425451,-0.014979790341922674,-0.013428068589146316,-0.009132092007753272,-0.009712086256577395,-0.015603513771345048,-0.015702895729038175,-0.01581427888244128,-0.015940200524041864,-0.01608374409290539,-0.016248681825149353,-0.016439661146004328,-0.016662450462498427,-0.01692426650675813,-0.017234214966891516,-0.01760389051579848,-0.018048204250544146,-0.018586540524890654,-0.019244398871079305,-0.020055763456386495,-0.021066585930749202,-0.022340010808703927,-0.023964397301293686,-0.02682223249895075,-0.04700605143736161,-0.04700605143736161,-0.04700605143736161,-0.04700605143736161,-0.04700605143736161,-0.04700605143736161,-0.04700605143736161,-0.04700605143736161,-0.04700605143736161,-0.04700605143736161,0.2947760295325845,0.2947760295325845,0.2947760295325845,0.2947760295325845,0.2947760295325845,0.2947760295325845,0.2947760295325845,0.2947760295325845,0.2947760295325845,0.2947760295325845,0.293809038616744,0.293809038616744,0.293809038616744,0.293809038616744,0.293809038616744,0.293809038616744,0.293809038616744,0.293809038616744,0.293809038616744,0.3268480434671496
-0.19696969696969696,0.3268480434671496,0.3268480434671496,0.3268480434671496,0.3268480434671496,0.3268480434671496,0.3268480434671496,0.3268480434671496,0.3268480434671496,0.3268480434671496,0.3268480434671496,0.3268480434671496,0.3268480434671496,0.3268480434671496,0.3268480434671496,0.3268480434671496,0.3268480434671496,0.3268480434671496,0.3268480434671496,0.3268480434671496,0.3268480434671496,0.3268480434671496,0.3268480434671496,0.3268480434671496,0.3268480434671496,0.3268480434671496,0.3268480434671496,0.3268480434671496,0.3268480434671496,0.3268480434671496,0.3268480434671496,0.3303027275005745,0.1363756589261135,-0.30429800173842025,-0.16788041200039028,-0.11062421429732396,-0.08057639925294396,-0.06224875372356832,-0.04995710818578122,-0.04116717359350459,-0.03458583382070802,-0.02948617533716097,-0.02542882188759121,-0.0221328232138185,-0.019410287452834563,-0.01713087805559202,-0.015201400039358893,-0.013553495364980978,-0.012135925858657024,-0.010909566638828057,-0.009844061772693553,-0.014955462846865,-0.01502314741436586,-0.015099410733734508,-0.015186275080782153,-0.015286205167677553,-0.015402224657078857,-0.015538068421061701,-0.01569838329632982,-0.01588899533994602,-0.01611726932742882,-0.016392597800974903,-0.016727074540229297,-0.017136434466060297,-0.017641384714275572,-0.018269520283725086,-0.019058130556476517,-0.02005839330298397,-0.02134178269885048,-0.02301010793060536,-0.045395511019979136,-0.04700605143736161,-0.04700605143736161,-0.04700605143736161,-0.04700605143736161,-0.04700605143736161,-0.04700605143736161,-0.04700605143736161,-0.04700605143736161,-0.04700605143736161,-0.04700605143736161,0.2947760295325845,0.2947760295325845,0.2947760295325845,0.2947760295325845,0.2947760295325845,0.2947760295325845,0.2947760295325845,0.2947760295325845,0.2947760295325845,0.293809038616744,0.293809038616744,0.293809038616744,0.293809038616744,0.293809038616744,0.293809038616744,0.293809038616744,0.293809038616744,0.293809038616744,0.293809038616744,0.3268480434671496
-0.18686868686868685,0.3268480434671496,0.3268480434671496,0.3268480434671496,0.3268480434671496,0.3268480434671496,0.3268480434671496,0.3268480434671496,0.3268480434671496,0.3268480434671496,0.3268480434671496,0.3268480434671496,0.3268480434671496,0.3268480434671496,0.3268480434671496,0.3268480434671496,0.3268480434671496,0.3268480434671496,0.3268480434671496,0.3268480434671496,0.3268480434671496,0.3268480434671496,0.3268480434671496,0.3268480434671496,0.3268480434671496,0.3268480434671496,0.3268480434671496,0.3268480434671496,0.3268480434671496,0.3268480434671496,0.3268480434671496,0.05992377812109289,0.34220197479693143,0.028100934954489867,-0.2936381919230518,-0.16359642134885918,-0.10849669199781588,-0.07930055065433,-0.061386349730230015,-0.049325185386234496,-0.04067670244553793,-0.03418850100761122,-0.02915355289823182,-0.025143107763992666,-0.021882305488987196,-0.01918694609009623,-0.01692903623493736,-0.015016926266498424,-0.013383310933711628,-0.011977689627750398,-0.016563412421329186,-0.01481096028972924,-0.01498376922613792,-0.015051389540903098,-0.015127702158195363,-0.0152147505672573,-0.015315026254852988,-0.015431586884428508,-0.015568210801429488,-0.015729600850436034,-0.01592165585075792,-0.016151835980082973,-0.016429660138404713,-0.01676739133470055,-0.01718099393039384,-0.017691490374141073,-0.018326915538281186,-0.019125182779331232,-0.020138371694252373,-0.041623106523065403,-0.0433155708162144,-0.04700605143736161,-0.04700605143736161,-0.04700605143736161,-0.04700605143736161,-0.04700605143736161,-0.04700605143736161,-0.04700605143736161,-0.04700605143736161,-0.04700605143736161,-0.04700605143736161,0.2947760295325845,0.2947760295325845,0.2947760295325845,0.2947760295325845,0.2947760295325845,0.2947760295325845,0.2947760295325845,0.2947760295325845,0.293809038616744,0.293809038616744,0.293809038616744,0.293809038616744,0.293809038616744,0.293809038616744,0.293809038616744,0.293809038616744,0.293809038616744,0.293809038616744,0.293809038616744,0.3268480434671496
-0.17676767676767674,0.3268480434671496,0.3268480434671496,0.3268480434671496,0.3268480434671496,0.3268480434671496,0.3268480434671496,0.3268480434671496,0.3268480434671496,0.3268480434671496,0.3268480434671496,0.3268480434671496,0.3268480434671496,0.3268480434671496,0.3268480434671496,0.3268480434671496,0.3268480434671496,0.3268480434671496,0.3268480434671496,0.3268480434671496,0.3268480434671496,0.3268480434671496,0.3268480434671496,0.3268480434671496,0.3268480434671496,0.3268480434671496,0.3268480434671496,0.3268480434671496,0.3268480434671496,0.3268480434671496,0.3268480434671496,-0.05918615097219092,0.01867805896964796,0.3546805528453172,-0.07870413010938491,-0.28339236811951896,-0.1594948214242377,-0.10643789925978361,-0.07805850816336755,-0.0605441373051798,-0.04870712040706149,-0.040196741879050715,-0.03379973163910275,-0.02882827253273645,-0.024863921174082756,-0.021637743595063225,-0.018969141506060896,-0.016732412377060673,-0.014837419970674049,-0.019019837114891008,-0.017625996537863384,-0.01436539652070661,-0.015463746819930041,-0.015010786226836537,-0.015078382379883683,-0.015154784337507072,-0.015242057109708725,-0.01534271934106826,-0.015459863181623979,-0.015597311075744622,-0.015759822693559196,-0.01595337070116818,-0.016185512138016136,-0.016465894255391172,-0.016806952056164955,-0.017224883238021287,-0.01774103114699338,-0.01838387868395434,-0.03937579427102945,-0.040402139976125254,-0.04172090010955944,-0.04700605143736161,-0.04700605143736161,-0.04700605143736161,-0.04700605143736161,-0.04700605143736161,-0.04700605143736161,-0.04700605143736161,-0.04700605143736161,-0.04700605143736161,-0.04700605143736161,0.2947760295325845,0.2947760295325845,0.2947760295325845,0.2947760295325845,0.2947760295325845,0.2947760295325845,0.2947760295325845,0.293809038616744,0.293809038616744,0.293809038616744,0.293809038616744,0.293809038616744,0.293809038616744,0.293809038616744,0.293809038616744,0.293809038616744,0.293809038616744,0.293809038616744,0.293809038616744,0.3268480434671496
-0.16666666666666663,0.3268480434671496,0.3268480434671496,0.3268480434671496,0.3268480434671496,0.3268480434671496,0.3268480434671496,0.3268480434671496,0.3268480434671496,0.3268480434671496,0.3268480434671496,0.3268480434671496,0.3268480434671496,0.3268480434671496,0.3268480434671496,0.3268480434671496,0.3268480434671496,0.3268480434671496,0.3268480434671496,0.3268480434671496,0.3268480434671496,0.3268480434671496,0.3268480434671496,0.3268480434671496,0.3268480434671496,0.3268480434671496,0.3268480434671496,0.3268480434671496,0.3268480434671496,0.3268480434671496,0.3268480434671496,-0.0370868491993676,-0.05964317718399329,-0.014034102181456724,0.36770274659368424,-0.17519508289411387,-0.2735852290156461,-0.1555651507004156,-0.10444464789344642,-0.07684892604731622,-0.05972135729011415,-0.04810238495816594,-0.03972687074003057,-0.033419161338530644,-0.028510003502310602,-0.024590953300860592,-0.02139884420407181,-0.018756592076747257,-0.022342679689358002,-0.020464562131353316,-0.018858925089394442,-0.013881964225662926,-0.015121172842512196,-0.016466895124383863,-0.015036596083050762,-0.015104205518676835,-0.015180734331340366,-0.015268269357803238,-0.0153693567838436,-0.01548712373400372,-0.015625437381842598,-0.015789115049008637,-0.0159842043462727,-0.016218360654993078,-0.016501361602423905,-0.01684581699687884,-0.017268161839204772,-0.0379738850045992,-0.038624287869666506,-0.039442387403810134,-0.04048212285357022,-0.04700605143736161,-0.04700605143736161,-0.04700605143736161,-0.04700605143736161,-0.04700605143736161,-0.04700605143736161,-0.04700605143736161,-0.04700605143736161,-0.04700605143736161,-0.04700605143736161,0.2947760295325845,0.2947760295325845,0.2947760295325845,0.2947760295325845,0.2947760295325845,0.2947760295325845,0.293809038616744,0.293809038616744,0.293809038616744,0.293809038616744,0.293809038616744,0.293809038616744,0.293809038616744,0.293809038616744,0.293809038616744,0.293809038616744,0.293809038616744,0.293809038616744,0.293809038616744,0.3268480434671496
-0.15656565656565652,0.3268480434671496,0.3268480434671496,0.3268480434671496,0.3268480434671496,0.3268480434671496,0.3268480434671496,0.3268480434671496,0.3268480434671496,0.3268480434671496,0.3268480434671496,0.3268480434671496,0.3268480434671496,0.3268480434671496,0.3268480434671496,0.3268480434671496,0.3268480434671496,0.3268480434671496,0.3268480434671496,0.3268480434671496,0.3268480434671496,0.3268480434671496,0.3268480434671496,0.3268480434671496,0.3268480434671496,0.3268480434671496,0.3268480434671496,0.3268480434671496,0.3268480434671496,0.3268480434671496,0.3268480434671496,-0.02410960640995001,-0.036806472083180386,-0.059931803854157736,-0.039878764694005774,0.38119578768697987,-0.2553181056360677,-0.26422486526492217,-0.1517976340201351,-0.10251393878868305,-0.07567053129593611,-0.05891729227924144,-0.04751048196542143,-0.039266694633775356,-0.03304645019956574,-0.028198438145877226,-0.0243239174319452,-0.026967280836031962,-0.024350982403461403,-0.022155695084334785,-0.020294216950685184,-0.013352882834409564,-0.014761944720293445,-0.0163032321549725,-0.01802990117734169,-0.015061274954840935,-0.015128932713841399,-0.01520562360053773,-0.015293456583803522,-0.015395005774822976,-0.015513433763316776,-0.015652653087682048,-0.015817539556054624,-0.01601421683585881,-0.01625044015197938,-0.016536119564561545,-0.037067861485743904,-0.0374947043827563,-0.038022469526655285,-0.038680561020829396,-0.03950883813806086,-0.04700605143736161,-0.04700605143736161,-0.04700605143736161,-0.04700605143736161,-0.04700605143736161,-0.04700605143736161,-0.04700605143736161,-0.04700605143736161,-0.04700605143736161,-0.04700605143736161,0.2947760295325845,0.2947760295325845,0.2947760295325845,0.2947760295325845,0.2947760295325845,0.293809038616744,0.293809038616744,0.293809038616744,0.293809038616744,0.293809038616744,0.293809038616744,0.293809038616744,0.293809038616744,0.293809038616744,0.293809038616744,0.293809038616744,0.293809038616744,0.293809038616744,0.293809038616744,0.3268480434671496
-0.1464646464646464,0.3268480434671496,0.3268480434671496,0.3268480434671496,0.3268480434671496,0.3268480434671496,0.3268480434671496,0.3268480434671496,0.3268480434671496,0.3268480434671496,0.3268480434671496,0.3268480434671496,0.3268480434671496,0.3268480434671496,0.3268480434671496,0.3268480434671496,0.3268480434671496,0.3268480434671496,0.3268480434671496,0.3268480434671496,0.3268480434671496,0.3268480434671496,0.3268480434671496,0.3268480434671496,0.3268480434671496,0.3268480434671496,0.3268480434671496,0.3268480434671496,0.3268480434671496,0.3268480434671496,0.3268480434671496,-0.016033575262291697,-0.023745042567660052,-0.03647313818077628,-0.06006293462974341,-0.06021295741244542,0.39503233263005827,-0.31664416260332306,-0.25530818764152596,-0.1481831413372703,-0.10064294854685725,-0.07452211859362633,-0.05813126351500938,-0.04693094305265617,-0.03881584364826773,-0.03268128064138106,-0.03369523531954646,-0.029864492469716997,-0.026738909953477198,-0.024148179460124118,-0.021973170325307958,-0.012768506732394807,-0.014385239314337835,-0.0161688773200559,-0.01819084612993597,-0.020540477267893566,-0.01508489346220918,-0.015152632399958803,-0.01522951849218124,-0.015317683145160056,-0.015419728781100935,-0.015538853948924552,-0.015679017193494998,-0.01584515365404136,-0.016043464181441515,-0.03646562430642685,-0.03675404073544034,-0.03710550045582395,-0.03753692526997086,-0.03807065582611536,-0.038736569752895245,-0.04700605143736161,-0.04700605143736161,-0.04700605143736161,-0.04700605143736161,-0.04700605143736161,-0.04700605143736161,-0.04700605143736161,-0.04700605143736161,-0.04700605143736161,-0.04700605143736161,0.2947760295325845,0.2947760295325845,0.2947760295325845,0.2947760295325845,0.293809038616744,0.293809038616744,0.293809038616744,0.293809038616744,0.293809038616744,0.293809038616744,0.293809038616744,0.293809038616744,0.293809038616744,0.293809038616744,0.293809038616744,0.293809038616744,0.293809038616744,0.293809038616744,0.293809038616744,0.3268480434671496
-0.13636363636363635,0.3268480434671496,0.3268480434671496,0.3268480434671496,0.3268480434671496,0.3268480434671496,0.3268480434671496,0.3268480434671496,0.3268480434671496,0.3268480434671496,0.3268480434671496,0.3268480434671496,0.3268480434671496,0.3268480434671496,0.3268480434671496,0.3268480434671496,0.3268480434671496,0.3268480434671496,0.3268480434671496,0.3268480434671496,0.3268480434671496,0.3268480434671496,0.3268480434671496,0.3268480434671496,0.3268480434671496,0.3268480434671496,0.3268480434671496,0.3268480434671496,0.3268480434671496,0.3268480434671496,0.3268480434671496,-0.010515728486947902,-0.01562986381782478,-0.02333365957031705,-0.03608111159525709,-0.06004364681468808,-0.07612606675127259,0.4090056311547571,-0.3598092614651793,-0.24682475035365364,-0.14471314669091762,-0.09882901718536292,-0.07340254571984042,-0.05736262807537033,-0.046363326275665986,-0.04417591580730185,-0.038125300982763184,-0.03339623657685221,-0.029608539174710628,-0.026515442208565315,-0.023949903887446236,-0.012116700969798687,-0.013991337102702693,-0.016080792933596447,-0.018483347956114046,-0.02132499999618656,-0.024774589720577243,-0.015107517164516329,-0.015175368146876301,-0.015252480675852272,-0.015341008900905735,-0.015443583942804987,-0.015563440807562398,-0.015704584694663706,-0.03605582986767529,-0.0362558176263937,-0.036496326415994484,-0.03678753746741431,-0.037142602365769786,-0.037578692563985515,-0.038118493063162284,-0.04700605143736161,-0.04700605143736161,-0.04700605143736161,-0.04700605143736161,-0.04700605143736161,-0.04700605143736161,-0.04700605143736161,-0.04700605143736161,-0.04700605143736161,-0.04700605143736161,0.2947760295325845,0.2947760295325845,0.2947760295325845,0.293809038616744,0.293809038616744,0.293809038616744,0.293809038616744,0.293809038616744,0.293809038616744,0.293809038616744,0.293809038616744,0.293809038616744,0.293809038616744,0.293809038616744,0.293809038616744,0.293809038616744,0.293809038616744,0.293809038616744,0.293809038616744,0.3268480434671496
-0.12626262626262624,0.3268480434671496,0.3268480434671496,0.3268480434671496,0.3268480434671496,0.3268480434671496,0.3268480434671496,0.3268480434671496,0.3268480434671496,0.3268480434671496,0.3268480434671496,0.3268480434671496,0.3268480434671496,0.3268480434671496,0.3268480434671496,0.3268480434671496,0.3268480434671496,0.3268480434671496,0.3268480434671496,0.3268480434671496,0.3268480434671496,0.3268480434671496,0.3268480434671496,0.3268480434671496,0.3268480434671496,0.3268480434671496,0.3268480434671496,0.3268480434671496,0.3268480434671496,0.3268480434671496,0.3268480434671496,-0.0064580200785663636,-0.010069370290934016,-0.015173192585111264,-0.022866158305130103,-0.03562200335988524,-0.05987674331456874,-0.08848442209501813,0.42279473437985027,-0.38729715365876977,-0.23875943571834138,-0.14137968820662378,-0.09706963682135841,-0.07231072933415032,-0.062412721814924556,-0.05160915957383598,-0.04374269325528287,-0.03777434173825854,-0.03310313748932514,-0.02935777154312348,-0.026296658917916316,-0.011381967824167498,-0.013582665846154567,-0.016066250500777684,-0.018971820081883518,-0.02248312394731248,-0.026855181576452978,-0.032456982707914916,-0.015129206991712439,-0.015197199071337123,-0.015274567536694822,-0.015363489587125431,-0.015466625431888061,-0.03577106597473107,-0.03591322584811822,-0.03608198036715002,-0.03628368819259073,-0.03652641331652876,-0.036820475777447646,-0.03717921371018949,-0.037620052489417494,-0.04700605143736161,-0.04700605143736161,-0.04700605143736161,-0.04700605143736161,-0.04700605143736161,-0.04700605143736161,-0.04700605143736161,-0.04700605143736161,-0.04700605143736161,-0.04700605143736161,0.2947760295325845,0.2947760295325845,0.293809038616744,0.293809038616744,0.293809038616744,0.293809038616744,0.293809038616744,0.293809038616744,0.293809038616744,0.293809038616744,0.293809038616744,0.293809038616744,0.293809038616744,0.293809038616744,0.293809038616744,0.293809038616744,0.293809038616744,0.293809038616744,0.293809038616744,0.3268480434671496
-0.11616161616161613,0.3268480434671496,0.3268480434671496,0.3268480434671496,0.3268480434671496,0.3268480434671496,0.3268480434671496,0.3268480434671496,0.3268480434671496,0.3268480434671496,0.3268480434671496,0.3268480434671496,0.3268480434671496,0.3268480434671496,0.3268480434671496,0.3268480434671496,0.3268480434671496,0.3268480434671496,0.3268480434671496,0.3268480434671496,0.3268480434671496,0.3268480434671496,0.3268480434671496,0.3268480434671496,0.3268480434671496,0.3268480434671496,0.3268480434671496,0.3268480434671496,0.3268480434671496,0.3268480434671496,0.3268480434671496,-0.0032942728556123496,-0.005958319540914988,-0.009559449508704587,-0.014650940638714433,-0.0223297332158688,-0.03508372010830727,-0.05955988643925359,-0.09797204881683011,0.43591661130362663,-0.40228365778160624,-0.23109433120413841,-0.13817532964301943,-0.10116438674461589,-0.07704758660255792,-0.061677075061188795,-0.05106415694354642,-0.043317813575219716,-0.03743008703889508,-0.032815704184276616,-0.029111973396066564,-0.010544206415942928,-0.013165790103074294,-0.01617016259649775,-0.019761001171790225,-0.02421742638123541,-0.029943835794871573,-0.03755486442668078,-0.048029337419692904,-0.015150019632914133,-0.015218180208195525,-0.015295832530168595,-0.03556899609450644,-0.035672722714866135,-0.035794140761323694,-0.035937350715623415,-0.03610747088288275,-0.03631094058313767,-0.036555929889297956,-0.03685289984357278,-0.03721537819798736,-0.04700605143736161,-0.04700605143736161,-0.04700605143736161,-0.04700605143736161,-0.04700605143736161,-0.04700605143736161,-0.04700605143736161,-0.04700605143736161,-0.04700605143736161,-0.04700605143736161,0.2947760295325845,0.293809038616744,0.293809038616744,0.293809038616744,0.293809038616744,0.293809038616744,0.293809038616744,0.293809038616744,0.293809038616744,0.293809038616744,0.293809038616744,0.293809038616744,0.293809038616744,0.293809038616744,0.293809038616744,0.293809038616744,0.293809038616744,0.293809038616744,0.293809038616744,0.3268480434671496
-0.10606060606060602,0.3268480434671496,0.3268480434671496,0.3268480434671496,0.3268480434671496,0.3268480434671496,0.3268480434671496,0.3268480434671496,0.3268480434671496,0.3268480434671496,0.3268480434671496,0.3268480434671496,0.3268480434671496,0.3268480434671496,0.3268480434671496,0.3268480434671496,0.3268480434671496,0.3268480434671496,0.3268480434671496,0.3268480434671496,0.3268480434671496,0.3268480434671496,0.3268480434671496,0.3268480434671496,0.3268480434671496,0.3268480434671496,0.3268480434671496,0.3268480434671496,0.3268480434671496,0.3268480434671496,0.3268480434671496,-0.0007037037592796589,-0.0027281388863161318,-0.005380815253115639,-0.00896920476123197,-0.014045666304838432,-0.021706499684234794,-0.03444881144818406,-0.0590840705064621,-0.10512482435423028,0.4476621198991149,-0.4078706783024338,-0.22961197906058567,-0.14089506929786114,-0.09950714183181465,-0.07600824966082595,-0.060957083466749405,-0.05052988973674534,-0.04290098631806376,-0.03709229125652144,-0.03253371750608521,-0.009576927798865676,-0.012755312212804543,-0.01646892000523095,-0.021028689333530474,-0.02688068865107748,-0.03470686809556702,-0.04561038847939889,-0.061482323373530226,-0.08578690525500442,-0.015170007887147278,-0.03542218178416021,-0.035500144441168106,-0.03558993902152045,-0.03569428509281788,-0.035816530065215,-0.035960823063478496,-0.03613234520981456,-0.03633761767595237,-0.036584918236466195,-0.0368848511707429,-0.04700605143736161,-0.04700605143736161,-0.04700605143736161,-0.04700605143736161,-0.04700605143736161,-0.04700605143736161,-0.04700605143736161,-0.04700605143736161,-0.04700605143736161,-0.04700605143736161,0.293809038616744,0.293809038616744,0.293809038616744,0.293809038616744,0.293809038616744,0.293809038616744,0.293809038616744,0.293809038616744,0.293809038616744,0.293809038616744,0.293809038616744,0.293809038616744,0.293809038616744,0.293809038616744,0.293809038616744,0.293809038616744,0.293809038616744,0.293809038616744,0.293809038616744,0.3268480434671496
-0.09595959595959591,0.01156040102530688,0.01156040102530688,0.01156040102530688,0.01156040102530688,0.01156040102530688,0.01156040102530688,0.01156040102530688,0.01156040102530688,0.01156040102530688,0.01156040102530688,0.01156040102530688,0.01156040102530688,0.01156040102530688,0.01156040102530688,0.01156040102530688,0.01156040102530688,0.01156040102530688,0.01156040102530688,0.01156040102530688,0.01156040102530688,0.01156040102530688,0.01156040102530688,0.01156040102530688,0.01156040102530688,0.01156040102530688,0.01156040102530688,0.01156040102530688,0.01156040102530688,0.01156040102530688,0.01156040102530688,-0.0075059583090101335,-0.009072695907705696,-0.011082752532464137,-0.013720244264920778,-0.017292124884300947,-0.022349708933694982,-0.029987907755950394,-0.042708724600339,-0.0674479160034535,-0.11937412816642995,0.4479974930323292,-0.42153225773111835,-0.23170542573972133,-0.1469454571782167,-0.10691467035593896,-0.08401066900880572,-0.06926915779304603,-0.05902293686281703,-0.05150887084915817,-0.045777656938311755,0.015506307150302262,0.011569143128923348,0.006852942582962612,0.0008575307776689027,-0.007177685785642931,-0.018498462820455645,-0.03529160141506621,-0.061698960781026484,-0.10633061179315684,-0.1894308844054422,-0.011422068717670188,-0.011490642566359214,-0.011568940719570873,-0.011659211381713205,-0.011764204396922058,-0.011887305671520396,-0.012032713652160297,-0.012205673179020833,-0.01241278848579654,-0.012662446695626238,-0.011560401025306883,-0.011560401025306883,-0.011560401025306883,-0.011560401025306883,-0.011560401025306883,-0.011560401025306883,-0.011560401025306883,-0.011560401025306883,-0.011560401025306883,-0.012527391941147433,-0.0009669909158405547,-0.0009669909158405547,-0.0009669909158405547,-0.0009669909158405547,-0.0009669909158405547,-0.0009669909158405547,-0.0009669909158405547,-0.0009669909158405547,-0.0009669909158405547,-0.0009669909158405547,-0.0009669909158405547,-0.0009669909158405547,-0.0009669909158405547,-0.0009669909158405547,-0.0009669909158405547,-0.0009669909158405547,-0.0009669909158405547,-0.0009669909158405547,-0.0009669909158405547,0.01156040102530688
-0.0858585858585858,0.01156040102530688,0.01156040102530688,0.01156040102530688,0.01156040102530688,0.01156040102530688,0.01156040102530688,0.01156040102530688,0.01156040102530688,0.01156040102530688,0.01156040102530688,0.01156040102530688,0.01156040102530688,0.01156040102530688,0.01156040102530688,0.01156040102530688,0.01156040102530688,0.01156040102530688,0.01156040102530688,0.01156040102530688,0.01156040102530688,0.01156040102530688,0.01156040102530688,0.01156040102530688,0.01156040102530688,0.01156040102530688,0.01156040102530688,0.01156040102530688,0.01156040102530688,0.01156040102530688,0.01156040102530688,-0.005536328821749014,-0.006757769891838595,-0.00830496087493552,-0.010294784627035668,-0.012911213910331587,-0.016460747300044275,-0.02149362468078074,-0.02910281811643415,-0.04179155798607204,-0.06658531096117067,-0.12299802797774792,0.4535367957426088,-0.415733212861971,-0.2251227695395363,-0.14408850074588367,-0.10535110903549605,-0.08302009371774358,-0.06857893284185988,-0.058509094111979604,-0.05110734033513447,0.016851753256985853,0.011841951121487126,0.0056396523457888205,-0.0026158734940224175,-0.014337133346359741,-0.03205946914362798,-0.06076230030886356,-0.11133533798494,-0.2112730428420284,-0.4462687073984164,-1.1939816805522767,-0.01144055259031146,-0.01150936857257695,-0.011588026178867783,-0.011678797907189866,-0.011784464281446718,-0.011908450227656601,-0.012055004201889605,-0.012229435675840217,-0.012438433173828495,-0.011560401025306883,-0.011560401025306883,-0.011560401025306883,-0.011560401025306883,-0.011560401025306883,-0.011560401025306883,-0.011560401025306883,-0.011560401025306883,-0.012527391941147433,-0.012527391941147433,-0.0009669909158405547,-0.0009669909158405547,-0.0009669909158405547,-0.0009669909158405547,-0.0009669909158405547,-0.0009669909158405547,-0.0009669909158405547,-0.0009669909158405547,-0.0009669909158405547,-0.0009669909158405547,-0.0009669909158405547,-0.0009669909158405547,-0.0009669909158405547,-0.0009669909158405547,-0.0009669909158405547,-0.0009669909158405547,-0.0009669909158405547,-0.0009669909158405547,-0.0009669909158405547,0.01156040102530688
-0.07575757575757575,0.01156040102530688,0.01156040102530688,0.01156040102530688,0.01156040102530688,0.01156040102530688,0.01156040102530688,0.01156040102530688,0.01156040102530688,0.01156040102530688,0.01156040102530688,0.01156040102530688,0.01156040102530688,0.01156040102530688,0.01156040102530688,0.01156040102530688,0.01156040102530688,0.01156040102530688,0.01156040102530688,0.01156040102530688,0.01156040102530688,0.01156040102530688,0.01156040102530688,0.01156040102530688,0.01156040102530688,0.01156040102530688,0.01156040102530688,0.01156040102530688,0.01156040102530688,0.01156040102530688,0.01156040102530688,-0.003718154343639638,-0.004665243068405251,-0.005859338071196785,-0.007378134850035579,-0.009338584445975377,-0.0119246180294614,-0.015442412386880077,-0.020441233648269067,-0.02801182544846016,-0.04065570420255724,-0.06545862312634462,-0.12523300122833353,0.45334773383105054,-0.40687626575562985,-0.2188613860844434,-0.141335454818948,-0.10383150316716046,-0.08205261632855772,-0.06790286802351829,-0.058004975091171515,0.01847655467304929,0.01187800089468025,0.003331382053237557,-0.008784280594784625,-0.027418853645843674,-0.058589935422121875,-0.11624240625656848,-0.23869414757029217,-0.5623213806414424,-1.8517162034880617,-13.808744879419578,-6.448656998586402,-0.011458350157168179,-0.011527430359946368,-0.011606470274487442,-0.011697767009127601,-0.011804132174871775,-0.011929030247116201,-0.012076760387901089,-0.01225269762705435,-0.011560401025306883,-0.011560401025306883,-0.011560401025306883,-0.011560401025306883,-0.011560401025306883,-0.011560401025306883,-0.011560401025306883,-0.012527391941147433,-0.012527391941147433,-0.012527391941147433,-0.0009669909158405547,-0.0009669909158405547,-0.0009669909158405547,-0.0009669909158405547,-0.0009669909158405547,-0.0009669909158405547,-0.0009669909158405547,-0.0009669909158405547,-0.0009669909158405547,-0.0009669909158405547,-0.0009669909158405547,-0.0009669909158405547,-0.0009669909158405547,-0.0009669909158405547,-0.0009669909158405547,-0.0009669909158405547,-0.0009669909158405547,-0.0009669909158405547,-0.0009669909158405547,0.01156040102530688
-0.06565656565656564,0.01156040102530688,0.01156040102530688,0.01156040102530688,0.01156040102530688,0.01156040102530688,0.01156040102530688,0.01156040102530688,0.01156040102530688,0.01156040102530688,0.01156040102530688,0.01156040102530688,0.01156040102530688,0.01156040102530688,0.01156040102530688,0.01156040102530688,0.01156040102530688,0.01156040102530688,0.01156040102530688,0.01156040102530688,0.01156040102530688,0.01156040102530688,0.01156040102530688,0.01156040102530688,0.01156040102530688,0.01156040102530688,0.01156040102530688,0.01156040102530688,0.01156040102530688,0.01156040102530688,0.01156040102530688,-0.001978782326709904,-0.0026957847733529235,-0.0036043207261883883,-0.004757882620438477,-0.006234287010375289,-0.008150617170557511,-0.010690895197056693,-0.01416119466128579,-0.019110090735849624,-0.026626182708081803,-0.039207251925636115,-0.06397490890721148,-0.12620424348812725,0.444971153873611,-0.3961145058826702,-0.2129023999515371,-0.13868100404470723,-0.10235406485058482,-0.08110743548150698,-0.06724051107388097,0.02047123774048165,0.011369892887397334,-0.0012043479087888553,-0.02071570895585051,-0.054473848421282646,-0.12056912859905299,-0.27406346163149303,-0.747214486424375,-3.3558876756540434,-17.25625207540036,-2.660292661070364,-0.8990699990691439,-0.45883529791970395,-0.011475501544345335,-0.011544866994999715,-0.011624311064570026,-0.011716155791303915,-0.01182324428500332,-0.011949081106568444,-0.012098016829913598,-0.011560401025306883,-0.011560401025306883,-0.011560401025306883,-0.011560401025306883,-0.011560401025306883,-0.011560401025306883,-0.012527391941147433,-0.012527391941147433,-0.012527391941147433,-0.012527391941147433,-0.0009669909158405547,-0.0009669909158405547,-0.0009669909158405547,-0.0009669909158405547,-0.0009669909158405547,-0.0009669909158405547,-0.0009669909158405547,-0.0009669909158405547,-0.0009669909158405547,-0.0009669909158405547,-0.0009669909158405547,-0.0009669909158405547,-0.0009669909158405547,-0.0009669909158405547,-0.0009669909158405547,-0.0009669909158405547,-0.0009669909158405547,-0.0009669909158405547,-0.0009669909158405547,0.01156040102530688
-0.055555555555555525,0.01156040102530688,0.01156040102530688,0.01156040102530688,0.01156040102530688,0.01156040102530688,0.01156040102530688,0.01156040102530688,0.01156040102530688,0.01156040102530688,0.01156040102530688,0.01156040102530688,0.01156040102530688,0.01156040102530688,0.01156040102530688,0.01156040102530688,0.01156040102530688,0.01156040102530688,0.01156040102530688,0.01156040102530688,0.01156040102530688,0.01156040102530688,0.01156040102530688,0.01156040102530688,0.01156040102530688,0.01156040102530688,0.01156040102530688,0.01156040102530688,0.01156040102530688,0.01156040102530688,0.01156040102530688,-0.00025648023400665673,-0.0007689383616405443,-0.0014315699124153164,-0.0022820508431400837,-0.003373869146323896,-0.004784898970373967,-0.006632360012783538,-0.0091004808847287,-0.012495518797001386,-0.01736587158511511,-0.02479862850046874,-0.037287133882138036,-0.06196982089841285,-0.12591919798340667,0.4254856621939554,-0.38426666854199054,-0.20722777763823375,-0.13612017037574015,-0.10091710022846286,-0.0801837872294584,0.02295368585947929,0.009557868207412558,-0.010846902822457486,-0.047210350017349016,-0.12331307626280273,-0.3212449227401752,-1.0748349243827071,-7.547974727323816,-6.134461595649117,-1.3226191735329136,-0.5663675577729701,-0.3223030659639473,-0.21240335066810892,-0.15292219528648765,-0.011492044304352562,-0.01156171505892856,-0.011641584206913011,-0.011733999039118889,-0.01184183458044413,-0.011968636020133257,-0.011560401025306883,-0.011560401025306883,-0.011560401025306883,-0.011560401025306883,-0.011560401025306883,-0.012527391941147433,-0.012527391941147433,-0.012527391941147433,-0.012527391941147433,-0.012527391941147433,-0.0009669909158405547,-0.0009669909158405547,-0.0009669909158405547,-0.0009669909158405547,-0.0009669909158405547,-0.0009669909158405547,-0.0009669909158405547,-0.0009669909158405547,-0.0009669909158405547,-0.0009669909158405547,-0.0009669909158405547,-0.0009669909158405547,-0.0009669909158405547,-0.0009669909158405547,-0.0009669909158405547,-0.0009669909158405547,-0.0009669909158405547,-0.0009669909158405547,-0.0009669909158405547,0.01156040102530688
-0.045454545454545414,0.01156040102530688,0.01156040102530688,0.01156040102530688,0.01156040102530688,0.01156040102530688,0.01156040102530688,0.01156040102530688,0.01156040102530688,0.01156040102530688,0.01156040102530688,0.01156040102530688,0.01156040102530688,0.01156040102530688,0.01156040102530688,0.01156040102530688,0.01156040102530688,0.01156040102530688,0.01156040102530688,0.01156040102530688,0.01156040102530688,0.01156040102530688,0.01156040102530688,0.01156040102530688,0.01156040102530688,0.01156040102530688,0.01156040102530688,0.01156040102530688,0.01156040102530688,0.01156040102530688,0.01156040102530688,0.0015065303452289007,0.0011877168463746187,0.0007518860726470597,0.00017241026803708088,-0.0005880014819682285,-0.0015824875987736635,-0.0028886558042145807,-0.004623606526933694,-0.006971669863855802,-0.01023946953103067,-0.014975905149912597,-0.02226793702058257,-0.03460584738623091,-0.05913284838964574,-0.12419542519860913,0.39186774738295294,-0.37190231091858494,-0.20182041566121553,-0.1336482887596486,-0.09951900350769106,0.026042340427293465,0.004281705041591987,-0.03460732664966759,-0.12232528340265751,-0.38688521714724133,-1.7515434577229523,-12.87902257133254,-2.2896897088436137,-0.7362299358371178,-0.37153987471513505,-0.23003281992850635,-0.15957070376359753,-0.11893073771394375,-0.09312119112058534,-0.07558318461093443,-0.01150801361211588,-0.011578008835768497,-0.011658323139692334,-0.011751329393198662,-0.011859934957409394,-0.011560401025306883,-0.011560401025306883,-0.011560401025306883,-0.011560401025306883,-0.012527391941147433,-0.012527391941147433,-0.012527391941147433,-0.012527391941147433,-0.012527391941147433,-0.012527391941147433,-0.0009669909158405547,-0.0009669909158405547,-0.0009669909158405547,-0.0009669909158405547,-0.0009669909158405547,-0.0009669909158405547,-0.0009669909158405547,-0.0009669909158405547,-0.0009669909158405547,-0.0009669909158405547,-0.0009669909158405547,-0.0009669909158405547,-0.0009669909158405547,-0.0009669909158405547,-0.0009669909158405547,-0.0009669909158405547,-0.0009669909158405547,-0.0009669909158405547,-0.0009669909158405547,0.01156040102530688
-0.035353535353535304,0.01156040102530688,0.01156040102530688,0.01156040102530688,0.01156040102530688,0.01156040102530688,0.01156040102530688,0.01156040102530688,0.01156040102530688,0.01156040102530688,0.01156040102530688,0.01156040102530688,0.01156040102530688,0.01156040102530688,0.01156040102530688,0.01156040102530688,0.01156040102530688,0.01156040102530688,0.01156040102530688,0.01156040102530688,0.01156040102530688,0.01156040102530688,0.01156040102530688,0.01156040102530688,0.01156040102530688,0.01156040102530688,0.01156040102530688,0.01156040102530688,0.01156040102530688,0.01156040102530688,0.01156040102530688,0.0033697606258225993,0.003246771791986308,0.003036054412080975,0.00271946738475405,0.002271571514287295,0.0016563791936174501,0.0008221379435648365,-0.0003073556057834087,-0.0018478959788806473,-0.003982803201738164,-0.007018289856622696,-0.011503819226945374,-0.01852801862469609,-0.030582582779043944,-0.054814701832580304,-0.12045029083618816,0.34185920071977166,-0.35941003040134506,-0.19666417927045718,-0.13126098463518132,0.029644196361373294,-0.012173811954215033,-0.11269103965119491,-0.4829780594043422,-3.4448975762972114,-5.1759852280864305,-1.0379304973354324,-0.43679274430594606,-0.2488394346513573,-0.16492849046733304,-0.11953639943105464,-0.09187648042845266,-0.07360750227943652,-0.06082327366037617,-0.05148271818492825,-0.04442836564369931,-0.011523442443761973,-0.011593780484151432,-0.011674559246504615,-0.01176817750803451,-0.011560401025306883,-0.011560401025306883,-0.011560401025306883,-0.012527391941147433,-0.012527391941147433,-0.012527391941147433,-0.012527391941147433,-0.012527391941147433,-0.012527391941147433,-0.012527391941147433,-0.0009669909158405547,-0.0009669909158405547,-0.0009669909158405547,-0.0009669909158405547,-0.0009669909158405547,-0.0009669909158405547,-0.0009669909158405547,-0.0009669909158405547,-0.0009669909158405547,-0.0009669909158405547,-0.0009669909158405547,-0.0009669909158405547,-0.0009669909158405547,-0.0009669909158405547,-0.0009669909158405547,-0.0009669909158405547,-0.0009669909158405547,-0.0009669909158405547,-0.0009669909158405547,0.01156040102530688
-0.025252525252525193,0.01156040102530688,0.01156040102530688,0.01156040102530688,0.01156040102530688,0.01156040102530688,0.01156040102530688,0.01156040102530688,0.01156040102530688,0.01156040102530688,0.01156040102530688,0.01156040102530688,0.01156040102530688,0.01156040102530688,0.01156040102530688,0.01156040102530688,0.01156040102530688,0.01156040102530688,0.01156040102530688,0.01156040102530688,0.01156040102530688,0.01156040102530688,0.01156040102530688,0.01156040102530688,0.01156040102530688,0.01156040102530688,0.01156040102530688,0.01156040102530688,0.01156040102530688,0.01156040102530688,0.01156040102530688,0.005400048017516816,0.005488589025938364,0.005518644539531324,0.005479597042188082,0.005356050356678561,0.005125815124277789,0.004756733174289703,0.004201529883605902,0.003389168518235211,0.0022096750200837046,0.0004859995925773012,-0.002081904796338151,-0.006038672613500571,-0.012471832785968048,-0.023879526949153164,-0.047431204414917216,-0.11298963187701487,0.2757579476679391,-0.34704924781725943,-0.19174390734551758,0.03191272482784753,-0.08179056151097451,-0.6305818868305242,-6.550846129712494,-1.6736866281537157,-0.5242861648399784,-0.2661855806857811,-0.16678666562949607,-0.11711577694519563,-0.08826904707190288,-0.0698069188408095,-0.05716551982481798,-0.04807222688895378,-0.04128305319413127,-0.03606629775791123,-0.031966584065441325,-0.02868733916837906,-0.011538361739901656,-0.011609060194261764,-0.011690322007281971,-0.011560401025306883,-0.011560401025306883,-0.012527391941147433,-0.012527391941147433,-0.012527391941147433,-0.012527391941147433,-0.012527391941147433,-0.012527391941147433,-0.012527391941147433,-0.012527391941147433,-0.0009669909158405547,-0.0009669909158405547,-0.0009669909158405547,-0.0009669909158405547,-0.0009669909158405547,-0.0009669909158405547,-0.0009669909158405547,-0.0009669909158405547,-0.0009669909158405547,-0.0009669909158405547,-0.0009669909158405547,-0.0009669909158405547,-0.0009669909158405547,-0.0009669909158405547,-0.0009669909158405547,-0.0009669909158405547,-0.0009669909158405547,-0.0009669909158405547,-0.0009669909158405547,0.01156040102530688
-0.015151515151515138,0.01156040102530688,0.01156040102530688,0.01156040102530688,0.01156040102530688,0.01156040102530688,0.01156040102530688,0.01156040102530688,0.01156040102530688,0.01156040102530688,0.01156040102530688,0.01156040102530688,0.01156040102530688,0.01156040102530688,0.01156040102530688,0.01156040102530688,0.01156040102530688,0.01156040102530688,0.01156040102530688,0.01156040102530688,0.01156040102530688,0.01156040102530688,0.01156040102530688,0.01156040102530688,0.01156040102530688,0.01156040102530688,0.01156040102530688,0.01156040102530688,0.01156040102530688,0.01156040102530688,0.01156040102530688,0.00767810255622332,0.008009913196155532,0.00831662367686797,0.00859569076250765,0.008842193903682367,0.009047830971591774,0.009199301357480726,0.009275658353263758,0.009243861020937907,0.009051046089123523,0.008610525410890198,0.007775053924411833,0.006282322600352226,0.003633939202688878,-0.0012058513353479052,-0.010692584446826695,-0.032016525445663385,-0.09569872900602766,0.20110797748541798,-0.334988290688852,0.012190630261539397,-0.840473771295129,-3.053343359016829,-0.6322361993736803,-0.27271424221612045,-0.15981023105290712,-0.10859741249562671,-0.08040813691655545,-0.06294534456213337,-0.05123627553622543,-0.04293043697335711,-0.03678785313095278,-0.03209877350145906,-0.02843051668641,-0.025505766223593993,-0.023139416756281495,-0.02120371544830885,-0.019608015361580175,-0.011552800554944951,-0.011623876331450135,-0.011560401025306883,-0.012527391941147433,-0.012527391941147433,-0.012527391941147433,-0.012527391941147433,-0.012527391941147433,-0.012527391941147433,-0.012527391941147433,-0.012527391941147433,-0.012527391941147433,-0.0009669909158405547,-0.0009669909158405547,-0.0009669909158405547,-0.0009669909158405547,-0.0009669909158405547,-0.0009669909158405547,-0.0009669909158405547,-0.0009669909158405547,-0.0009669909158405547,-0.0009669909158405547,-0.0009669909158405547,-0.0009669909158405547,-0.0009669909158405547,-0.0009669909158405547,-0.0009669909158405547,-0.0009669909158405547,-0.0009669909158405547,-0.0009669909158405547,-0.0009669909158405547,0.01156040102530688
-0.0050505050505050275,0.01156040102530688,0.01156040102530688,0.01156040102530688,0.01156040102530688,0.01156040102530688,0.01156040102530688,0.01156040102530688,0.01156040102530688,0.01156040102530688,0.01156040102530688,0.01156040102530688,0.01156040102530688,0.01156040102530688,0.01156040102530688,0.01156040102530688,0.01156040102530688,0.01156040102530688,0.01156040102530688,0.01156040102530688,0.01156040102530688,0.01156040102530688,0.01156040102530688,0.01156040102530688,0.01156040102530688,0.01156040102530688,0.01156040102530688,0.01156040102530688,0.01156040102530688,0.01156040102530688,0.01156040102530688,0.010307252180878333,0.010935295616196805,0.011581358796818486,0.012253468905144126,0.012960408485215557,0.01371196632528828,0.01451919668699506,0.01539465569585604,0.01635253044045982,0.01740845159069507,0.018578480549076334,0.019876012192218614,0.0213033512473307,0.0228290763580789,0.02432460861485371,0.025370263928995995,0.024571941989693993,0.016541780228501994,-0.027542764214616003,0.16866644751173382,-0.6467047689301845,-0.634219341975984,-0.2302805386584444,-0.12843978513950627,-0.08627095657428445,-0.06395601295223668,-0.050362444359422644,-0.04129976755138869,-0.034870930718770135,-0.03010191958004007,-0.026444738298876294,-0.02356890340786001,-0.021263963621754325,-0.01938993228218101,-0.01785033250900453,-0.016576711790737247,-0.015519329695786545,-0.014641337852599237,-0.013915021433028993,-0.01156678619380998,-0.012527391941147433,-0.012527391941147433,-0.012527391941147433,-0.012527391941147433,-0.012527391941147433,-0.012527391941147433,-0.012527391941147433,-0.012527391941147433,-0.012527391941147433,-0.012527391941147433,-0.0009669909158405547,-0.0009669909158405547,-0.0009669909158405547,-0.0009669909158405547,-0.0009669909158405547,-0.0009669909158405547,-0.0009669909158405547,-0.0009669909158405547,-0.0009669909158405547,-0.0009669909158405547,-0.0009669909158405547,-0.0009669909158405547,-0.0009669909158405547,-0.0009669909158405547,-0.0009669909158405547,-0.0009669909158405547,-0.0009669909158405547,-0.0009669909158405547,-0.0009669909158405547,0.01156040102530688
0.005050505050505083,0.01156040102530688,0.01156040102530688,0.01156040102530688,0.01156040102530688,0.01156040102530688,0.01156040102530688,0.01156040102530688,0.01156040102530688,0.01156040102530688,0.01156040102530688,0.01156040102530688,0.01156040102530688,0.01156040102530688,0.01156040102530688,0.01156040102530688,0.01156040102530688,0.01156040102530688,0.01156040102530688,0.01156040102530688,0.01156040102530688,0.01156040102530688,0.01156040102530688,0.01156040102530688,0.01156040102530688,0.01156040102530688,0.01156040102530688,0.01156040102530688,0.01156040102530688,0.01156040102530688,0.01156040102530688,0.011968592852464004,0.012242780503725703,0.013182586215920469,0.014249054172440856,0.015466130286179321,0.016864211161600248,0.018482446393509756,0.0203720996265461,0.02260158227223634,0.025264216513885364,0.040287386836385,0.04426603985664973,0.04927907512936462,0.05576826047205479,0.06446550388171009,0.07667508604751253,0.09495929726704218,0.1250872043863025,0.18290676426046792,0.32349687173770925,-0.07339427916539071,-0.31212451998296314,-0.17826912730087657,-0.12251476528754957,-0.09312872903840481,-0.07516011043020077,-0.06309998004055689,-0.05448098002182461,-0.04803971457277653,-0.043064158461260174,-0.027326415508425444,-0.024144062791754198,-0.021535739163501256,-0.01937347583563701,-0.017565926593993968,-0.016046295594899222,-0.014764760522141457,-0.013683556393071963,-0.012773693951007355,-0.012979706437520078,-0.012527391941147433,-0.012527391941147433,-0.012527391941147433,-0.012527391941147433,-0.012527391941147433,-0.012527391941147433,-0.012527391941147433,-0.012527391941147433,-0.012527391941147433,-0.012527391941147433,-0.0009669909158405547,-0.0009669909158405547,-0.0009669909158405547,-0.0009669909158405547,-0.0009669909158405547,-0.0009669909158405547,-0.0009669909158405547,-0.0009669909158405547,-0.0009669909158405547,-0.0009669909158405547,-0.0009669909158405547,-0.0009669909158405547,-0.0009669909158405547,-0.0009669909158405547,-0.0009669909158405547,-0.0009669909158405547,-0.0009669909158405547,-0.0009669909158405547,-0.0009669909158405547,0.01156040102530688
0.015151515151515249,0.01156040102530688,0.01156040102530688,0.01156040102530688,0.01156040102530688,0.01156040102530688,0.01156040102530688,0.01156040102530688,0.01156040102530688,0.01156040102530688,0.01156040102530688,0.01156040102530688,0.01156040102530688,0.01156040102530688,0.01156040102530688,0.01156040102530688,0.01156040102530688,0.01156040102530688,0.01156040102530688,0.01156040102530688,0.01156040102530688,0.01156040102530688,0.01156040102530688,0.01156040102530688,0.01156040102530688,0.01156040102530688,0.01156040102530688,0.01156040102530688,0.01156040102530688,0.01156040102530688,0.01156040102530688,0.014283921266826856,0.011989552289183657,0.012266239069962617,0.013212634335078962,0.014286790663004378,0.015512944776510919,0.016921884169142167,0.018553293717779345,0.02045918570163607,0.022709044102543118,0.03719453705499759,0.04045515592746072,0.04447994807603711,0.049557347042027966,0.05614016599564674,0.06498110606986914,0.07742735015873484,0.0961412183276774,0.1271679744232495,0.18731899284876316,-0.1415491264467896,-0.16541546848761482,-0.30136205134411914,-0.17409462663470274,-0.12043021086917377,-0.09187273567639175,-0.07430842794542926,-0.062474664482521244,-0.05399511162474783,-0.04764598784717008,-0.030937913967724977,-0.027043693320734984,-0.02389658132956056,-0.02131561345788955,-0.019175130366171696,-0.01738531253273174,-0.015880407159487762,-0.014611325318064854,-0.014507821962250351,-0.013607316601784812,-0.012527391941147433,-0.012527391941147433,-0.012527391941147433,-0.012527391941147433,-0.012527391941147433,-0.012527391941147433,-0.012527391941147433,-0.012527391941147433,-0.012527391941147433,-0.012527391941147433,-0.0009669909158405547,-0.0009669909158405547,-0.0009669909158405547,-0.0009669909158405547,-0.0009669909158405547,-0.0009669909158405547,-0.0009669909158405547,-0.0009669909158405547,-0.0009669909158405547,-0.0009669909158405547,-0.0009669909158405547,-0.0009669909158405547,-0.0009669909158405547,-0.0009669909158405547,-0.0009669909158405547,-0.0009669909158405547,-0.0009669909158405547,-0.0009669909158405547,-0.0009669909158405547,0.01156040102530688
0.025252525252525304,0.01156040102530688,0.01156040102530688,0.01156040102530688,0.01156040102530688,0.01156040102530688,0.01156040102530688,0.01156040102530688,0.01156040102530688,0.01156040102530688,0.01156040102530688,0.01156040102530688,0.01156040102530688,0.01156040102530688,0.01156040102530688,0.01156040102530688,0.01156040102530688,0.01156040102530688,0.01156040102530688,0.01156040102530688,0.01156040102530688,0.01156040102530688,0.01156040102530688,0.01156040102530688,0.01156040102530688,0.01156040102530688,0.01156040102530688,0.01156040102530688,0.01156040102530688,0.01156040102530688,0.01156040102530688,0.017235161015813988,0.014319746274624533,0.012012197806689091,0.012291358431075743,0.01324435498237526,0.01432622590379544,0.015561503043462854,0.016981370968937086,0.018626058891058277,0.020548341297904428,0.034615561582350865,0.03733070361866092,0.04062601640879732,0.04469768053629794,0.049840605802548815,0.056518997364790845,0.06550709168337558,0.07819674818488626,0.09735522584594013,0.12932053924620276,-0.07438639753917348,-0.13943219159528317,-0.2536872294258139,-0.29110904758235595,-0.17009754427341484,-0.11841260576331832,-0.09064989555797388,-0.07347666339414563,-0.06186308135548622,-0.053519694025573716,-0.03546403078399431,-0.03061576628460579,-0.026767496881312827,-0.023655059583416824,-0.021101032191973013,-0.018982013363875117,-0.017209678904150774,-0.016686290092778954,-0.015429496522154402,-0.014369573368257515,-0.012527391941147433,-0.012527391941147433,-0.012527391941147433,-0.012527391941147433,-0.012527391941147433,-0.012527391941147433,-0.012527391941147433,-0.012527391941147433,-0.012527391941147433,-0.012527391941147433,-0.0009669909158405547,-0.0009669909158405547,-0.0009669909158405547,-0.0009669909158405547,-0.0009669909158405547,-0.0009669909158405547,-0.0009669909158405547,-0.0009669909158405547,-0.0009669909158405547,-0.0009669909158405547,-0.0009669909158405547,-0.0009669909158405547,-0.0009669909158405547,-0.0009669909158405547,-0.0009669909158405547,-0.0009669909158405547,-0.0009669909158405547,-0.0009669909158405547,-0.0009669909158405547,0.01156040102530688
0.03535353535353536,0.01156040102530688,0.01156040102530688,0.01156040102530688,0.01156040102530688,0.01156040102530688,0.01156040102530688,0.01156040102530688,0.01156040102530688,0.01156040102530688,0.01156040102530688,0.01156040102530688,0.01156040102530688,0.01156040102530688,0.01156040102530688,0.01156040102530688,0.01156040102530688,0.01156040102530688,0.01156040102530688,0.01156040102530688,0.01156040102530688,0.01156040102530688,0.01156040102530688,0.01156040102530688,0.01156040102530688,0.01156040102530688,0.01156040102530688,0.01156040102530688,0.01156040102530688,0.01156040102530688,0.01156040102530688,0.02108563459295958,0.017291601792555355,0.014357318825794881,0.012036433832117284,0.012318046768049505,0.013277660322357854,0.014367276089243854,0.015611725444183612,0.017042596340461475,0.01870067156755915,0.032436267601339025,0.034727545085426234,0.03746943328148706,0.040799932114505104,0.044919220316715344,0.050128866281093844,0.05690482690993584,0.06604364814267824,0.07898372877195538,0.09860246584721193,-0.05003727442054998,-0.07415405561800521,-0.13716831137302235,-0.32560323999679197,-0.28136161502675044,-0.16626757432992173,-0.1164588567278042,-0.08945889609456177,-0.07266407247966074,-0.06126471123494992,-0.04125754686128863,-0.03508701667715053,-0.03030062435150848,-0.026497522879072585,-0.023419209751483656,-0.020891719324654626,-0.019760849107441917,-0.01800575782560153,-0.016529710511374848,-0.015285046202169625,-0.012527391941147433,-0.012527391941147433,-0.012527391941147433,-0.012527391941147433,-0.012527391941147433,-0.012527391941147433,-0.012527391941147433,-0.012527391941147433,-0.012527391941147433,-0.012527391941147433,-0.0009669909158405547,-0.0009669909158405547,-0.0009669909158405547,-0.0009669909158405547,-0.0009669909158405547,-0.0009669909158405547,-0.0009669909158405547,-0.0009669909158405547,-0.0009669909158405547,-0.0009669909158405547,-0.0009669909158405547,-0.0009669909158405547,-0.0009669909158405547,-0.0009669909158405547,-0.0009669909158405547,-0.0009669909158405547,-0.0009669909158405547,-0.0009669909158405547,-0.0009669909158405547,0.01156040102530688
0.045454545454545525,0.01156040102530688,0.01156040102530688,0.01156040102530688,0.01156040102530688,0.01156040102530688,0.01156040102530688,0.01156040102530688,0.01156040102530688,0.01156040102530688,0.01156040102530688,0.01156040102530688,0.01156040102530688,0.01156040102530688,0.01156040102530688,0.01156040102530688,0.01156040102530688,0.01156040102530688,0.01156040102530688,0.01156040102530688,0.01156040102530688,0.01156040102530688,0.01156040102530688,0.01156040102530688,0.01156040102530688,0.01156040102530688,0.01156040102530688,0.01156040102530688,0.01156040102530688,0.01156040102530688,0.01156040102530688,0.026258132921557334,0.021171853234994837,0.0173499250448326,0.01439654923781194,0.012062172805304045,0.012346219920387843,0.013312469853943026,0.014409864444413448,0.015663539083797553,0.017105491551327755,0.030573833556383462,0.03252937415176233,0.03484170858638293,0.03761068303663486,0.04097687273187851,0.045144556609866826,0.05042215017969488,0.05729773555160018,0.06659097586759873,0.0797887657919128,-0.03769962758628067,-0.050156682456234815,-0.07335872003373091,-0.13513520883544247,-0.3787843077103381,-0.27210702486780863,-0.1625951191063859,-0.11456605425400276,-0.08829849547679568,-0.07186995170432374,-0.048882299330972066,-0.04080181362212922,-0.03471784499817284,-0.02999218548893545,-0.02623348950086881,-0.024155755683207485,-0.02165440983361422,-0.019577408682798673,-0.017839327732816688,-0.016377425901060033,-0.012527391941147433,-0.012527391941147433,-0.012527391941147433,-0.012527391941147433,-0.012527391941147433,-0.012527391941147433,-0.012527391941147433,-0.012527391941147433,-0.012527391941147433,-0.012527391941147433,-0.0009669909158405547,-0.0009669909158405547,-0.0009669909158405547,-0.0009669909158405547,-0.0009669909158405547,-0.0009669909158405547,-0.0009669909158405547,-0.0009669909158405547,-0.0009669909158405547,-0.0009669909158405547,-0.0009669909158405547,-0.0009669909158405547,-0.0009669909158405547,-0.0009669909158405547,-0.0009669909158405547,-0.0009669909158405547,-0.0009669909158405547,-0.0009669909158405547,-0.0009669909158405547,0.01156040102530688
0.05555555555555558,0.01156040102530688,0.01156040102530688,0.01156040102530688,0.01156040102530688,0.01156040102530688,0.01156040102530688,0.01156040102530688,0.01156040102530688,0.01156040102530688,0.01156040102530688,0.01156040102530688,0.01156040102530688,0.01156040102530688,0.01156040102530688,0.01156040102530688,0.01156040102530688,0.01156040102530688,0.01156040102530688,0.01156040102530688,0.01156040102530688,0.01156040102530688,0.01156040102530688,0.01156040102530688,0.01156040102530688,0.01156040102530688,0.01156040102530688,0.01156040102530688,0.01156040102530688,0.01156040102530688,0.01156040102530688,0.03346994375270078,0.026389452535652152,0.021260218027578184,0.017410047834280358,0.01443735544577976,0.0120893344077324,0.012375800655927893,0.013348709717886,0.014453920567974197,0.015716877191912303,0.0289667596657722,0.03065195465927023,0.03262437371170791,0.034958005556018815,0.037754415218983484,0.04115681335749019,0.04537368431549519,0.05072048568130038,0.057697812551678385,0.06714928827123177,-0.030304434680840465,-0.03787365682167433,-0.049811429867851746,-0.07256253521211081,-0.13322588661366022,-0.4143772026347375,-0.26332702937023444,-0.15907123931327083,-0.11273145945884173,-0.0871675177779969,-0.05929686944069704,-0.04830891663439027,-0.04035536403591152,-0.03435620291584441,-0.030657158424393236,-0.02694212542994862,-0.02393046735980089,-0.021454884249938886,-0.019398453725144277,-0.01767715716691771,-0.012527391941147433,-0.012527391941147433,-0.012527391941147433,-0.012527391941147433,-0.012527391941147433,-0.012527391941147433,-0.012527391941147433,-0.012527391941147433,-0.012527391941147433,-0.012527391941147433,-0.0009669909158405547,-0.0009669909158405547,-0.0009669909158405547,-0.0009669909158405547,-0.0009669909158405547,-0.0009669909158405547,-0.0009669909158405547,-0.0009669909158405547,-0.0009669909158405547,-0.0009669909158405547,-0.0009669909158405547,-0.0009669909158405547,-0.0009669909158405547,-0.0009669909158405547,-0.0009669909158405547,-0.0009669909158405547,-0.0009669909158405547,-0.0009669909158405547,-0.0009669909158405547,0.01156040102530688
0.06565656565656575,0.01156040102530688,0.01156040102530688,0.01156040102530688,0.01156040102530688,0.01156040102530688,0.01156040102530688,0.01156040102530688,0.01156040102530688,0.01156040102530688,0.01156040102530688,0.01156040102530688,0.01156040102530688,0.01156040102530688,0.01156040102530688,0.01156040102530688,0.01156040102530688,0.01156040102530688,0.01156040102530688,0.01156040102530688,0.01156040102530688,0.01156040102530688,0.01156040102530688,0.01156040102530688,0.01156040102530688,0.01156040102530688,0.01156040102530688,0.01156040102530688,0.01156040102530688,0.01156040102530688,0.01156040102530688,0.04402571227712834,0.03367359489141197,0.026523423265171698,0.021350654733009997,0.017471894490249287,0.01447966227679851,0.012117844877930247,0.012406718021809659,0.013386312080612237,0.014499379847062925,0.02756844446704682,0.029032811415959925,0.030731747570565734,0.03272121819010063,0.03507639441136458,0.037900597080950144,0.04133973410160762,0.04560660368069115,0.051023907144185275,0.05810515531187736,-0.025409691274110455,-0.030464628243718497,-0.037704257247576624,-0.049392917760638956,-0.07181547889280855,-0.13138246761417283,-0.43519959012536125,-0.2550001567651031,-0.15568760669190823,-0.11095249205038055,-0.07426808257567571,-0.0585377267880419,-0.047747362306147824,-0.04088484659777776,-0.034968788447016425,-0.030361297847205402,-0.02668920446553157,-0.023710104726914205,-0.021259912539014936,-0.019223771185007708,-0.012527391941147433,-0.012527391941147433,-0.012527391941147433,-0.012527391941147433,-0.012527391941147433,-0.012527391941147433,-0.012527391941147433,-0.012527391941147433,-0.012527391941147433,-0.012527391941147433,-0.0009669909158405547,-0.0009669909158405547,-0.0009669909158405547,-0.0009669909158405547,-0.0009669909158405547,-0.0009669909158405547,-0.0009669909158405547,-0.0009669909158405547,-0.0009669909158405547,-0.0009669909158405547,-0.0009669909158405547,-0.0009669909158405547,-0.0009669909158405547,-0.0009669909158405547,-0.0009669909158405547,-0.0009669909158405547,-0.0009669909158405547,-0.0009669909158405547,-0.0009669909158405547,0.01156040102530688
0.0757575757575758,0.01156040102530688,0.01156040102530688,0.01156040102530688,0.01156040102530688,0.01156040102530688,0.01156040102530688,0.01156040102530688,0.01156040102530688,0.01156040102530688,0.01156040102530688,0.01156040102530688,0.01156040102530688,0.01156040102530688,0.01156040102530688,0.01156040102530688,0.01156040102530688,0.01156040102530688,0.01156040102530688,0.01156040102530688,0.01156040102530688,0.01156040102530688,0.01156040102530688,0.01156040102530688,0.01156040102530688,0.01156040102530688,0.01156040102530688,0.01156040102530688,0.01156040102530688,0.01156040102530688,0.01156040102530688,0.060523846528825476,0.04435399921291871,0.03388089150177154,0.026659984032021626,0.021443096099697103,0.017535395926978174,0.014523400805169664,0.012147636402278542,0.012438906766329997,0.013425214584823084,0.026342948835283934,0.027624652979402763,0.02910036013131919,0.030813163828059743,0.03281986411693106,0.035196838112827436,0.038049200413157354,0.04152561973532245,0.04584331998115963,0.051332454836881265,-0.021954541683253403,-0.025541296107610623,-0.030372886841115304,-0.037449267055313776,-0.04897620790032606,-0.07111287500428327,-0.12957841006786083,-0.4445362285737992,-0.24710328765291176,-0.15243645931897676,-0.09742995336938984,-0.07319266444954434,-0.05876215059503463,-0.048164216201013674,-0.04045595722037763,-0.03462134511914316,-0.030071348304817985,-0.02644148947742193,-0.023494452539806948,-0.02106928898874066,-0.012527391941147433,-0.012527391941147433,-0.012527391941147433,-0.012527391941147433,-0.012527391941147433,-0.012527391941147433,-0.012527391941147433,-0.012527391941147433,-0.012527391941147433,-0.012527391941147433,-0.0009669909158405547,-0.0009669909158405547,-0.0009669909158405547,-0.0009669909158405547,-0.0009669909158405547,-0.0009669909158405547,-0.0009669909158405547,-0.0009669909158405547,-0.0009669909158405547,-0.0009669909158405547,-0.0009669909158405547,-0.0009669909158405547,-0.0009669909158405547,-0.0009669909158405547,-0.0009669909158405547,-0.0009669909158405547,-0.0009669909158405547,-0.0009669909158405547,-0.0009669909158405547,0.01156040102530688
0.08585858585858586,0.01156040102530688,0.01156040102530688,0.01156040102530688,0.01156040102530688,0.01156040102530688,0.01156040102530688,0.01156040102530688,0.01156040102530688,0.01156040102530688,0.01156040102530688,0.01156040102530688,0.01156040102530688,0.01156040102530688,0.01156040102530688,0.01156040102530688,0.01156040102530688,0.01156040102530688,0.01156040102530688,0.01156040102530688,0.01156040102530688,0.01156040102530688,0.01156040102530688,0.01156040102530688,0.01156040102530688,0.01156040102530688,0.01156040102530688,0.01156040102530688,0.01156040102530688,0.01156040102530688,0.01156040102530688,0.08881982812946501,0.06108811974039206,0.04468802044571425,0.034091796383023,0.026799080593632674,0.0215374812204263,0.0176004890364256,0.0145685077781926,0.012178646571770818,0.012472306822864182,0.025262125758841257,0.026391041184935026,0.027682217127806857,0.02916935771511936,0.030896159311403493,0.03292027226179255,0.035319303803084595,0.038200201204752836,0.04171445937552691,0.04608384323902745,-0.019405834809027897,-0.02205715472899532,-0.025485625375458423,-0.030201487586280197,-0.03717665830523164,-0.04857703381840406,-0.07044527631749962,-0.12780212722598872,-0.4454464740268749,-0.23961272624246494,-0.13751379381737042,-0.09672207073602522,-0.07311048473116985,-0.058035591129935386,-0.047625107502781566,-0.04003538311997225,-0.034280605959673686,-0.02978707910241484,-0.02619876735825547,-0.02328330993874804,-0.012527391941147433,-0.012527391941147433,-0.012527391941147433,-0.012527391941147433,-0.012527391941147433,-0.012527391941147433,-0.012527391941147433,-0.012527391941147433,-0.012527391941147433,-0.012527391941147433,-0.0009669909158405547,-0.0009669909158405547,-0.0009669909158405547,-0.0009669909158405547,-0.0009669909158405547,-0.0009669909158405547,-0.0009669909158405547,-0.0009669909158405547,-0.0009669909158405547,-0.0009669909158405547,-0.0009669909158405547,-0.0009669909158405547,-0.0009669909158405547,-0.0009669909158405547,-0.0009669909158405547,-0.0009669909158405547,-0.0009669909158405547,-0.0009669909158405547,-0.0009669909158405547,0.01156040102530688
0.09595959595959602,0.01156040102530688,0.01156040102530688,0.01156040102530688,0.01156040102530688,0.01156040102530688,0.01156040102530688,0.01156040102530688,0.01156040102530688,0.01156040102530688,0.01156040102530688,0.01156040102530688,0.01156040102530688,0.01156040102530688,0.01156040102530688,0.01156040102530688,0.01156040102530688,0.01156040102530688,0.01156040102530688,0.01156040102530688,0.01156040102530688,0.01156040102530688,0.01156040102530688,0.01156040102530688,0.01156040102530688,0.01156040102530688,0.01156040102530688,0.01156040102530688,0.01156040102530688,0.01156040102530688,0.01156040102530688,0.1446919088926563,0.08989341285976103,0.06166299551669123,0.045027791010071656,0.03430627933326572,0.026940664942805767,0.021633754961529587,0.01766711614723871,0.01461492510375843,0.012210817896595503,0.024303628748473437,0.025303460976384938,0.026440372629846394,0.027741089640557832,0.029239760165491804,0.03098069388142897,0.03302240729135438,0.035443762482915836,0.03835357933886959,0.04190624620350984,-0.01746725224088606,-0.01948277179970149,-0.022018140529868183,-0.025360893040466136,-0.030005760932546234,-0.036907204026423224,-0.04819730642017565,-0.06980512005430989,-0.1260491721392876,-0.4404690054278145,-0.22167514175997347,-0.13547338080908558,-0.09509592902408377,-0.0720866079809949,-0.057324499608505886,-0.04709665858814486,-0.039622837701143235,-0.033946328476118524,-0.029508273924851537,-0.025960838693068273,-0.012527391941147433,-0.012527391941147433,-0.012527391941147433,-0.012527391941147433,-0.012527391941147433,-0.012527391941147433,-0.012527391941147433,-0.012527391941147433,-0.012527391941147433,-0.012527391941147433,-0.0009669909158405547,-0.0009669909158405547,-0.0009669909158405547,-0.0009669909158405547,-0.0009669909158405547,-0.0009669909158405547,-0.0009669909158405547,-0.0009669909158405547,-0.0009669909158405547,-0.0009669909158405547,-0.0009669909158405547,-0.0009669909158405547,-0.0009669909158405547,-0.0009669909158405547,-0.0009669909158405547,-0.0009669909158405547,-0.0009669909158405547,-0.0009669909158405547,-0.0009669909158405547,0.01156040102530688
0.10606060606060608,-0.010149845156401369,-0.010149845156401369,-0.010149845156401369,-0.010149845156401369,-0.010149845156401369,-0.010149845156401369,-0.010149845156401369,-0.010149845156401369,-0.010149845156401369,-0.010149845156401369,-0.010149845156401369,-0.010149845156401369,-0.010149845156401369,-0.010149845156401369,-0.010149845156401369,-0.010149845156401369,-0.010149845156401369,-0.010149845156401369,-0.010149845156401369,-0.010149845156401369,-0.010149845156401369,-0.010149845156401369,-0.010149845156401369,-0.010149845156401369,-0.010149845156401369,-0.010149845156401369,-0.010149845156401369,-0.010149845156401369,-0.010149845156401369,-0.010149845156401369,0.2866393463776117,0.14905203418003687,0.09293988432329027,0.06419763497265626,0.047322341450987085,0.036473324030884664,0.02903370220723402,0.023680874887238256,0.019684231974828017,0.016611606825327026,0.014193104804684649,0.01449153124238597,0.015498178996618976,0.016643138541990204,0.01795346865076846,0.01946376876757331,0.021218972588774657,0.02327847899426477,0.025722430252739657,0.028661559852244573,0.009802975857917043,0.008242192058333112,0.00631380284729887,0.0038437378598073623,0.0005538284251247685,-0.004041415002781786,-0.010882845472270412,-0.022071027010939787,-0.04342247790447696,-0.09855395271879944,-0.40580354703710453,-0.20095929876513646,-0.1186103323705912,-0.07954863394449217,-0.057119281209567586,-0.04266052545455621,-0.032610682695095546,-0.02525021297173546,-0.01965044715924083,-0.015266892481374833,-0.28723155210106666,-0.28723155210106666,-0.28723155210106666,-0.28723155210106666,-0.28723155210106666,-0.28723155210106666,-0.28723155210106666,-0.28723155210106666,-0.28723155210106666,-0.28723155210106666,-0.3114846099916202,-0.3114846099916202,-0.3114846099916202,-0.3114846099916202,-0.3114846099916202,-0.3114846099916202,-0.3114846099916202,-0.3114846099916202,-0.3114846099916202,-0.3114846099916202,-0.3114846099916202,-0.3114846099916202,-0.3114846099916202,-0.3114846099916202,-0.3114846099916202,-0.3114846099916202,-0.3114846099916202,-0.3114846099916202,-0.3114846099916202,-0.010149845156401369
0.11616161616161624,-0.010149845156401369,-0.010149845156401369,-0.010149845156401369,-0.010149845156401369,-0.010149845156401369,-0.010149845156401369,-0.010149845156401369,-0.010149845156401369,-0.010149845156401369,-0.010149845156401369,-0.010149845156401369,-0.010149845156401369,-0.010149845156401369,-0.010149845156401369,-0.010149845156401369,-0.010149845156401369,-0.010149845156401369,-0.010149845156401369,-0.010149845156401369,-0.010149845156401369,-0.010149845156401369,-0.010149845156401369,-0.010149845156401369,-0.010149845156401369,-0.010149845156401369,-0.010149845156401369,-0.010149845156401369,-0.010149845156401369,-0.010149845156401369,-0.010149845156401369,0.8603349083083727,0.29393748437589984,0.15153327918211984,0.09406184273643378,0.06479418934079521,0.04767368761871379,0.03669489781308175,0.029180140441611536,0.02378078107270404,0.019753773456598154,0.016660488978854065,0.014227443519268768,0.01452825004402549,0.015541751877432931,0.01669481336221334,0.01801483124261511,0.019536863654881574,0.02130647924999036,0.023383975871904,0.025850801918506538,0.010987470454676995,0.009766028683734804,0.008272038302793773,0.006394390684093792,0.003965015086911282,0.00071124031065774,-0.0038456736041648037,-0.010634574067745477,-0.021725475385876165,-0.04282294796440432,-0.09684634971908383,-0.394430867433714,-0.1945490496000274,-0.11582142626189622,-0.07801392328292776,-0.05614331603090389,-0.041978854241505964,-0.03210252224659419,-0.024852927107165034,-0.019328421129206047,-0.28723155210106666,-0.28723155210106666,-0.28723155210106666,-0.28723155210106666,-0.28723155210106666,-0.28723155210106666,-0.28723155210106666,-0.28723155210106666,-0.28723155210106666,-0.28723155210106666,-0.3114846099916202,-0.3114846099916202,-0.3114846099916202,-0.3114846099916202,-0.3114846099916202,-0.3114846099916202,-0.3114846099916202,-0.3114846099916202,-0.3114846099916202,-0.3114846099916202,-0.3114846099916202,-0.3114846099916202,-0.3114846099916202,-0.3114846099916202,-0.3114846099916202,-0.3114846099916202,-0.3114846099916202,-0.3114846099916202,-0.3114846099916202,-0.010149845156401369
0.1262626262626263,-0.010149845156401369,-0.010149845156401369,-0.010149845156401369,-0.010149845156401369,-0.010149845156401369,-0.010149845156401369,-0.010149845156401369,-0.010149845156401369,-0.010149845156401369,-0.010149845156401369,-0.010149845156401369,-0.010149845156401369,-0.010149845156401369,-0.010149845156401369,-0.010149845156401369,-0.010149845156401369,-0.010149845156401369,-0.010149845156401369,-0.010149845156401369,-0.010149845156401369,-0.010149845156401369,-0.010149845156401369,-0.010149845156401369,-0.010149845156401369,-0.010149845156401369,-0.010149845156401369,-0.010149845156401369,-0.010149845156401369,-0.010149845156401369,-0.010149845156401369,10.638405876109811,0.9029698724437836,0.3015508032047909,0.15408736762819306,0.09520894229861443,0.06540184431693429,0.048030874856042995,0.03691999584117726,0.029328954802497996,0.02388244029639054,0.01982470396351675,0.016710533823288694,0.014262796307458855,0.014565983195866047,0.015586379754600331,0.016747599493781795,0.018077382358858425,0.019611252730330785,0.021395425381755366,0.023491114085835638,0.011924294061921754,0.010965707972767707,0.009796283850677824,0.008342292295754093,0.0064966360873324105,0.004094769889423346,0.0008678657400598606,-0.003657178649529705,-0.01039793923241672,-0.02139434011315935,-0.04223954154816071,-0.09516319913604813,-0.3816246968619132,-0.18845558375274082,-0.11313332215594119,-0.07652212734766405,-0.055190053738064355,-0.04131118297942345,-0.03160402449592359,-0.024462900242315615,-0.28723155210106666,-0.28723155210106666,-0.28723155210106666,-0.28723155210106666,-0.28723155210106666,-0.28723155210106666,-0.28723155210106666,-0.28723155210106666,-0.28723155210106666,-0.28723155210106666,-0.3114846099916202,-0.3114846099916202,-0.3114846099916202,-0.3114846099916202,-0.3114846099916202,-0.3114846099916202,-0.3114846099916202,-0.3114846099916202,-0.3114846099916202,-0.3114846099916202,-0.3114846099916202,-0.3114846099916202,-0.3114846099916202,-0.3114846099916202,-0.3114846099916202,-0.3114846099916202,-0.3114846099916202,-0.3114846099916202,-0.3114846099916202,-0.010149845156401369
0.13636363636363646,-0.010149845156401369,-0.010149845156401369,-0.010149845156401369,-0.010149845156401369,-0.010149845156401369,-0.010149845156401369,-0.010149845156401369,-0.010149845156401369,-0.010149845156401369,-0.010149845156401369,-0.010149845156401369,-0.010149845156401369,-0.010149845156401369,-0.010149845156401369,-0.010149845156401369,-0.010149845156401369,-0.010149845156401369,-0.010149845156401369,-0.010149845156401369,-0.010149845156401369,-0.010149845156401369,-0.010149845156401369,-0.010149845156401369,-0.010149845156401369,-0.010149845156401369,-0.010149845156401369,-0.010149845156401369,-0.010149845156401369,-0.010149845156401369,-0.010149845156401369,1.2891223753000256,11.76202468936969,0.9490320628193504,0.30949808923732075,0.15671716500079183,0.09638186223027573,0.06602079014081617,0.048393947907930134,0.03714861098306328,0.029480117436801,0.02398581594313801,0.01989698321972952,0.016761699776722164,0.014299121432276372,0.014604690510890533,0.015632024422607412,0.01680146089617948,0.01814108840710055,0.019686905284557906,0.0214857838310785,0.012663048261339066,0.011915213860180268,0.01099764607585607,0.009860090555621207,0.00843158942404918,0.006607425143807538,0.004225453159384058,0.0010199073951620123,-0.003477217646178539,-0.010172590843297608,-0.021076300687932214,-0.0416707412447099,-0.09350625105542855,-0.3681092780021613,-0.182659090572513,-0.1105408726266038,-0.075071510944736,-0.05425871155063117,-0.04065706741434603,-0.031114889162315678,-0.28723155210106666,-0.28723155210106666,-0.28723155210106666,-0.28723155210106666,-0.28723155210106666,-0.28723155210106666,-0.28723155210106666,-0.28723155210106666,-0.28723155210106666,-0.28723155210106666,-0.3114846099916202,-0.3114846099916202,-0.3114846099916202,-0.3114846099916202,-0.3114846099916202,-0.3114846099916202,-0.3114846099916202,-0.3114846099916202,-0.3114846099916202,-0.3114846099916202,-0.3114846099916202,-0.3114846099916202,-0.3114846099916202,-0.3114846099916202,-0.3114846099916202,-0.3114846099916202,-0.3114846099916202,-0.3114846099916202,-0.3114846099916202,-0.010149845156401369
0.14646464646464652,-0.010149845156401369,-0.010149845156401369,-0.010149845156401369,-0.010149845156401369,-0.010149845156401369,-0.010149845156401369,-0.010149845156401369,-0.010149845156401369,-0.010149845156401369,-0.010149845156401369,-0.010149845156401369,-0.010149845156401369,-0.010149845156401369,-0.010149845156401369,-0.010149845156401369,-0.010149845156401369,-0.010149845156401369,-0.010149845156401369,-0.010149845156401369,-0.010149845156401369,-0.010149845156401369,-0.010149845156401369,-0.010149845156401369,-0.010149845156401369,-0.010149845156401369,-0.010149845156401369,-0.010149845156401369,-0.010149845156401369,-0.010149845156401369,-0.010149845156401369,0.23481677800136608,1.1892051085323545,12.833824269139802,0.9988980809644328,0.31779958318781454,0.15942569466496953,0.09758131509865285,0.06665122890271005,0.04876295804469976,0.037380740904388206,0.029633604575850077,0.024090875110248232,0.01997057442291566,0.016813948551197912,0.014336380301431402,0.014644334833950855,0.01567865060808417,0.01685636437009764,0.018205918555905153,0.019763793302869773,0.013237721425851593,0.012664594660582356,0.011949421973611086,0.01105744390676377,0.009940371601775841,0.008528913689073507,0.006719950836757316,0.004353181745686811,0.0011655036129451953,-0.003306274115608617,-0.00995810859649527,-0.020770429164607973,-0.041115662861395556,-0.09187734498936187,-0.35437860989025444,-0.1771409539082052,-0.1080392595222296,-0.07366042992412905,-0.05334854310735735,-0.04001608350301692,-0.28723155210106666,-0.28723155210106666,-0.28723155210106666,-0.28723155210106666,-0.28723155210106666,-0.28723155210106666,-0.28723155210106666,-0.28723155210106666,-0.28723155210106666,-0.28723155210106666,-0.3114846099916202,-0.3114846099916202,-0.3114846099916202,-0.3114846099916202,-0.3114846099916202,-0.3114846099916202,-0.3114846099916202,-0.3114846099916202,-0.3114846099916202,-0.3114846099916202,-0.3114846099916202,-0.3114846099916202,-0.3114846099916202,-0.3114846099916202,-0.3114846099916202,-0.3114846099916202,-0.3114846099916202,-0.3114846099916202,-0.3114846099916202,-0.010149845156401369
0.15656565656565657,-0.010149845156401369,-0.010149845156401369,-0.010149845156401369,-0.010149845156401369,-0.010149845156401369,-0.010149845156401369,-0.010149845156401369,-0.010149845156401369,-0.010149845156401369,-0.010149845156401369,-0.010149845156401369,-0.010149845156401369,-0.010149845156401369,-0.010149845156401369,-0.010149845156401369,-0.010149845156401369,-0.010149845156401369,-0.010149845156401369,-0.010149845156401369,-0.010149845156401369,-0.010149845156401369,-0.010149845156401369,-0.010149845156401369,-0.010149845156401369,-0.010149845156401369,-0.010149845156401369,-0.010149845156401369,-0.010149845156401369,-0.010149845156401369,-0.010149845156401369,0.0757956556260415,0.22404632478836842,1.0993916278507891,13.74778756747253,1.0529968035911572,0.3264771158300735,0.1622161473011706,0.0988080478310925,0.06729337447219708,0.049137962794707044,0.03761638776464477,0.029789396231565807,0.024197588313411393,0.020045443962496197,0.01686724488356616,0.014374537210479384,0.014684881796283088,0.015726225735078238,0.016912279333031337,0.018271844520364452,0.013671566964839423,0.01324819902019942,0.012701276474835611,0.012006764691521257,0.011131328210635071,0.010027877922859996,0.008628235217096858,0.006830474992725839,0.00447584308389327,0.00130368351712939,-0.0031445352886956884,-0.009754173811650984,-0.020476156640856898,-0.04057390595033651,-0.09027831429297409,-0.3407618723868416,-0.17188374554769695,-0.10562396961481363,-0.0722873253830371,-0.05245883631706701,-0.28723155210106666,-0.28723155210106666,-0.28723155210106666,-0.28723155210106666,-0.28723155210106666,-0.28723155210106666,-0.28723155210106666,-0.28723155210106666,-0.28723155210106666,-0.28723155210106666,-0.3114846099916202,-0.3114846099916202,-0.3114846099916202,-0.3114846099916202,-0.3114846099916202,-0.3114846099916202,-0.3114846099916202,-0.3114846099916202,-0.3114846099916202,-0.3114846099916202,-0.3114846099916202,-0.3114846099916202,-0.3114846099916202,-0.3114846099916202,-0.3114846099916202,-0.3114846099916202,-0.3114846099916202,-0.3114846099916202,-0.3114846099916202,-0.010149845156401369
0.16666666666666674,-0.010149845156401369,-0.010149845156401369,-0.010149845156401369,-0.010149845156401369,-0.010149845156401369,-0.010149845156401369,-0.010149845156401369,-0.010149845156401369,-0.010149845156401369,-0.010149845156401369,-0.010149845156401369,-0.010149845156401369,-0.010149845156401369,-0.010149845156401369,-0.010149845156401369,-0.010149845156401369,-0.010149845156401369,-0.010149845156401369,-0.010149845156401369,-0.010149845156401369,-0.010149845156401369,-0.010149845156401369,-0.010149845156401369,-0.010149845156401369,-0.010149845156401369,-0.010149845156401369,-0.010149845156401369,-0.010149845156401369,-0.010149845156401369,-0.010149845156401369,0.027322349891164922,0.07285595899781185,0.21386408733834375,1.018423180495204,14.384111714389666,1.1118180824240032,0.3355542588861142,0.16509189112923248,0.10006284284826454,0.0679474524775813,0.04951902571510392,0.0378555579470419,0.029947475923884397,0.024305929221902736,0.020121561165376972,0.016921556292293156,0.014413559110479791,0.014726299593276156,0.015774719712431915,0.01696917761589711,0.013980062144801702,0.01368956202917364,0.013287339203542175,0.012757158159296888,0.0120760348182858,0.01121151637370364,0.010117314230899416,0.008726065567254372,0.00693681726919383,0.004592195728580581,0.0014338677149248894,-0.0029921311437315907,-0.009560641492200872,-0.020193241273265022,-0.04004546420025999,-0.08871096246383693,-0.3274722079542243,-0.16687119349371735,-0.10329077218385202,-0.07095071829844035,-0.28723155210106666,-0.28723155210106666,-0.28723155210106666,-0.28723155210106666,-0.28723155210106666,-0.28723155210106666,-0.28723155210106666,-0.28723155210106666,-0.28723155210106666,-0.28723155210106666,-0.3114846099916202,-0.3114846099916202,-0.3114846099916202,-0.3114846099916202,-0.3114846099916202,-0.3114846099916202,-0.3114846099916202,-0.3114846099916202,-0.3114846099916202,-0.3114846099916202,-0.3114846099916202,-0.3114846099916202,-0.3114846099916202,-0.3114846099916202,-0.3114846099916202,-0.3114846099916202,-0.3114846099916202,-0.3114846099916202,-0.3114846099916202,-0.010149845156401369
0.1767676767676768,-0.010149845156401369,-0.010149845156401369,-0.010149845156401369,-0.010149845156401369,-0.010149845156401369,-0.010149845156401369,-0.010149845156401369,-0.010149845156401369,-0.010149845156401369,-0.010149845156401369,-0.010149845156401369,-0.010149845156401369,-0.010149845156401369,-0.010149845156401369,-0.010149845156401369,-0.010149845156401369,-0.010149845156401369,-0.010149845156401369,-0.010149845156401369,-0.010149845156401369,-0.010149845156401369,-0.010149845156401369,-0.010149845156401369,-0.010149845156401369,-0.010149845156401369,-0.010149845156401369,-0.010149845156401369,-0.010149845156401369,-0.010149845156401369,-0.010149845156401369,0.007292366431866532,0.02613828078641517,0.07002700530663405,0.2042296370941971,0.9452238262165646,14.639319791181945,1.1759231130321552,0.3450564930220676,0.16805648298403583,0.101346519318185,0.06861370033272043,0.04990621619681806,0.03809826181844699,0.03010783043595715,0.024415874419800872,0.020198898066187434,0.016976852857387762,0.014453415397501244,0.014768558782993615,0.015824104740903934,0.014172706169324473,0.01400437519681971,0.013731015511045533,0.013342387407390825,0.01282304313915063,0.012150659811151382,0.011293375012571716,0.01020547945365448,0.008820257523146363,0.007037599096553372,0.004701412462523764,0.00155561208859631,-0.002849257318703195,-0.009377576393661248,-0.019921750065222135,-0.0395306792398012,-0.08717708359246418,-0.3146421187871289,-0.16208813438132333,-0.10103569838754062,-0.28723155210106666,-0.28723155210106666,-0.28723155210106666,-0.28723155210106666,-0.28723155210106666,-0.28723155210106666,-0.28723155210106666,-0.28723155210106666,-0.28723155210106666,-0.28723155210106666,-0.3114846099916202,-0.3114846099916202,-0.3114846099916202,-0.3114846099916202,-0.3114846099916202,-0.3114846099916202,-0.3114846099916202,-0.3114846099916202,-0.3114846099916202,-0.3114846099916202,-0.3114846099916202,-0.3114846099916202,-0.3114846099916202,-0.3114846099916202,-0.3114846099916202,-0.3114846099916202,-0.3114846099916202,-0.3114846099916202,-0.3114846099916202,-0.010149845156401369
0.18686868686868696,-0.010149845156401369,-0.010149845156401369,-0.010149845156401369,-0.010149845156401369,-0.010149845156401369,-0.010149845156401369,-0.010149845156401369,-0.010149845156401369,-0.010149845156401369,-0.010149845156401369,-0.010149845156401369,-0.010149845156401369,-0.010149845156401369,-0.010149845156401369,-0.010149845156401369,-0.010149845156401369,-0.010149845156401369,-0.010149845156401369,-0.010149845156401369,-0.010149845156401369,-0.010149845156401369,-0.010149845156401369,-0.010149845156401369,-0.010149845156401369,-0.010149845156401369,-0.010149845156401369,-0.010149845156401369,-0.010149845156401369,-0.010149845156401369,-0.010149845156401369,-0.002561888485141634,0.006699214897828741,0.02498877025915857,0.06730357724849728,0.19510589372585413,0.8788706999274025,14.461705628069796,1.2459568275528248,0.3550113951722836,0.1711136803111545,0.10265993453267222,0.0692923673080274,0.0502996093003843,0.038344513516167036,0.030270449594091135,0.02452740319038486,0.020277429199360777,0.01703310702095766,0.01449407772164144,0.014811632103249464,0.01425406738277148,0.014202294383714356,0.014047914111733336,0.013785608094908194,0.013405736940557437,0.01289335642313457,0.012226588024219982,0.011373992981515566,0.010290312112792658,0.00890937632037736,0.007131839717784309,0.004802830912708686,0.001668463800583283,-0.002716248417860126,-0.009205280355374745,-0.01966205829906629,-0.03903022846186802,-0.08567851356711896,-0.30234872867846635,-0.15752045655121644,-0.28723155210106666,-0.28723155210106666,-0.28723155210106666,-0.28723155210106666,-0.28723155210106666,-0.28723155210106666,-0.28723155210106666,-0.28723155210106666,-0.28723155210106666,-0.28723155210106666,-0.3114846099916202,-0.3114846099916202,-0.3114846099916202,-0.3114846099916202,-0.3114846099916202,-0.3114846099916202,-0.3114846099916202,-0.3114846099916202,-0.3114846099916202,-0.3114846099916202,-0.3114846099916202,-0.3114846099916202,-0.3114846099916202,-0.3114846099916202,-0.3114846099916202,-0.3114846099916202,-0.3114846099916202,-0.3114846099916202,-0.3114846099916202,-0.010149845156401369
0.19696969696969702,-0.010149845156401369,-0.010149845156401369,-0.010149845156401369,-0.010149845156401369,-0.010149845156401369,-0.010149845156401369,-0.010149845156401369,-0.010149845156401369,-0.010149845156401369,-0.010149845156401369,-0.010149845156401369,-0.010149845156401369,-0.010149845156401369,-0.010149845156401369,-0.010149845156401369,-0.010149845156401369,-0.010149845156401369,-0.010149845156401369,-0.010149845156401369,-0.010149845156401369,-0.010149845156401369,-0.010149845156401369,-0.010149845156401369,-0.010149845156401369,-0.010149845156401369,-0.010149845156401369,-0.010149845156401369,-0.010149845156401369,-0.010149845156401369,-0.010149845156401369,-0.008026846448657692,-0.0029055725222741644,0.006120377093791606,0.023872556139492913,0.06468075421648166,0.18645880195925787,0.818569520183602,13.872583665278938,1.3226627456741473,0.3654488477426242,0.17426745415841527,0.10400398540882862,0.06998371464323891,0.050699285619711425,0.0385943307587476,0.03043532606976711,0.024640497321216922,0.02035713141071752,0.017090293406204795,0.014535519813508455,0.014224299959321304,0.01428799407053709,0.014247629779761163,0.014102249843535045,0.01384700184991503,0.01347263664241581,0.01296455084147557,0.012301183276022259,0.011451418839113063,0.01037036915556523,0.008992348347017712,0.007218724007050553,0.004895804179448815,0.0017718685448202217,-0.0025936332109957262,-0.009044324049109974,-0.019414868709736348,-0.03854514275165717,-0.08421720721018355,-0.29063163239702133,-0.28723155210106666,-0.28723155210106666,-0.28723155210106666,-0.28723155210106666,-0.28723155210106666,-0.28723155210106666,-0.28723155210106666,-0.28723155210106666,-0.28723155210106666,-0.28723155210106666,-0.3114846099916202,-0.3114846099916202,-0.3114846099916202,-0.3114846099916202,-0.3114846099916202,-0.3114846099916202,-0.3114846099916202,-0.3114846099916202,-0.3114846099916202,-0.3114846099916202,-0.3114846099916202,-0.3114846099916202,-0.3114846099916202,-0.3114846099916202,-0.3114846099916202,-0.3114846099916202,-0.3114846099916202,-0.3114846099916202,-0.3114846099916202,-0.010149845156401369
0.20707070707070718,-0.010149845156401369,-0.010149845156401369,-0.010149845156401369,-0.010149845156401369,-0.010149845156401369,-0.010149845156401369,-0.010149845156401369,-0.010149845156401369,-0.010149845156401369,-0.010149845156401369,-0.010149845156401369,-0.010149845156401369,-0.010149845156401369,-0.010149845156401369,-0.010149845156401369,-0.010149845156401369,-0.010149845156401369,-0.010149845156401369,-0.010149845156401369,-0.010149845156401369,-0.010149845156401369,-0.010149845156401369,-0.010149845156401369,-0.010149845156401369,-0.010149845156401369,-0.010149845156401369,-0.010149845156401369,-0.010149845156401369,-0.010149845156401369,-0.010149845156401369,-0.010149845156401369,-0.010149845156401369,-0.010149845156401369,-0.010149845156401369,-0.010149845156401369,-0.010149845156401369,-0.010149845156401369,-0.010149845156401369,-0.010149845156401369,-0.010149845156401369,0.014103212734152151,0.014103212734152151,0.014103212734152151,0.014103212734152151,0.014103212734152151,0.014103212734152151,0.014103212734152151,0.014103212734152151,0.014103212734152151,0.014103212734152151,0.01408531655320953,0.014023566967904232,0.0139297207825748,0.013842566445951656,0.013760897611699725,0.013683675112917243,0.013609994895227514,0.013539062172712496,0.01347017040086774,0.013402683996246159,-0.28650285860820907,-0.28656922668182366,-0.28663580301309743,-0.28670306245901034,-0.2867714623699972,-0.28684144962333885,-0.2869134670714182,-0.2869879595909199,-0.2870653798960068,-0.28714619426290905,-0.28723155210106666,-0.28723155210106666,-0.28723155210106666,-0.28723155210106666,-0.28723155210106666,-0.28723155210106666,-0.28723155210106666,-0.28723155210106666,-0.28723155210106666,-0.28723155210106666,-0.3114846099916202,-0.3114846099916202,-0.3114846099916202,-0.3114846099916202,-0.3114846099916202,-0.3114846099916202,-0.3114846099916202,-0.3114846099916202,-0.3114846099916202,-0.3114846099916202,-0.3114846099916202,-0.3114846099916202,-0.3114846099916202,-0.3114846099916202,-0.3114846099916202,-0.3114846099916202,-0.3114846099916202,-0.3114846099916202,-0.3114846099916202,-0.010149845156401369
0.21717171717171724,-0.010149845156401369,-0.010149845156401369,-0.010149845156401369,-0.010149845156401369,-0.010149845156401369,-0.010149845156401369,-0.010149845156401369,-0.010149845156401369,-0.010149845156401369,-0.010149845156401369,-0.010149845156401369,-0.010149845156401369,-0.010149845156401369,-0.010149845156401369,-0.010149845156401369,-0.010149845156401369,-0.010149845156401369,-0.010149845156401369,-0.010149845156401369,-0.010149845156401369,-0.010149845156401369,-0.010149845156401369,-0.010149845156401369,-0.010149845156401369,-0.010149845156401369,-0.010149845156401369,-0.010149845156401369,-0.010149845156401369,-0.010149845156401369,-0.010149845156401369,-0.010149845156401369,-0.010149845156401369,-0.010149845156401369,-0.010149845156401369,-0.010149845156401369,-0.010149845156401369,-0.010149845156401369,-0.010149845156401369,-0.010149845156401369,-0.010149845156401369,0.014103212734152151,0.014103212734152151,0.014103212734152151,0.014103212734152151,0.014103212734152151,0.014103212734152151,0.014103212734152151,0.014103212734152151,0.014103212734152151,0.014103212734152151,0.013999904537400356,0.014087007566026216,0.014025358069303214,0.013931777941567846,0.013844827335446648,0.013763309263225805,0.013686192060540859,0.013612577690090836,0.013541676183281897,0.013472784834569361,-0.28643361149489766,-0.28650032424675625,-0.28656676866146125,-0.2866334436320328,-0.2867008231318019,-0.2867693640037868,-0.28683951295916316,-0.2869117130011139,-0.2869864094587115,-0.28706405579286826,-0.28723155210106666,-0.28723155210106666,-0.28723155210106666,-0.28723155210106666,-0.28723155210106666,-0.28723155210106666,-0.28723155210106666,-0.28723155210106666,-0.28723155210106666,-0.28723155210106666,-0.3114846099916202,-0.3114846099916202,-0.3114846099916202,-0.3114846099916202,-0.3114846099916202,-0.3114846099916202,-0.3114846099916202,-0.3114846099916202,-0.3114846099916202,-0.3114846099916202,-0.3114846099916202,-0.3114846099916202,-0.3114846099916202,-0.3114846099916202,-0.3114846099916202,-0.3114846099916202,-0.3114846099916202,-0.3114846099916202,-0.3114846099916202,-0.010149845156401369
0.2272727272727273,-0.010149845156401369,-0.010149845156401369,-0.010149845156401369,-0.010149845156401369,-0.010149845156401369,-0.010149845156401369,-0.010149845156401369,-0.010149845156401369,-0.010149845156401369,-0.010149845156401369,-0.010149845156401369,-0.010149845156401369,-0.010149845156401369,-0.010149845156401369,-0.010149845156401369,-0.010149845156401369,-0.010149845156401369,-0.010149845156401369,-0.010149845156401369,-0.010149845156401369,-0.010149845156401369,-0.010149845156401369,-0.010149845156401369,-0.010149845156401369,-0.010149845156401369,-0.010149845156401369,-0.010149845156401369,-0.010149845156401369,-0.010149845156401369,-0.010149845156401369,-0.010149845156401369,-0.010149845156401369,-0.010149845156401369,-0.010149845156401369,-0.010149845156401369,-0.010149845156401369,-0.010149845156401369,-0.010149845156401369,-0.010149845156401369,-0.010149845156401369,0.014103212734152151,0.014103212734152151,0.014103212734152151,0.014103212734152151,0.014103212734152151,0.014103212734152151,0.014103212734152151,0.014103212734152151,0.014103212734152151,0.014103212734152151,0.01392591217392278,0.014002127249605966,0.014088497401040567,0.014026952543580077,0.01393364052936821,0.013846895838188798,0.013765530768523266,0.013688521104721164,0.013614974786586144,0.01354410663319726,-0.2863636648322044,-0.2864312039673985,-0.286497967629929,-0.28656448668777473,-0.28663125873377604,-0.28669875686336493,-0.2867674374171118,-0.28683774694474323,-0.28691012860498294,-0.2869850281844608,-0.28723155210106666,-0.28723155210106666,-0.28723155210106666,-0.28723155210106666,-0.28723155210106666,-0.28723155210106666,-0.28723155210106666,-0.28723155210106666,-0.28723155210106666,-0.28723155210106666,-0.3114846099916202,-0.3114846099916202,-0.3114846099916202,-0.3114846099916202,-0.3114846099916202,-0.3114846099916202,-0.3114846099916202,-0.3114846099916202,-0.3114846099916202,-0.3114846099916202,-0.3114846099916202,-0.3114846099916202,-0.3114846099916202,-0.3114846099916202,-0.3114846099916202,-0.3114846099916202,-0.3114846099916202,-0.3114846099916202,-0.3114846099916202,-0.010149845156401369
0.23737373737373746,-0.010149845156401369,-0.010149845156401369,-0.010149845156401369,-0.010149845156401369,-0.010149845156401369,-0.010149845156401369,-0.010149845156401369,-0.010149845156401369,-0.010149845156401369,-0.010149845156401369,-0.010149845156401369,-0.010149845156401369,-0.010149845156401369,-0.010149845156401369,-0.010149845156401369,-0.010149845156401369,-0.010149845156401369,-0.010149845156401369,-0.010149845156401369,-0.010149845156401369,-0.010149845156401369,-0.010149845156401369,-0.010149845156401369,-0.010149845156401369,-0.010149845156401369,-0.010149845156401369,-0.010149845156401369,-0.010149845156401369,-0.010149845156401369,-0.010149845156401369,-0.010149845156401369,-0.010149845156401369,-0.010149845156401369,-0.010149845156401369,-0.010149845156401369,-0.010149845156401369,-0.010149845156401369,-0.010149845156401369,-0.010149845156401369,-0.010149845156401369,0.014103212734152151,0.014103212734152151,0.014103212734152151,0.014103212734152151,0.014103212734152151,0.014103212734152151,0.014103212734152151,0.014103212734152151,0.014103212734152151,0.014103212734152151,0.013860509838347133,0.013928540336813771,0.014004143861458625,0.014089795530145603,0.014028359465399085,0.013935317295077023,0.013848780404110372,0.01376757030266744,0.013690670167981155,0.013617193875086349,-0.28629252158889373,-0.28636140614278643,-0.2864289689103078,-0.2864957818256926,-0.28656237398310824,-0.28662924168350706,-0.2866968571512599,-0.28676567623045485,-0.28683614531494184,-0.28690870772456734,-0.28723155210106666,-0.28723155210106666,-0.28723155210106666,-0.28723155210106666,-0.28723155210106666,-0.28723155210106666,-0.28723155210106666,-0.28723155210106666,-0.28723155210106666,-0.28723155210106666,-0.3114846099916202,-0.3114846099916202,-0.3114846099916202,-0.3114846099916202,-0.3114846099916202,-0.3114846099916202,-0.3114846099916202,-0.3114846099916202,-0.3114846099916202,-0.3114846099916202,-0.3114846099916202,-0.3114846099916202,-0.3114846099916202,-0.3114846099916202,-0.3114846099916202,-0.3114846099916202,-0.3114846099916202,-0.3114846099916202,-0.3114846099916202,-0.010149845156401369
0.24747474747474751,-0.010149845156401369,-0.010149845156401369,-0.010149845156401369,-0.010149845156401369,-0.010149845156401369,-0.010149845156401369,-0.010149845156401369,-0.010149845156401369,-0.010149845156401369,-0.010149845156401369,-0.010149845156401369,-0.010149845156401369,-0.010149845156401369,-0.010149845156401369,-0.010149845156401369,-0.010149845156401369,-0.010149845156401369,-0.010149845156401369,-0.010149845156401369,-0.010149845156401369,-0.010149845156401369,-0.010149845156401369,-0.010149845156401369,-0.010149845156401369,-0.010149845156401369,-0.010149845156401369,-0.010149845156401369,-0.010149845156401369,-0.010149845156401369,-0.010149845156401369,-0.010149845156401369,-0.010149845156401369,-0.010149845156401369,-0.010149845156401369,-0.010149845156401369,-0.010149845156401369,-0.010149845156401369,-0.010149845156401369,-0.010149845156401369,-0.010149845156401369,0.014103212734152151,0.014103212734152151,0.014103212734152151,0.014103212734152151,0.014103212734152151,0.014103212734152151,0.014103212734152151,0.014103212734152151,0.014103212734152151,0.014103212734152151,0.013801468612402668,0.013863444479883053,0.013930958314371794,0.014005963859644385,0.014090910868452851,0.014029587383321019,0.013936816487565574,0.013850489006035043,0.013769435584311372,0.013692646734952484,-0.2862196403635006,-0.28629043623609857,-0.2863593147980088,-0.2864268996053018,-0.2864937602719237,-0.28656042412986327,-0.28662738619754713,-0.2866951178361081,-0.286764074400025,-0.28683470213367795,-0.28723155210106666,-0.28723155210106666,-0.28723155210106666,-0.28723155210106666,-0.28723155210106666,-0.28723155210106666,-0.28723155210106666,-0.28723155210106666,-0.28723155210106666,-0.28723155210106666,-0.3114846099916202,-0.3114846099916202,-0.3114846099916202,-0.3114846099916202,-0.3114846099916202,-0.3114846099916202,-0.3114846099916202,-0.3114846099916202,-0.3114846099916202,-0.3114846099916202,-0.3114846099916202,-0.3114846099916202,-0.3114846099916202,-0.3114846099916202,-0.3114846099916202,-0.3114846099916202,-0.3114846099916202,-0.3114846099916202,-0.3114846099916202,-0.010149845156401369
0.2575757575757577,-0.010149845156401369,-0.010149845156401369,-0.010149845156401369,-0.010149845156401369,-0.010149845156401369,-0.010149845156401369,-0.010149845156401369,-0.010149845156401369,-0.010149845156401369,-0.010149845156401369,-0.010149845156401369,-0.010149845156401369,-0.010149845156401369,-0.010149845156401369,-0.010149845156401369,-0.010149845156401369,-0.010149845156401369,-0.010149845156401369,-0.010149845156401369,-0.010149845156401369,-0.010149845156401369,-0.010149845156401369,-0.010149845156401369,-0.010149845156401369,-0.010149845156401369,-0.010149845156401369,-0.010149845156401369,-0.010149845156401369,-0.010149845156401369,-0.010149845156401369,-0.010149845156401369,-0.010149845156401369,-0.010149845156401369,-0.010149845156401369,-0.010149845156401369,-0.010149845156401369,-0.010149845156401369,-0.010149845156401369,-0.010149845156401369,-0.010149845156401369,0.014103212734152151,0.014103212734152151,0.014103212734152151,0.014103212734152151,0.014103212734152151,0.014103212734152151,0.014103212734152151,0.014103212734152151,0.014103212734152151,0.014103212734152151,0.013746991371696791,0.013804630460650497,0.013866165371464255,0.013933175622905214,0.0140075961751009,0.01409185181412951,0.014030644356930598,0.01393814589032866,0.013852029172534861,0.013771133906787573,-0.2861444247062637,-0.28621775587675835,-0.2862885132054636,-0.28635738427750135,-0.2864249896899021,-0.28649189675227615,-0.2865586310471118,-0.28662568632063923,-0.28669353307946954,-0.28676262619616943,-0.28723155210106666,-0.28723155210106666,-0.28723155210106666,-0.28723155210106666,-0.28723155210106666,-0.28723155210106666,-0.28723155210106666,-0.28723155210106666,-0.28723155210106666,-0.28723155210106666,-0.3114846099916202,-0.3114846099916202,-0.3114846099916202,-0.3114846099916202,-0.3114846099916202,-0.3114846099916202,-0.3114846099916202,-0.3114846099916202,-0.3114846099916202,-0.3114846099916202,-0.3114846099916202,-0.3114846099916202,-0.3114846099916202,-0.3114846099916202,-0.3114846099916202,-0.3114846099916202,-0.3114846099916202,-0.3114846099916202,-0.3114846099916202,-0.010149845156401369
0.26767676767676774,-0.010149845156401369,-0.010149845156401369,-0.010149845156401369,-0.010149845156401369,-0.010149845156401369,-0.010149845156401369,-0.010149845156401369,-0.010149845156401369,-0.010149845156401369,-0.010149845156401369,-0.010149845156401369,-0.010149845156401369,-0.010149845156401369,-0.010149845156401369,-0.010149845156401369,-0.010149845156401369,-0.010149845156401369,-0.010149845156401369,-0.010149845156401369,-0.010149845156401369,-0.010149845156401369,-0.010149845156401369,-0.010149845156401369,-0.010149845156401369,-0.010149845156401369,-0.010149845156401369,-0.010149845156401369,-0.010149845156401369,-0.010149845156401369,-0.010149845156401369,-0.010149845156401369,-0.010149845156401369,-0.010149845156401369,-0.010149845156401369,-0.010149845156401369,-0.010149845156401369,-0.010149845156401369,-0.010149845156401369,-0.010149845156401369,-0.010149845156401369,0.014103212734152151,0.014103212734152151,0.014103212734152151,0.014103212734152151,0.014103212734152151,0.014103212734152151,0.014103212734152151,0.014103212734152151,0.014103212734152151,0.014103212734152151,0.013695591557605392,0.013750315432201614,0.01380757529112827,0.013868682076486425,0.013935201221556257,0.014009049222794162,0.014092626284843587,0.014031537990845208,0.0139393128534464,0.013853408018092166,-0.28606621042151054,-0.28614277228413804,-0.28621602874399105,-0.2862867461603441,-0.2863556084040063,-0.28642323313445556,-0.2864901853739269,-0.28655698896902554,-0.2866241364049872,-0.28669209734342693,-0.28723155210106666,-0.28723155210106666,-0.28723155210106666,-0.28723155210106666,-0.28723155210106666,-0.28723155210106666,-0.28723155210106666,-0.28723155210106666,-0.28723155210106666,-0.28723155210106666,-0.3114846099916202,-0.3114846099916202,-0.3114846099916202,-0.3114846099916202,-0.3114846099916202,-0.3114846099916202,-0.3114846099916202,-0.3114846099916202,-0.3114846099916202,-0.3114846099916202,-0.3114846099916202,-0.3114846099916202,-0.3114846099916202,-0.3114846099916202,-0.3114846099916202,-0.3114846099916202,-0.3114846099916202,-0.3114846099916202,-0.3114846099916202,-0.010149845156401369
0.2777777777777778,-0.010149845156401369,-0.010149845156401369,-0.010149845156401369,-0.010149845156401369,-0.010149845156401369,-0.010149845156401369,-0.010149845156401369,-0.010149845156401369,-0.010149845156401369,-0.010149845156401369,-0.010149845156401369,-0.010149845156401369,-0.010149845156401369,-0.010149845156401369,-0.010149845156401369,-0.010149845156401369,-0.010149845156401369,-0.010149845156401369,-0.010149845156401369,-0.010149845156401369,-0.010149845156401369,-0.010149845156401369,-0.010149845156401369,-0.010149845156401369,-0.010149845156401369,-0.010149845156401369,-0.010149845156401369,-0.010149845156401369,-0.010149845156401369,-0.010149845156401369,-0.010149845156401369,-0.010149845156401369,-0.010149845156401369,-0.010149845156401369,-0.010149845156401369,-0.010149845156401369,-0.010149845156401369,-0.010149845156401369,-0.010149845156401369,-0.010149845156401369,0.014103212734152151,0.014103212734152151,0.014103212734152151,0.014103212734152151,0.014103212734152151,0.014103212734152151,0.014103212734152151,0.014103212734152151,0.014103212734152151,0.014103212734152151,0.013646004044134255,0.013699023141667986,0.013753419342831535,0.01381031273326742,0.013871003597407597,0.013937043552284121,0.014010330938103369,0.014093241751149859,0.014032275465906973,0.013940324322931167,-0.28598425031737396,-0.28606482569806,-0.2861412722478623,-0.28621445279954144,-0.28628512909569204,-0.2863539813213536,-0.2864216242208937,-0.2864886205470339,-0.28655549242495687,-0.2866227310908938,-0.28723155210106666,-0.28723155210106666,-0.28723155210106666,-0.28723155210106666,-0.28723155210106666,-0.28723155210106666,-0.28723155210106666,-0.28723155210106666,-0.28723155210106666,-0.28723155210106666,-0.3114846099916202,-0.3114846099916202,-0.3114846099916202,-0.3114846099916202,-0.3114846099916202,-0.3114846099916202,-0.3114846099916202,-0.3114846099916202,-0.3114846099916202,-0.3114846099916202,-0.3114846099916202,-0.3114846099916202,-0.3114846099916202,-0.3114846099916202,-0.3114846099916202,-0.3114846099916202,-0.3114846099916202,-0.3114846099916202,-0.3114846099916202,-0.010149845156401369
0.28787878787878796,-0.010149845156401369,-0.010149845156401369,-0.010149845156401369,-0.010149845156401369,-0.010149845156401369,-0.010149845156401369,-0.010149845156401369,-0.010149845156401369,-0.010149845156401369,-0.010149845156401369,-0.010149845156401369,-0.010149845156401369,-0.010149845156401369,-0.010149845156401369,-0.010149845156401369,-0.010149845156401369,-0.010149845156401369,-0.010149845156401369,-0.010149845156401369,-0.010149845156401369,-0.010149845156401369,-0.010149845156401369,-0.010149845156401369,-0.010149845156401369,-0.010149845156401369,-0.010149845156401369,-0.010149845156401369,-0.010149845156401369,-0.010149845156401369,-0.010149845156401369,-0.010149845156401369,-0.010149845156401369,-0.010149845156401369,-0.010149845156401369,-0.010149845156401369,-0.010149845156401369,-0.010149845156401369,-0.010149845156401369,-0.010149845156401369,-0.010149845156401369,0.014103212734152151,0.014103212734152151,0.014103212734152151,0.014103212734152151,0.014103212734152151,0.014103212734152151,0.014103212734152151,0.014103212734152151,0.014103212734152151,0.014103212734152151,0.013597117777896055,0.013649495784900477,0.013702231460431594,0.01375631281879772,0.013812851849528254,0.013873138416187933,0.01393871057642581,0.014011448810147657,0.014093705267112929,0.014032863567827195,-0.2858976957204889,-0.2859831742902181,-0.28606358833116907,-0.28613991859150806,-0.2862130221989441,-0.2862836563169175,-0.28635249747412483,-0.2864201575231127,-0.28648719696575387,-0.28655413622102704,-0.28723155210106666,-0.28723155210106666,-0.28723155210106666,-0.28723155210106666,-0.28723155210106666,-0.28723155210106666,-0.28723155210106666,-0.28723155210106666,-0.28723155210106666,-0.28723155210106666,-0.3114846099916202,-0.3114846099916202,-0.3114846099916202,-0.3114846099916202,-0.3114846099916202,-0.3114846099916202,-0.3114846099916202,-0.3114846099916202,-0.3114846099916202,-0.3114846099916202,-0.3114846099916202,-0.3114846099916202,-0.3114846099916202,-0.3114846099916202,-0.3114846099916202,-0.3114846099916202,-0.3114846099916202,-0.3114846099916202,-0.3114846099916202,-0.010149845156401369
0.297979797979798,-0.010149845156401369,-0.010149845156401369,-0.010149845156401369,-0.010149845156401369,-0.010149845156401369,-0.010149845156401369,-0.010149845156401369,-0.010149845156401369,-0.010149845156401369,-0.010149845156401369,-0.010149845156401369,-0.010149845156401369,-0.010149845156401369,-0.010149845156401369,-0.010149845156401369,-0.010149845156401369,-0.010149845156401369,-0.010149845156401369,-0.010149845156401369,-0.010149845156401369,-0.010149845156401369,-0.010149845156401369,-0.010149845156401369,-0.010149845156401369,-0.010149845156401369,-0.010149845156401369,-0.010149845156401369,-0.010149845156401369,-0.010149845156401369,-0.010149845156401369,-0.010149845156401369,-0.010149845156401369,-0.010149845156401369,-0.010149845156401369,-0.010149845156401369,-0.010149845156401369,-0.010149845156401369,-0.010149845156401369,-0.010149845156401369,-0.010149845156401369,0.014103212734152151,0.014103212734152151,0.014103212734152151,0.014103212734152151,0.014103212734152151,0.014103212734152151,0.014103212734152151,0.014103212734152151,0.014103212734152151,0.014103212734152151,0.013547923179410953,0.013600627321599855,0.013652761071018829,0.013705226335021787,0.013759005000125573,0.013815201176532965,0.013875094531248041,0.013940209808172694,0.014012409912351148,0.014094023498431111,-0.285805573874672,-0.2858969758837581,-0.28598224045873905,-0.2860624924648741,-0.2861387056209428,-0.2862117313985722,-0.28628232242035934,-0.2863511515888575,-0.2864188278888306,-0.28648590959068354,-0.28723155210106666,-0.28723155210106666,-0.28723155210106666,-0.28723155210106666,-0.28723155210106666,-0.28723155210106666,-0.28723155210106666,-0.28723155210106666,-0.28723155210106666,-0.28723155210106666,-0.3114846099916202,-0.3114846099916202,-0.3114846099916202,-0.3114846099916202,-0.3114846099916202,-0.3114846099916202,-0.3114846099916202,-0.3114846099916202,-0.3114846099916202,-0.3114846099916202,-0.3114846099916202,-0.3114846099916202,-0.3114846099916202,-0.3114846099916202,-0.3114846099916202,-0.3114846099916202,-0.3114846099916202,-0.3114846099916202,-0.3114846099916202,-0.010149845156401369
0.3080808080808082,0.003607550217902187,0.003607550217902187,0.003607550217902187,0.003607550217902187,0.003607550217902187,0.003607550217902187,0.003607550217902187,0.003607550217902187,0.003607550217902187,0.003607550217902187,0.003607550217902187,0.003607550217902187,0.003607550217902187,0.003607550217902187,0.003607550217902187,0.003607550217902187,0.003607550217902187,0.003607550217902187,0.003607550217902187,0.003607550217902187,0.003607550217902187,0.003607550217902187,0.003607550217902187,0.003607550217902187,0.003607550217902187,0.003607550217902187,0.003607550217902187,0.003607550217902187,0.003607550217902187,0.003607550217902187,0.003607550217902187,0.003607550217902187,0.003607550217902187,0.003607550217902187,0.003607550217902187,0.003607550217902187,0.003607550217902187,0.003607550217902187,0.003607550217902187,0.003607550217902187,0.003607550217902187,0.003607550217902187,0.003607550217902187,0.003607550217902187,0.003607550217902187,0.003607550217902187,0.003607550217902187,0.003607550217902187,0.003607550217902187,0.003607550217902187,0.00436537739105908,0.004419319327092064,0.004471815068088678,0.004523717842071312,0.004575924993296574,0.004629412485953476,0.004685276754877796,0.00474478748353864,0.004809456337509901,0.0048811289227572,0.00496211074054316,0.004901524967609008,0.004810397712657802,0.004725347471715729,0.004645258033911203,0.004569162646266587,0.004496215443614848,0.00442566830521688,0.004356851923787657,0.004289160157647638,0.0049746365913177345,0.0049746365913177345,0.0049746365913177345,0.0049746365913177345,0.0049746365913177345,0.0049746365913177345,0.0049746365913177345,0.0049746365913177345,0.0049746365913177345,-0.015781891433274024,0.0049746365913177345,0.0049746365913177345,0.0049746365913177345,0.0049746365913177345,0.0049746365913177345,0.0049746365913177345,0.0049746365913177345,0.0049746365913177345,0.0049746365913177345,0.0049746365913177345,0.0049746365913177345,0.0049746365913177345,0.0049746365913177345,0.0049746365913177345,0.0049746365913177345,0.0049746365913177345,0.0049746365913177345,0.0049746365913177345,0.0049746365913177345,0.003607550217902187
0.31818181818181823,0.003607550217902187,0.003607550217902187,0.003607550217902187,0.003607550217902187,0.003607550217902187,0.003607550217902187,0.003607550217902187,0.003607550217902187,0.003607550217902187,0.003607550217902187,0.003607550217902187,0.003607550217902187,0.003607550217902187,0.003607550217902187,0.003607550217902187,0.003607550217902187,0.003607550217902187,0.003607550217902187,0.003607550217902187,0.003607550217902187,0.003607550217902187,0.003607550217902187,0.003607550217902187,0.003607550217902187,0.003607550217902187,0.003607550217902187,0.003607550217902187,0.003607550217902187,0.003607550217902187,0.003607550217902187,0.003607550217902187,0.003607550217902187,0.003607550217902187,0.003607550217902187,0.003607550217902187,0.003607550217902187,0.003607550217902187,0.003607550217902187,0.003607550217902187,0.003607550217902187,0.003607550217902187,0.003607550217902187,0.003607550217902187,0.003607550217902187,0.003607550217902187,0.003607550217902187,0.003607550217902187,0.003607550217902187,0.003607550217902187,0.003607550217902187,0.004312735852934605,0.004368806581732949,0.004422574153687446,0.004474875126743008,0.004526559462995684,0.004578520144047929,0.004631727403918421,0.004687270194501446,0.004746408418548505,0.004810640889405565,0.004881796180847087,0.004962156973447933,0.004901702095750646,0.0048108494868914845,0.004726013758798943,0.004646087272666675,0.004570110177260172,0.0044972421637085435,0.0044267395735694565,0.004357936663365578,0.0049746365913177345,0.0049746365913177345,0.0049746365913177345,0.0049746365913177345,0.0049746365913177345,0.0049746365913177345,0.0049746365913177345,0.0049746365913177345,-0.015781891433274024,-0.015781891433274024,0.0049746365913177345,0.0049746365913177345,0.0049746365913177345,0.0049746365913177345,0.0049746365913177345,0.0049746365913177345,0.0049746365913177345,0.0049746365913177345,0.0049746365913177345,0.0049746365913177345,0.0049746365913177345,0.0049746365913177345,0.0049746365913177345,0.0049746365913177345,0.0049746365913177345,0.0049746365913177345,0.0049746365913177345,0.0049746365913177345,0.00026864821678618966,0.003607550217902187
0.3282828282828284,0.003607550217902187,0.003607550217902187,0.003607550217902187,0.003607550217902187,0.003607550217902187,0.003607550217902187,0.003607550217902187,0.003607550217902187,0.003607550217902187,0.003607550217902187,0.003607550217902187,0.003607550217902187,0.003607550217902187,0.003607550217902187,0.003607550217902187,0.003607550217902187,0.003607550217902187,0.003607550217902187,0.003607550217902187,0.003607550217902187,0.003607550217902187,0.003607550217902187,0.003607550217902187,0.003607550217902187,0.003607550217902187,0.003607550217902187,0.003607550217902187,0.003607550217902187,0.003607550217902187,0.003607550217902187,0.003607550217902187,0.003607550217902187,0.003607550217902187,0.003607550217902187,0.003607550217902187,0.003607550217902187,0.003607550217902187,0.003607550217902187,0.003607550217902187,0.003607550217902187,0.003607550217902187,0.003607550217902187,0.003607550217902187,0.003607550217902187,0.003607550217902187,0.003607550217902187,0.003607550217902187,0.003607550217902187,0.003607550217902187,0.003607550217902187,0.0042569673667457635,0.004316068755526493,0.004371998648138933,0.004425605912188132,0.0044777249713775025,0.004529202722102075,0.004580927969854445,0.00463386539870163,0.004689096659627762,0.0047478720682247785,0.004811677803188978,0.004882325664774381,0.0049620758371259005,0.004901753538760408,0.004811175309621982,0.004726554124310087,0.0046467908335269675,0.004570932423358163,0.00449814409062189,0.004427686599124821,0.0049746365913177345,0.0049746365913177345,0.0049746365913177345,0.0049746365913177345,0.0049746365913177345,0.0049746365913177345,0.0049746365913177345,-0.015781891433274024,-0.015781891433274024,-0.015781891433274024,0.0049746365913177345,0.0049746365913177345,0.0049746365913177345,0.0049746365913177345,0.0049746365913177345,0.0049746365913177345,0.0049746365913177345,0.0049746365913177345,0.0049746365913177345,0.0049746365913177345,0.0049746365913177345,0.0049746365913177345,0.0049746365913177345,0.0049746365913177345,0.0049746365913177345,0.0049746365913177345,0.0049746365913177345,0.00026864821678618966,0.00026864821678618966,0.003607550217902187
0.33838383838383845,0.003607550217902187,0.003607550217902187,0.003607550217902187,0.003607550217902187,0.003607550217902187,0.003607550217902187,0.003607550217902187,0.003607550217902187,0.003607550217902187,0.003607550217902187,0.003607550217902187,0.003607550217902187,0.003607550217902187,0.003607550217902187,0.003607550217902187,0.003607550217902187,0.003607550217902187,0.003607550217902187,0.003607550217902187,0.003607550217902187,0.003607550217902187,0.003607550217902187,0.003607550217902187,0.003607550217902187,0.003607550217902187,0.003607550217902187,0.003607550217902187,0.003607550217902187,0.003607550217902187,0.003607550217902187,0.003607550217902187,0.003607550217902187,0.003607550217902187,0.003607550217902187,0.003607550217902187,0.003607550217902187,0.003607550217902187,0.003607550217902187,0.003607550217902187,0.003607550217902187,0.003607550217902187,0.003607550217902187,0.003607550217902187,0.003607550217902187,0.003607550217902187,0.003607550217902187,0.003607550217902187,0.003607550217902187,0.003607550217902187,0.003607550217902187,0.004197090578068393,0.004260165643662256,0.004319160434736254,0.004374964038178725,0.004428424234606696,0.00448037351732698,0.004531655902645698,0.0045831561940406565,0.004635833695129338,0.004690762928629837,0.0047491848081145415,0.004812573087396108,0.004882723044268929,0.004961872682796912,0.004901684462648644,0.004811380200326118,0.0047269734495403,0.004647373467819172,0.004571634013878904,0.00449892573926521,0.0049746365913177345,0.0049746365913177345,0.0049746365913177345,0.0049746365913177345,0.0049746365913177345,0.0049746365913177345,-0.015781891433274024,-0.015781891433274024,-0.015781891433274024,-0.015781891433274024,0.0049746365913177345,0.0049746365913177345,0.0049746365913177345,0.0049746365913177345,0.0049746365913177345,0.0049746365913177345,0.0049746365913177345,0.0049746365913177345,0.0049746365913177345,0.0049746365913177345,0.0049746365913177345,0.0049746365913177345,0.0049746365913177345,0.0049746365913177345,0.0049746365913177345,0.0049746365913177345,0.00026864821678618966,0.00026864821678618966,0.00026864821678618966,0.003607550217902187
0.3484848484848485,0.003607550217902187,0.003607550217902187,0.003607550217902187,0.003607550217902187,0.003607550217902187,0.003607550217902187,0.003607550217902187,0.003607550217902187,0.003607550217902187,0.003607550217902187,0.003607550217902187,0.003607550217902187,0.003607550217902187,0.003607550217902187,0.003607550217902187,0.003607550217902187,0.003607550217902187,0.003607550217902187,0.003607550217902187,0.003607550217902187,0.003607550217902187,0.003607550217902187,0.003607550217902187,0.003607550217902187,0.003607550217902187,0.003607550217902187,0.003607550217902187,0.003607550217902187,0.003607550217902187,0.003607550217902187,0.003607550217902187,0.003607550217902187,0.003607550217902187,0.003607550217902187,0.003607550217902187,0.003607550217902187,0.003607550217902187,0.003607550217902187,0.003607550217902187,0.003607550217902187,0.003607550217902187,0.003607550217902187,0.003607550217902187,0.003607550217902187,0.003607550217902187,0.003607550217902187,0.003607550217902187,0.003607550217902187,0.003607550217902187,0.003607550217902187,0.004132049782934708,0.004200113625478252,0.004263118247553346,0.004322021545898725,0.004377712552615637,0.004431038172077519,0.004482829155632241,0.004533926812066044,0.004585212105788846,0.004637639119822138,0.004692275412767026,0.004750352673645661,0.004813332433973547,0.004882993693080041,0.004961552583866394,0.00490149976847363,0.004811468924395546,0.004727276371562981,0.00464783969161666,0.0045722193510351,0.0049746365913177345,0.0049746365913177345,0.0049746365913177345,0.0049746365913177345,0.0049746365913177345,-0.015781891433274024,-0.015781891433274024,-0.015781891433274024,-0.015781891433274024,-0.015781891433274024,0.0049746365913177345,0.0049746365913177345,0.0049746365913177345,0.0049746365913177345,0.0049746365913177345,0.0049746365913177345,0.0049746365913177345,0.0049746365913177345,0.0049746365913177345,0.0049746365913177345,0.0049746365913177345,0.0049746365913177345,0.0049746365913177345,0.0049746365913177345,0.0049746365913177345,0.00026864821678618966,0.00026864821678618966,0.00026864821678618966,0.00026864821678618966,0.003607550217902187
0.3585858585858587,0.003607550217902187,0.003607550217902187,0.003607550217902187,0.003607550217902187,0.003607550217902187,0.003607550217902187,0.003607550217902187,0.003607550217902187,0.003607550217902187,0.003607550217902187,0.003607550217902187,0.003607550217902187,0.003607550217902187,0.003607550217902187,0.003607550217902187,0.003607550217902187,0.003607550217902187,0.003607550217902187,0.003607550217902187,0.003607550217902187,0.003607550217902187,0.003607550217902187,0.003607550217902187,0.003607550217902187,0.003607550217902187,0.003607550217902187,0.003607550217902187,0.003607550217902187,0.003607550217902187,0.003607550217902187,0.003607550217902187,0.003607550217902187,0.003607550217902187,0.003607550217902187,0.003607550217902187,0.003607550217902187,0.003607550217902187,0.003607550217902187,0.003607550217902187,0.003607550217902187,0.003607550217902187,0.003607550217902187,0.003607550217902187,0.003607550217902187,0.003607550217902187,0.003607550217902187,0.003607550217902187,0.003607550217902187,0.003607550217902187,0.003607550217902187,0.00406068017050073,0.0041348534210110454,0.004202886150890455,0.004265836061467235,0.0043246620768055,0.0043802533948960895,0.004433456238340451,0.00448509979124362,0.004536022815778953,0.004587102590228676,0.004639288128172491,0.004693640180537997,0.004751381382260686,0.004813961238531107,0.004883142707630025,0.0049611203532159125,0.004901204108633883,0.0048114460085834955,0.004727467297926466,0.004648193799758538,0.0049746365913177345,0.0049746365913177345,0.0049746365913177345,0.0049746365913177345,-0.015781891433274024,-0.015781891433274024,-0.015781891433274024,-0.015781891433274024,-0.015781891433274024,-0.015781891433274024,0.0049746365913177345,0.0049746365913177345,0.0049746365913177345,0.0049746365913177345,0.0049746365913177345,0.0049746365913177345,0.0049746365913177345,0.0049746365913177345,0.0049746365913177345,0.0049746365913177345,0.0049746365913177345,0.0049746365913177345,0.0049746365913177345,0.0049746365913177345,0.00026864821678618966,0.00026864821678618966,0.00026864821678618966,0.00026864821678618966,0.00026864821678618966,0.003607550217902187
0.36868686868686873,0.003607550217902187,0.003607550217902187,0.003607550217902187,0.003607550217902187,0.003607550217902187,0.003607550217902187,0.003607550217902187,0.003607550217902187,0.003607550217902187,0.003607550217902187,0.003607550217902187,0.003607550217902187,0.003607550217902187,0.003607550217902187,0.003607550217902187,0.003607550217902187,0.003607550217902187,0.003607550217902187,0.003607550217902187,0.003607550217902187,0.003607550217902187,0.003607550217902187,0.003607550217902187,0.003607550217902187,0.003607550217902187,0.003607550217902187,0.003607550217902187,0.003607550217902187,0.003607550217902187,0.003607550217902187,0.003607550217902187,0.003607550217902187,0.003607550217902187,0.003607550217902187,0.003607550217902187,0.003607550217902187,0.003607550217902187,0.003607550217902187,0.003607550217902187,0.003607550217902187,0.003607550217902187,0.003607550217902187,0.003607550217902187,0.003607550217902187,0.003607550217902187,0.003607550217902187,0.003607550217902187,0.003607550217902187,0.003607550217902187,0.003607550217902187,0.003981668413915054,0.004063215200882051,0.0041374012353453445,0.004205419285374457,0.004268329278486122,0.004327091399702679,0.004382595216368732,0.004435686449316182,0.004487192877879421,0.0045379508680829525,0.004588834156022679,0.004640786829128651,0.004694862980095984,0.0047522763538241815,0.004814464619042682,0.004883174924260964,0.004960580559207335,0.004900801901962363,0.004811315755327591,0.004727550420287967,0.0049746365913177345,0.0049746365913177345,0.0049746365913177345,-0.015781891433274024,-0.015781891433274024,-0.015781891433274024,-0.015781891433274024,-0.015781891433274024,-0.015781891433274024,-0.015781891433274024,0.0049746365913177345,0.0049746365913177345,0.0049746365913177345,0.0049746365913177345,0.0049746365913177345,0.0049746365913177345,0.0049746365913177345,0.0049746365913177345,0.0049746365913177345,0.0049746365913177345,0.0049746365913177345,0.0049746365913177345,0.0049746365913177345,0.00026864821678618966,0.00026864821678618966,0.00026864821678618966,0.00026864821678618966,0.00026864821678618966,0.00026864821678618966,0.003607550217902187
0.3787878787878789,0.003607550217902187,0.003607550217902187,0.003607550217902187,0.003607550217902187,0.003607550217902187,0.003607550217902187,0.003607550217902187,0.003607550217902187,0.003607550217902187,0.003607550217902187,0.003607550217902187,0.003607550217902187,0.003607550217902187,0.003607550217902187,0.003607550217902187,0.003607550217902187,0.003607550217902187,0.003607550217902187,0.003607550217902187,0.003607550217902187,0.003607550217902187,0.003607550217902187,0.003607550217902187,0.003607550217902187,0.003607550217902187,0.003607550217902187,0.003607550217902187,0.003607550217902187,0.003607550217902187,0.003607550217902187,0.003607550217902187,0.003607550217902187,0.003607550217902187,0.003607550217902187,0.003607550217902187,0.003607550217902187,0.003607550217902187,0.003607550217902187,0.003607550217902187,0.003607550217902187,0.003607550217902187,0.003607550217902187,0.003607550217902187,0.003607550217902187,0.003607550217902187,0.003607550217902187,0.003607550217902187,0.003607550217902187,0.003607550217902187,0.003607550217902187,0.0038935061841137777,0.0039838789606733,0.004065488592037845,0.004139704625380689,0.004207723445559634,0.0042706074561123285,0.004329318318429262,0.004384746157392818,0.004437736359179821,0.00448911544988245,0.004539717540470943,0.004590412960688956,0.004642141007991495,0.004695949259904684,0.004753042729459296,0.004814847433132803,0.004883094935197256,0.004959937540511115,0.00490029734772428,0.004811082256043164,0.0049746365913177345,0.0049746365913177345,-0.015781891433274024,-0.015781891433274024,-0.015781891433274024,-0.015781891433274024,-0.015781891433274024,-0.015781891433274024,-0.015781891433274024,-0.015781891433274024,0.0049746365913177345,0.0049746365913177345,0.0049746365913177345,0.0049746365913177345,0.0049746365913177345,0.0049746365913177345,0.0049746365913177345,0.0049746365913177345,0.0049746365913177345,0.0049746365913177345,0.0049746365913177345,0.0049746365913177345,0.00026864821678618966,0.00026864821678618966,0.00026864821678618966,0.00026864821678618966,0.00026864821678618966,0.00026864821678618966,0.00026864821678618966,0.003607550217902187
0.38888888888888895,0.003607550217902187,0.003607550217902187,0.003607550217902187,0.003607550217902187,0.003607550217902187,0.003607550217902187,0.003607550217902187,0.003607550217902187,0.003607550217902187,0.003607550217902187,0.003607550217902187,0.003607550217902187,0.003607550217902187,0.003607550217902187,0.003607550217902187,0.003607550217902187,0.003607550217902187,0.003607550217902187,0.003607550217902187,0.003607550217902187,0.003607550217902187,0.003607550217902187,0.003607550217902187,0.003607550217902187,0.003607550217902187,0.003607550217902187,0.003607550217902187,0.003607550217902187,0.003607550217902187,0.003607550217902187,0.003607550217902187,0.003607550217902187,0.003607550217902187,0.003607550217902187,0.003607550217902187,0.003607550217902187,0.003607550217902187,0.003607550217902187,0.003607550217902187,0.003607550217902187,0.003607550217902187,0.003607550217902187,0.003607550217902187,0.003607550217902187,0.003607550217902187,0.003607550217902187,0.003607550217902187,0.003607550217902187,0.003607550217902187,0.003607550217902187,0.003794433576443257,0.0038953277178987618,0.003985821467153189,0.004067512032184262,0.004141774249547696,0.004209808390627463,0.004272679565512854,0.004331351111220993,0.004386713884768131,0.0044396130932914165,0.004490874151370776,0.004541329047596244,0.004591844833876052,0.0046433561474086785,0.00469690418779458,0.0047536853889533414,0.004815114294072511,0.004882907103334401,0.004959195419858473,0.004899694438610424,0.0049746365913177345,-0.015781891433274024,-0.015781891433274024,-0.015781891433274024,-0.015781891433274024,-0.015781891433274024,-0.015781891433274024,-0.015781891433274024,-0.015781891433274024,-0.015781891433274024,0.0049746365913177345,0.0049746365913177345,0.0049746365913177345,0.0049746365913177345,0.0049746365913177345,0.0049746365913177345,0.0049746365913177345,0.0049746365913177345,0.0049746365913177345,0.0049746365913177345,0.0049746365913177345,0.00026864821678618966,0.00026864821678618966,0.00026864821678618966,0.00026864821678618966,0.00026864821678618966,0.00026864821678618966,0.00026864821678618966,0.00026864821678618966,0.003607550217902187
0.3989898989898991,0.003607550217902187,0.003607550217902187,0.003607550217902187,0.003607550217902187,0.003607550217902187,0.003607550217902187,0.003607550217902187,0.003607550217902187,0.003607550217902187,0.003607550217902187,0.003607550217902187,0.003607550217902187,0.003607550217902187,0.003607550217902187,0.003607550217902187,0.003607550217902187,0.003607550217902187,0.003607550217902187,0.003607550217902187,0.003607550217902187,0.003607550217902187,0.003607550217902187,0.003607550217902187,0.003607550217902187,0.003607550217902187,0.003607550217902187,0.003607550217902187,0.003607550217902187,0.003607550217902187,0.003607550217902187,0.003607550217902187,0.003607550217902187,0.003607550217902187,0.003607550217902187,0.003607550217902187,0.003607550217902187,0.003607550217902187,0.003607550217902187,0.003607550217902187,0.003607550217902187,0.003607550217902187,0.003607550217902187,0.003607550217902187,0.003607550217902187,0.003607550217902187,0.003607550217902187,0.003607550217902187,0.003607550217902187,0.003607550217902187,0.003607550217902187,0.0036823685406366744,0.003795790494953321,0.003896874137975384,0.003987507930769356,0.004069296439793397,0.004143620085087501,0.00421168327385363,0.004274554036183659,0.004333197569640541,0.004388505625867437,0.004441323378300552,0.00449247526295004,0.004542791271119211,0.004593135298781849,0.004644437446731202,0.004697732668563036,0.004754208966858146,0.004815269585595903,0.004882615575953737,0.004958358116807595,-0.015781891433274024,-0.015781891433274024,-0.015781891433274024,-0.015781891433274024,-0.015781891433274024,-0.015781891433274024,-0.015781891433274024,-0.015781891433274024,-0.015781891433274024,-0.015781891433274024,0.0049746365913177345,0.0049746365913177345,0.0049746365913177345,0.0049746365913177345,0.0049746365913177345,0.0049746365913177345,0.0049746365913177345,0.0049746365913177345,0.0049746365913177345,0.0049746365913177345,0.00026864821678618966,0.00026864821678618966,0.00026864821678618966,0.00026864821678618966,0.00026864821678618966,0.00026864821678618966,0.00026864821678618966,0.00026864821678618966,0.00026864821678618966,0.003607550217902187
0.40909090909090917,0.003607550217902187,0.003607550217902187,0.003607550217902187,0.003607550217902187,0.003607550217902187,0.003607550217902187,0.003607550217902187,0.003607550217902187,0.003607550217902187,0.003607550217902187,0.003607550217902187,0.003607550217902187,0.003607550217902187,0.003607550217902187,0.003607550217902187,0.003607550217902187,0.003607550217902187,0.003607550217902187,0.003607550217902187,0.003607550217902187,0.003607550217902187,0.003607550217902187,0.003607550217902187,0.003607550217902187,0.003607550217902187,0.003607550217902187,0.003607550217902187,0.003607550217902187,0.003607550217902187,0.003607550217902187,0.003607550217902187,0.003607550217902187,0.003607550217902187,0.003607550217902187,0.003607550217902187,0.003607550217902187,0.003607550217902187,0.003607550217902187,0.003607550217902187,0.003607550217902187,0.003607550217902187,0.003607550217902187,0.003607550217902187,0.003607550217902187,0.003607550217902187,0.003607550217902187,0.003607550217902187,0.003607550217902187,0.003607550217902187,0.003607550217902187,0.003607550217902187,0.003607550217902187,0.003607550217902187,0.003607550217902187,0.003607550217902187,0.003607550217902187,0.003607550217902187,0.003607550217902187,0.003607550217902187,0.003607550217902187,0.0049746365913177345,0.0049746365913177345,0.0049746365913177345,0.0049746365913177345,0.0049746365913177345,0.0049746365913177345,0.0049746365913177345,0.0049746365913177345,0.0049746365913177345,-0.015781891433274024,-0.015781891433274024,-0.015781891433274024,-0.015781891433274024,-0.015781891433274024,-0.015781891433274024,-0.015781891433274024,-0.015781891433274024,-0.015781891433274024,-0.015781891433274024,-0.015781891433274024,0.0049746365913177345,0.0049746365913177345,0.0049746365913177345,0.0049746365913177345,0.0049746365913177345,0.0049746365913177345,0.0049746365913177345,0.0049746365913177345,0.0049746365913177345,0.00026864821678618966,0.00026864821678618966,0.00026864821678618966,0.00026864821678618966,0.00026864821678618966,0.00026864821678618966,0.00026864821678618966,0.00026864821678618966,0.00026864821678618966,0.00026864821678618966,0.003607550217902187
0.4191919191919192,0.003607550217902187,0.003607550217902187,0.003607550217902187,0.003607550217902187,0.003607550217902187,0.003607550217902187,0.003607550217902187,0.003607550217902187,0.003607550217902187,0.003607550217902187,0.003607550217902187,0.003607550217902187,0.003607550217902187,0.003607550217902187,0.003607550217902187,0.003607550217902187,0.003607550217902187,0.003607550217902187,0.003607550217902187,0.003607550217902187,0.003607550217902187,0.003607550217902187,0.003607550217902187,0.003607550217902187,0.003607550217902187,0.003607550217902187,0.003607550217902187,0.003607550217902187,0.003607550217902187,0.003607550217902187,0.003607550217902187,0.003607550217902187,0.003607550217902187,0.003607550217902187,0.003607550217902187,0.003607550217902187,0.003607550217902187,0.003607550217902187,0.003607550217902187,0.003607550217902187,0.003607550217902187,0.003607550217902187,0.003607550217902187,0.003607550217902187,0.003607550217902187,0.003607550217902187,0.003607550217902187,0.003607550217902187,0.003607550217902187,0.003607550217902187,0.003607550217902187,0.003607550217902187,0.003607550217902187,0.003607550217902187,0.003607550217902187,0.003607550217902187,0.003607550217902187,0.003607550217902187,0.003607550217902187,0.003607550217902187,0.0049746365913177345,0.0049746365913177345,0.0049746365913177345,0.0049746365913177345,0.0049746365913177345,0.0049746365913177345,0.0049746365913177345,0.0049746365913177345,-0.015781891433274024,-0.015781891433274024,-0.015781891433274024,-0.015781891433274024,-0.015781891433274024,-0.015781891433274024,-0.015781891433274024,-0.015781891433274024,-0.015781891433274024,-0.015781891433274024,-0.015781891433274024,-0.015781891433274024,0.0049746365913177345,0.0049746365913177345,0.0049746365913177345,0.0049746365913177345,0.0049746365913177345,0.0049746365913177345,0.0049746365913177345,0.0049746365913177345,0.00026864821678618966,0.00026864821678618966,0.00026864821678618966,0.00026864821678618966,0.00026864821678618966,0.00026864821678618966,0.00026864821678618966,0.00026864821678618966,0.00026864821678618966,0.00026864821678618966,0.00026864821678618966,0.003607550217902187
0.4292929292929294,0.003607550217902187,0.003607550217902187,0.003607550217902187,0.003607550217902187,0.003607550217902187,0.003607550217902187,0.003607550217902187,0.003607550217902187,0.003607550217902187,0.003607550217902187,0.003607550217902187,0.003607550217902187,0.003607550217902187,0.003607550217902187,0.003607550217902187,0.003607550217902187,0.003607550217902187,0.003607550217902187,0.003607550217902187,0.003607550217902187,0.003607550217902187,0.003607550217902187,0.003607550217902187,0.003607550217902187,0.003607550217902187,0.003607550217902187,0.003607550217902187,0.003607550217902187,0.003607550217902187,0.003607550217902187,0.003607550217902187,0.003607550217902187,0.003607550217902187,0.003607550217902187,0.003607550217902187,0.003607550217902187,0.003607550217902187,0.003607550217902187,0.003607550217902187,0.003607550217902187,0.003607550217902187,0.003607550217902187,0.003607550217902187,0.003607550217902187,0.003607550217902187,0.003607550217902187,0.003607550217902187,0.003607550217902187,0.003607550217902187,0.003607550217902187,0.003607550217902187,0.003607550217902187,0.003607550217902187,0.003607550217902187,0.003607550217902187,0.003607550217902187,0.003607550217902187,0.003607550217902187,0.003607550217902187,0.003607550217902187,0.0049746365913177345,0.0049746365913177345,0.0049746365913177345,0.0049746365913177345,0.0049746365913177345,0.0049746365913177345,0.0049746365913177345,-0.015781891433274024,-0.015781891433274024,-0.015781891433274024,-0.015781891433274024,-0.015781891433274024,-0.015781891433274024,-0.015781891433274024,-0.015781891433274024,-0.015781891433274024,-0.015781891433274024,-0.015781891433274024,-0.015781891433274024,-0.015781891433274024,0.0049746365913177345,0.0049746365913177345,0.0049746365913177345,0.0049746365913177345,0.0049746365913177345,0.0049746365913177345,0.0049746365913177345,0.00026864821678618966,0.00026864821678618966,0.00026864821678618966,0.00026864821678618966,0.00026864821678618966,0.00026864821678618966,0.00026864821678618966,0.00026864821678618966,0.00026864821678618966,0.00026864821678618966,0.00026864821678618966,0.00026864821678618966,0.003607550217902187
0.43939393939393945,0.003607550217902187,0.003607550217902187,0.003607550217902187,0.003607550217902187,0.003607550217902187,0.003607550217902187,0.003607550217902187,0.003607550217902187,0.003607550217902187,0.003607550217902187,0.003607550217902187,0.003607550217902187,0.003607550217902187,0.003607550217902187,0.003607550217902187,0.003607550217902187,0.003607550217902187,0.003607550217902187,0.003607550217902187,0.003607550217902187,0.003607550217902187,0.003607550217902187,0.003607550217902187,0.003607550217902187,0.003607550217902187,0.003607550217902187,0.003607550217902187,0.003607550217902187,0.003607550217902187,0.003607550217902187,0.003607550217902187,0.003607550217902187,0.003607550217902187,0.003607550217902187,0.003607550217902187,0.003607550217902187,0.003607550217902187,0.003607550217902187,0.003607550217902187,0.003607550217902187,0.003607550217902187,0.003607550217902187,0.003607550217902187,0.003607550217902187,0.003607550217902187,0.003607550217902187,0.003607550217902187,0.003607550217902187,0.003607550217902187,0.003607550217902187,0.003607550217902187,0.003607550217902187,0.003607550217902187,0.003607550217902187,0.003607550217902187,0.003607550217902187,0.003607550217902187,0.003607550217902187,0.003607550217902187,0.003607550217902187,0.0049746365913177345,0.0049746365913177345,0.0049746365913177345,0.0049746365913177345,0.0049746365913177345,0.0049746365913177345,-0.015781891433274024,-0.015781891433274024,-0.015781891433274024,-0.015781891433274024,-0.015781891433274024,-0.015781891433274024,-0.015781891433274024,-0.015781891433274024,-0.015781891433274024,-0.015781891433274024,-0.015781891433274024,-0.015781891433274024,-0.015781891433274024,-0.015781891433274024,0.0049746365913177345,0.0049746365913177345,0.0049746365913177345,0.0049746365913177345,0.0049746365913177345,0.0049746365913177345,0.00026864821678618966,0.00026864821678618966,0.00026864821678618966,0.00026864821678618966,0.00026864821678618966,0.00026864821678618966,0.00026864821678618966,0.00026864821678618966,0.00026864821678618966,0.00026864821678618966,0.00026864821678618966,0.00026864821678618966,0.00026864821678618966,0.003607550217902187
0.4494949494949496,0.003607550217902187,0.003607550217902187,0.003607550217902187,0.003607550217902187,0.003607550217902187,0.003607550217902187,0.003607550217902187,0.003607550217902187,0.003607550217902187,0.003607550217902187,0.003607550217902187,0.003607550217902187,0.003607550217902187,0.003607550217902187,0.003607550217902187,0.003607550217902187,0.003607550217902187,0.003607550217902187,0.003607550217902187,0.003607550217902187,0.003607550217902187,0.003607550217902187,0.003607550217902187,0.003607550217902187,0.003607550217902187,0.003607550217902187,0.003607550217902187,0.003607550217902187,0.003607550217902187,0.003607550217902187,0.003607550217902187,0.003607550217902187,0.003607550217902187,0.003607550217902187,0.003607550217902187,0.003607550217902187,0.003607550217902187,0.003607550217902187,0.003607550217902187,0.003607550217902187,0.003607550217902187,0.003607550217902187,0.003607550217902187,0.003607550217902187,0.003607550217902187,0.003607550217902187,0.003607550217902187,0.003607550217902187,0.003607550217902187,0.003607550217902187,0.003607550217902187,0.003607550217902187,0.003607550217902187,0.003607550217902187,0.003607550217902187,0.003607550217902187,0.003607550217902187,0.003607550217902187,0.003607550217902187,0.003607550217902187,0.0049746365913177345,0.0049746365913177345,0.0049746365913177345,0.0049746365913177345,0.0049746365913177345,-0.015781891433274024,-0.015781891433274024,-0.015781891433274024,-0.015781891433274024,-0.015781891433274024,-0.015781891433274024,-0.015781891433274024,-0.015781891433274024,-0.015781891433274024,-0.015781891433274024,-0.015781891433274024,-0.015781891433274024,-0.015781891433274024,-0.015781891433274024,-0.015781891433274024,0.0049746365913177345,0.0049746365913177345,0.0049746365913177345,0.0049746365913177345,0.0049746365913177345,0.00026864821678618966,0.00026864821678618966,0.00026864821678618966,0.00026864821678618966,0.00026864821678618966,0.00026864821678618966,0.00026864821678618966,0.00026864821678618966,0.00026864821678618966,0.00026864821678618966,0.00026864821678618966,0.00026864821678618966,0.00026864821678618966,0.00026864821678618966,0.003607550217902187
0.45959595959595967,0.003607550217902187,0.003607550217902187,0.003607550217902187,0.003607550217902187,0.003607550217902187,0.003607550217902187,0.003607550217902187,0.003607550217902187,0.003607550217902187,0.003607550217902187,0.003607550217902187,0.003607550217902187,0.003607550217902187,0.003607550217902187,0.003607550217902187,0.003607550217902187,0.003607550217902187,0.003607550217902187,0.003607550217902187,0.003607550217902187,0.003607550217902187,0.003607550217902187,0.003607550217902187,0.003607550217902187,0.003607550217902187,0.003607550217902187,0.003607550217902187,0.003607550217902187,0.003607550217902187,0.003607550217902187,0.003607550217902187,0.003607550217902187,0.003607550217902187,0.003607550217902187,0.003607550217902187,0.003607550217902187,0.003607550217902187,0.003607550217902187,0.003607550217902187,0.003607550217902187,0.003607550217902187,0.003607550217902187,0.003607550217902187,0.003607550217902187,0.003607550217902187,0.003607550217902187,0.003607550217902187,0.003607550217902187,0.003607550217902187,0.003607550217902187,0.003607550217902187,0.003607550217902187,0.003607550217902187,0.003607550217902187,0.003607550217902187,0.003607550217902187,0.003607550217902187,0.003607550217902187,0.003607550217902187,0.003607550217902187,0.0049746365913177345,0.0049746365913177345,0.0049746365913177345,0.0049746365913177345,-0.015781891433274024,-0.015781891433274024,-0.015781891433274024,-0.015781891433274024,-0.015781891433274024,-0.015781891433274024,-0.015781891433274024,-0.015781891433274024,-0.015781891433274024,-0.015781891433274024,-0.015781891433274024,-0.015781891433274024,-0.015781891433274024,-0.015781891433274024,-0.015781891433274024,-0.015781891433274024,0.0049746365913177345,0.0049746365913177345,0.0049746365913177345,0.0049746365913177345,0.00026864821678618966,0.00026864821678618966,0.00026864821678618966,0.00026864821678618966,0.00026864821678618966,0.00026864821678618966,0.00026864821678618966,0.00026864821678618966,0.00026864821678618966,0.00026864821678618966,0.00026864821678618966,0.00026864821678618966,0.00026864821678618966,0.00026864821678618966,0.00026864821678618966,0.003607550217902187
0.4696969696969697,0.003607550217902187,0.003607550217902187,0.003607550217902187,0.003607550217902187,0.003607550217902187,0.003607550217902187,0.003607550217902187,0.003607550217902187,0.003607550217902187,0.003607550217902187,0.003607550217902187,0.003607550217902187,0.003607550217902187,0.003607550217902187,0.003607550217902187,0.003607550217902187,0.003607550217902187,0.003607550217902187,0.003607550217902187,0.003607550217902187,0.003607550217902187,0.003607550217902187,0.003607550217902187,0.003607550217902187,0.003607550217902187,0.003607550217902187,0.003607550217902187,0.003607550217902187,0.003607550217902187,0.003607550217902187,0.003607550217902187,0.003607550217902187,0.003607550217902187,0.003607550217902187,0.003607550217902187,0.003607550217902187,0.003607550217902187,0.003607550217902187,0.003607550217902187,0.003607550217902187,0.003607550217902187,0.003607550217902187,0.003607550217902187,0.003607550217902187,0.003607550217902187,0.003607550217902187,0.003607550217902187,0.003607550217902187,0.003607550217902187,0.003607550217902187,0.003607550217902187,0.003607550217902187,0.003607550217902187,0.003607550217902187,0.003607550217902187,0.003607550217902187,0.003607550217902187,0.003607550217902187,0.003607550217902187,0.003607550217902187,0.0049746365913177345,0.0049746365913177345,0.0049746365913177345,-0.015781891433274024,-0.015781891433274024,-0.015781891433274024,-0.015781891433274024,-0.015781891433274024,-0.015781891433274024,-0.015781891433274024,-0.015781891433274024,-0.015781891433274024,-0.015781891433274024,-0.015781891433274024,-0.015781891433274024,-0.015781891433274024,-0.015781891433274024,-0.015781891433274024,-0.015781891433274024,-0.015781891433274024,0.0049746365913177345,0.0049746365913177345,0.0049746365913177345,0.00026864821678618966,0.00026864821678618966,0.00026864821678618966,0.00026864821678618966,0.00026864821678618966,0.00026864821678618966,0.00026864821678618966,0.00026864821678618966,0.00026864821678618966,0.00026864821678618966,0.00026864821678618966,0.00026864821678618966,0.00026864821678618966,0.00026864821678618966,0.00026864821678618966,0.00026864821678618966,0.003607550217902187
0.4797979797979799,0.003607550217902187,0.003607550217902187,0.003607550217902187,0.003607550217902187,0.003607550217902187,0.003607550217902187,0.003607550217902187,0.003607550217902187,0.003607550217902187,0.003607550217902187,0.003607550217902187,0.003607550217902187,0.003607550217902187,0.003607550217902187,0.003607550217902187,0.003607550217902187,0.003607550217902187,0.003607550217902187,0.003607550217902187,0.003607550217902187,0.003607550217902187,0.003607550217902187,0.003607550217902187,0.003607550217902187,0.003607550217902187,0.003607550217902187,0.003607550217902187,0.003607550217902187,0.003607550217902187,0.003607550217902187,0.003607550217902187,0.003607550217902187,0.003607550217902187,0.003607550217902187,0.003607550217902187,0.003607550217902187,0.003607550217902187,0.003607550217902187,0.003607550217902187,0.003607550217902187,0.003607550217902187,0.003607550217902187,0.003607550217902187,0.003607550217902187,0.003607550217902187,0.003607550217902187,0.003607550217902187,0.003607550217902187,0.003607550217902187,0.003607550217902187,0.003607550217902187,0.003607550217902187,0.003607550217902187,0.003607550217902187,0.003607550217902187,0.003607550217902187,0.003607550217902187,0.003607550217902187,0.003607550217902187,0.003607550217902187,0.0049746365913177345,0.0049746365913177345,-0.015781891433274024,-0.015781891433274024,-0.015781891433274024,-0.015781891433274024,-0.015781891433274024,-0.015781891433274024,-0.015781891433274024,-0.015781891433274024,-0.015781891433274024,-0.015781891433274024,-0.015781891433274024,-0.015781891433274024,-0.015781891433274024,-0.015781891433274024,-0.015781891433274024,-0.015781891433274024,-0.015781891433274024,-0.015781891433274024,0.0049746365913177345,0.0049746365913177345,0.00026864821678618966,0.00026864821678618966,0.00026864821678618966,0.00026864821678618966,0.00026864821678618966,0.00026864821678618966,0.00026864821678618966,0.00026864821678618966,0.00026864821678618966,0.00026864821678618966,0.00026864821678618966,0.00026864821678618966,0.00026864821678618966,0.00026864821678618966,0.00026864821678618966,0.00026864821678618966,0.00026864821678618966,0.003607550217902187
0.48989898989898994,0.003607550217902187,0.003607550217902187,0.003607550217902187,0.003607550217902187,0.003607550217902187,0.003607550217902187,0.003607550217902187,0.003607550217902187,0.003607550217902187,0.003607550217902187,0.003607550217902187,0.003607550217902187,0.003607550217902187,0.003607550217902187,0.003607550217902187,0.003607550217902187,0.003607550217902187,0.003607550217902187,0.003607550217902187,0.003607550217902187,0.003607550217902187,0.003607550217902187,0.003607550217902187,0.003607550217902187,0.003607550217902187,0.003607550217902187,0.003607550217902187,0.003607550217902187,0.003607550217902187,0.003607550217902187,0.003607550217902187,0.003607550217902187,0.003607550217902187,0.003607550217902187,0.003607550217902187,0.003607550217902187,0.003607550217902187,0.003607550217902187,0.003607550217902187,0.003607550217902187,0.003607550217902187,0.003607550217902187,0.003607550217902187,0.003607550217902187,0.003607550217902187,0.003607550217902187,0.003607550217902187,0.003607550217902187,0.003607550217902187,0.003607550217902187,0.003607550217902187,0.003607550217902187,0.003607550217902187,0.003607550217902187,0.003607550217902187,0.003607550217902187,0.003607550217902187,0.003607550217902187,0.003607550217902187,0.003607550217902187,0.0049746365913177345,-0.015781891433274024,-0.015781891433274024,-0.015781891433274024,-0.015781891433274024,-0.015781891433274024,-0.015781891433274024,-0.015781891433274024,-0.015781891433274024,-0.015781891433274024,-0.015781891433274024,-0.015781891433274024,-0.015781891433274024,-0.015781891433274024,-0.015781891433274024,-0.015781891433274024,-0.015781891433274024,-0.015781891433274024,-0.015781891433274024,-0.015781891433274024,0.0049746365913177345,0.00026864821678618966,0.00026864821678618966,0.00026864821678618966,0.00026864821678618966,0.00026864821678618966,0.00026864821678618966,0.00026864821678618966,0.00026864821678618966,0.00026864821678618966,0.00026864821678618966,0.00026864821678618966,0.00026864821678618966,0.00026864821678618966,0.00026864821678618966,0.00026864821678618966,0.00026864821678618966,0.00026864821678618966,0.00026864821678618966,0.003607550217902187
0.5,0.004442229395215853,0.004442229395215853,0.004442229395215853,0.004442229395215853,0.004442229395215853,0.004442229395215853,0.004442229395215853,0.004442229395215853,0.004442229395215853,0.004442229395215853,0.004442229395215853,0.004442229395215853,0.004442229395215853,0.004442229395215853,0.004442229395215853,0.004442229395215853,0.004442229395215853,0.004442229395215853,0.004442229395215853,0.004442229395215853,0.004442229395215853,0.004442229395215853,0.004442229395215853,0.004442229395215853,0.004442229395215853,0.004442229395215853,0.004442229395215853,0.004442229395215853,0.004442229395215853,0.004442229395215853,0.004442229395215853,0.004442229395215853,0.004442229395215853,0.004442229395215853,0.004442229395215853,0.004442229395215853,0.004442229395215853,0.004442229395215853,0.004442229395215853,0.004442229395215853,0.004442229395215853,0.004442229395215853,0.004442229395215853,0.004442229395215853,0.004442229395215853,0.004442229395215853,0.004442229395215853,0.004442229395215853,0.004442229395215853,0.004442229395215853,0.004442229395215853,0.004442229395215853,0.004442229395215853,0.004442229395215853,0.004442229395215853,0.004442229395215853,0.004442229395215853,0.004442229395215853,0.004442229395215853,0.004442229395215853,-0.016314298629375907,-0.016314298629375907,-0.016314298629375907,-0.016314298629375907,-0.016314298629375907,-0.016314298629375907,-0.016314298629375907,-0.016314298629375907,-0.016314298629375907,-0.016314298629375907,-0.016314298629375907,-0.016314298629375907,-0.016314298629375907,-0.016314298629375907,-0.016314298629375907,-0.016314298629375907,-0.016314298629375907,-0.016314298629375907,-0.016314298629375907,-0.016314298629375907,-0.0002637589793156935,-0.0002637589793156935,-0.0002637589793156935,-0.0002637589793156935,-0.0002637589793156935,-0.0002637589793156935,-0.0002637589793156935,-0.0002637589793156935,-0.0002637589793156935,-0.0002637589793156935,-0.0002637589793156935,-0.0002637589793156935,-0.0002637589793156935,-0.0002637589793156935,-0.0002637589793156935,-0.0002637589793156935,-0.0002637589793156935,-0.0002637589793156935,-0.0002637589793156935,0.004442229395215853
