,-0.5,-0.4898989898989899,-0.4797979797979798,-0.4696969696969697,-0.4595959595959596,-0.4494949494949495,-0.4393939393939394,-0.4292929292929293,-0.41919191919191917,-0.40909090909090906,-0.398989898989899,-0.3888888888888889,-0.3787878787878788,-0.3686868686868687,-0.35858585858585856,-0.3484848484848485,-0.33838383838383834,-0.3282828282828283,-0.3181818181818182,-0.30808080808080807,-0.29797979797979796,-0.28787878787878785,-0.2777777777777778,-0.2676767676767676,-0.25757575757575757,-0.24747474747474746,-0.23737373737373735,-0.22727272727272724,-0.21717171717171713,-0.20707070707070707,-0.19696969696969696,-0.18686868686868685,-0.17676767676767674,-0.16666666666666663,-0.15656565656565652,-0.1464646464646464,-0.13636363636363635,-0.12626262626262624,-0.11616161616161613,-0.10606060606060602,-0.09595959595959591,-0.0858585858585858,-0.07575757575757575,-0.06565656565656564,-0.055555555555555525,-0.045454545454545414,-0.035353535353535304,-0.025252525252525193,-0.015151515151515138,-0.0050505050505050275,0.005050505050505083,0.015151515151515249,0.025252525252525304,0.03535353535353536,0.045454545454545525,0.05555555555555558,0.06565656565656575,0.0757575757575758,0.08585858585858586,0.09595959595959602,0.10606060606060608,0.11616161616161624,0.1262626262626263,0.13636363636363646,0.14646464646464652,0.15656565656565657,0.16666666666666674,0.1767676767676768,0.18686868686868696,0.19696969696969702,0.20707070707070718,0.21717171717171724,0.2272727272727273,0.23737373737373746,0.24747474747474751,0.2575757575757577,0.26767676767676774,0.2777777777777778,0.28787878787878796,0.297979797979798,0.3080808080808082,0.31818181818181823,0.3282828282828284,0.33838383838383845,0.3484848484848485,0.3585858585858587,0.36868686868686873,0.3787878787878789,0.38888888888888895,0.3989898989898991,0.40909090909090917,0.4191919191919192,0.4292929292929294,0.43939393939393945,0.4494949494949496,0.45959595959595967,0.4696969696969697,0.4797979797979799,0.48989898989898994,0.5
-0.5,0.0023133593010607237,0.0023133593010607237,0.0023133593010607237,0.0023133593010607237,0.0023133593010607237,0.0023133593010607237,0.0023133593010607237,0.0023133593010607237,0.0023133593010607237,0.0023133593010607237,0.0023133593010607237,0.0023133593010607237,0.0023133593010607237,0.0023133593010607237,0.0023133593010607237,0.0023133593010607237,0.0023133593010607237,0.0023133593010607237,0.0023133593010607237,0.0023133593010607237,0.0023133593010607237,0.0023133593010607237,0.0023133593010607237,0.0023133593010607237,0.0023133593010607237,0.0023133593010607237,0.0023133593010607237,0.0023133593010607237,0.0023133593010607237,0.0023133593010607237,0.0023133593010607237,0.0023133593010607237,0.0023133593010607237,0.0023133593010607237,0.0023133593010607237,0.0023133593010607237,0.0023133593010607237,0.0023133593010607237,0.0023133593010607237,0.0023133593010607237,0.0023133593010607237,0.0023133593010607237,0.0023133593010607237,0.0023133593010607237,0.0023133593010607237,0.0023133593010607237,0.0023133593010607237,0.0023133593010607237,0.0023133593010607237,0.0023133593010607237,0.0023133593010607237,0.0023133593010607237,0.0023133593010607237,0.0023133593010607237,0.0023133593010607237,0.0023133593010607237,0.0023133593010607237,0.0023133593010607237,0.0023133593010607237,0.0023133593010607237,-0.009758971618829,-0.009758971618829,-0.009758971618829,-0.009758971618829,-0.009758971618829,-0.009758971618829,-0.009758971618829,-0.009758971618829,-0.009758971618829,-0.009758971618829,-0.009758971618829,-0.009758971618829,-0.009758971618829,-0.009758971618829,-0.009758971618829,-0.009758971618829,-0.009758971618829,-0.009758971618829,-0.009758971618829,-0.009758971618829,-0.00039023235788927866,-0.00039023235788927866,-0.00039023235788927866,-0.00039023235788927866,-0.00039023235788927866,-0.00039023235788927866,-0.00039023235788927866,-0.00039023235788927866,-0.00039023235788927866,-0.00039023235788927866,-0.00039023235788927866,-0.00039023235788927866,-0.00039023235788927866,-0.00039023235788927866,-0.00039023235788927866,-0.00039023235788927866,-0.00039023235788927866,-0.00039023235788927866,-0.00039023235788927866,0.0023133593010607237
-0.4898989898989899,0.0023133593010607237,0.0023133593010607237,0.0023133593010607237,0.0023133593010607237,0.0023133593010607237,0.0023133593010607237,0.0023133593010607237,0.0023133593010607237,0.0023133593010607237,0.0023133593010607237,0.0023133593010607237,0.0023133593010607237,0.0023133593010607237,0.0023133593010607237,0.0023133593010607237,0.0023133593010607237,0.0023133593010607237,0.0023133593010607237,0.0023133593010607237,0.0023133593010607237,0.0023133593010607237,0.0023133593010607237,0.0023133593010607237,0.0023133593010607237,0.0023133593010607237,0.0023133593010607237,0.0023133593010607237,0.0023133593010607237,0.0023133593010607237,0.0023133593010607237,0.0023133593010607237,0.0023133593010607237,0.0023133593010607237,0.0023133593010607237,0.0023133593010607237,0.0023133593010607237,0.0023133593010607237,0.0023133593010607237,0.0023133593010607237,0.0023133593010607237,0.0023133593010607237,0.0023133593010607237,0.0023133593010607237,0.0023133593010607237,0.0023133593010607237,0.0023133593010607237,0.0023133593010607237,0.0023133593010607237,0.0023133593010607237,0.0023133593010607237,0.0023133593010607237,0.0023133593010607237,0.0023133593010607237,0.0023133593010607237,0.0023133593010607237,0.0023133593010607237,0.0023133593010607237,0.0023133593010607237,0.0023133593010607237,-0.009758971618829,-0.009758971618829,-0.009758971618829,-0.009758971618829,-0.009758971618829,-0.009758971618829,-0.009758971618829,-0.009758971618829,-0.009758971618829,-0.009758971618829,-0.009758971618829,-0.009758971618829,-0.009758971618829,-0.009758971618829,-0.009758971618829,-0.009758971618829,-0.009758971618829,-0.009758971618829,-0.009758971618829,-0.009758971618829,-0.015795828591055744,-0.00039023235788927866,-0.00039023235788927866,-0.00039023235788927866,-0.00039023235788927866,-0.00039023235788927866,-0.00039023235788927866,-0.00039023235788927866,-0.00039023235788927866,-0.00039023235788927866,-0.00039023235788927866,-0.00039023235788927866,-0.00039023235788927866,-0.00039023235788927866,-0.00039023235788927866,-0.00039023235788927866,-0.00039023235788927866,-0.00039023235788927866,-0.00039023235788927866,-0.00039023235788927866,0.0023133593010607237
-0.4797979797979798,0.0023133593010607237,0.0023133593010607237,0.0023133593010607237,0.0023133593010607237,0.0023133593010607237,0.0023133593010607237,0.0023133593010607237,0.0023133593010607237,0.0023133593010607237,0.0023133593010607237,0.0023133593010607237,0.0023133593010607237,0.0023133593010607237,0.0023133593010607237,0.0023133593010607237,0.0023133593010607237,0.0023133593010607237,0.0023133593010607237,0.0023133593010607237,0.0023133593010607237,0.0023133593010607237,0.0023133593010607237,0.0023133593010607237,0.0023133593010607237,0.0023133593010607237,0.0023133593010607237,0.0023133593010607237,0.0023133593010607237,0.0023133593010607237,0.0023133593010607237,0.0023133593010607237,0.0023133593010607237,0.0023133593010607237,0.0023133593010607237,0.0023133593010607237,0.0023133593010607237,0.0023133593010607237,0.0023133593010607237,0.0023133593010607237,0.0023133593010607237,0.0023133593010607237,0.0023133593010607237,0.0023133593010607237,0.0023133593010607237,0.0023133593010607237,0.0023133593010607237,0.0023133593010607237,0.0023133593010607237,0.0023133593010607237,0.0023133593010607237,0.0023133593010607237,0.0023133593010607237,0.0023133593010607237,0.0023133593010607237,0.0023133593010607237,0.0023133593010607237,0.0023133593010607237,0.0023133593010607237,-0.009758971618829,-0.009758971618829,-0.009758971618829,-0.009758971618829,-0.009758971618829,-0.009758971618829,-0.009758971618829,-0.009758971618829,-0.009758971618829,-0.009758971618829,-0.009758971618829,-0.009758971618829,-0.009758971618829,-0.009758971618829,-0.009758971618829,-0.009758971618829,-0.009758971618829,-0.009758971618829,-0.009758971618829,-0.009758971618829,-0.015795828591055744,-0.015795828591055744,-0.00039023235788927866,-0.00039023235788927866,-0.00039023235788927866,-0.00039023235788927866,-0.00039023235788927866,-0.00039023235788927866,-0.00039023235788927866,-0.00039023235788927866,-0.00039023235788927866,-0.00039023235788927866,-0.00039023235788927866,-0.00039023235788927866,-0.00039023235788927866,-0.00039023235788927866,-0.00039023235788927866,-0.00039023235788927866,-0.00039023235788927866,-0.012004662703101611,-0.012004662703101611,0.0023133593010607237
-0.4696969696969697,0.0023133593010607237,0.0023133593010607237,0.0023133593010607237,0.0023133593010607237,0.0023133593010607237,0.0023133593010607237,0.0023133593010607237,0.0023133593010607237,0.0023133593010607237,0.0023133593010607237,0.0023133593010607237,0.0023133593010607237,0.0023133593010607237,0.0023133593010607237,0.0023133593010607237,0.0023133593010607237,0.0023133593010607237,0.0023133593010607237,0.0023133593010607237,0.0023133593010607237,0.0023133593010607237,0.0023133593010607237,0.0023133593010607237,0.0023133593010607237,0.0023133593010607237,0.0023133593010607237,0.0023133593010607237,0.0023133593010607237,0.0023133593010607237,0.0023133593010607237,0.0023133593010607237,0.0023133593010607237,0.0023133593010607237,0.0023133593010607237,0.0023133593010607237,0.0023133593010607237,0.0023133593010607237,0.0023133593010607237,0.0023133593010607237,0.0023133593010607237,0.0023133593010607237,0.0023133593010607237,0.0023133593010607237,0.0023133593010607237,0.0023133593010607237,0.0023133593010607237,0.0023133593010607237,0.0023133593010607237,0.0023133593010607237,0.0023133593010607237,0.0023133593010607237,0.0023133593010607237,0.0023133593010607237,0.0023133593010607237,0.0023133593010607237,0.0023133593010607237,0.0023133593010607237,-0.009758971618829,-0.009758971618829,-0.009758971618829,-0.009758971618829,-0.009758971618829,-0.009758971618829,-0.009758971618829,-0.009758971618829,-0.009758971618829,-0.009758971618829,-0.009758971618829,-0.009758971618829,-0.009758971618829,-0.009758971618829,-0.009758971618829,-0.009758971618829,-0.009758971618829,-0.009758971618829,-0.009758971618829,-0.009758971618829,-0.015795828591055744,-0.015795828591055744,-0.015795828591055744,-0.00039023235788927866,-0.00039023235788927866,-0.00039023235788927866,-0.00039023235788927866,-0.00039023235788927866,-0.00039023235788927866,-0.00039023235788927866,-0.00039023235788927866,-0.00039023235788927866,-0.00039023235788927866,-0.00039023235788927866,-0.00039023235788927866,-0.00039023235788927866,-0.00039023235788927866,-0.00039023235788927866,-0.00039023235788927866,-0.00039023235788927866,-0.012004662703101611,-0.012004662703101611,0.0023133593010607237
-0.4595959595959596,0.0023133593010607237,0.0023133593010607237,0.0023133593010607237,0.0023133593010607237,0.0023133593010607237,0.0023133593010607237,0.0023133593010607237,0.0023133593010607237,0.0023133593010607237,0.0023133593010607237,0.0023133593010607237,0.0023133593010607237,0.0023133593010607237,0.0023133593010607237,0.0023133593010607237,0.0023133593010607237,0.0023133593010607237,0.0023133593010607237,0.0023133593010607237,0.0023133593010607237,0.0023133593010607237,0.0023133593010607237,0.0023133593010607237,0.0023133593010607237,0.0023133593010607237,0.0023133593010607237,0.0023133593010607237,0.0023133593010607237,0.0023133593010607237,0.0023133593010607237,0.0023133593010607237,0.0023133593010607237,0.0023133593010607237,0.0023133593010607237,0.0023133593010607237,0.0023133593010607237,0.0023133593010607237,0.0023133593010607237,0.0023133593010607237,0.0023133593010607237,0.0023133593010607237,0.0023133593010607237,0.0023133593010607237,0.0023133593010607237,0.0023133593010607237,0.0023133593010607237,0.0023133593010607237,0.0023133593010607237,0.0023133593010607237,0.0023133593010607237,0.0023133593010607237,0.0023133593010607237,0.0023133593010607237,0.0023133593010607237,0.0023133593010607237,0.0023133593010607237,-0.009758971618829,-0.009758971618829,-0.009758971618829,-0.009758971618829,-0.009758971618829,-0.009758971618829,-0.009758971618829,-0.009758971618829,-0.009758971618829,-0.009758971618829,-0.009758971618829,-0.009758971618829,-0.009758971618829,-0.009758971618829,-0.009758971618829,-0.009758971618829,-0.009758971618829,-0.009758971618829,-0.009758971618829,-0.009758971618829,-0.015795828591055744,-0.015795828591055744,-0.015795828591055744,-0.015795828591055744,-0.00039023235788927866,-0.00039023235788927866,-0.00039023235788927866,-0.00039023235788927866,-0.00039023235788927866,-0.00039023235788927866,-0.00039023235788927866,-0.00039023235788927866,-0.00039023235788927866,-0.00039023235788927866,-0.00039023235788927866,-0.00039023235788927866,-0.00039023235788927866,-0.00039023235788927866,-0.00039023235788927866,-0.00039023235788927866,-0.012004662703101611,-0.012004662703101611,-0.012004662703101611,0.0023133593010607237
-0.4494949494949495,0.0023133593010607237,0.0023133593010607237,0.0023133593010607237,0.0023133593010607237,0.0023133593010607237,0.0023133593010607237,0.0023133593010607237,0.0023133593010607237,0.0023133593010607237,0.0023133593010607237,0.0023133593010607237,0.0023133593010607237,0.0023133593010607237,0.0023133593010607237,0.0023133593010607237,0.0023133593010607237,0.0023133593010607237,0.0023133593010607237,0.0023133593010607237,0.0023133593010607237,0.0023133593010607237,0.0023133593010607237,0.0023133593010607237,0.0023133593010607237,0.0023133593010607237,0.0023133593010607237,0.0023133593010607237,0.0023133593010607237,0.0023133593010607237,0.0023133593010607237,0.0023133593010607237,0.0023133593010607237,0.0023133593010607237,0.0023133593010607237,0.0023133593010607237,0.0023133593010607237,0.0023133593010607237,0.0023133593010607237,0.0023133593010607237,0.0023133593010607237,0.0023133593010607237,0.0023133593010607237,0.0023133593010607237,0.0023133593010607237,0.0023133593010607237,0.0023133593010607237,0.0023133593010607237,0.0023133593010607237,0.0023133593010607237,0.0023133593010607237,0.0023133593010607237,0.0023133593010607237,0.0023133593010607237,0.0023133593010607237,0.0023133593010607237,-0.009758971618829,-0.009758971618829,-0.009758971618829,-0.009758971618829,-0.009758971618829,-0.009758971618829,-0.009758971618829,-0.009758971618829,-0.009758971618829,-0.009758971618829,-0.009758971618829,-0.009758971618829,-0.009758971618829,-0.009758971618829,-0.009758971618829,-0.009758971618829,-0.009758971618829,-0.009758971618829,-0.009758971618829,-0.009758971618829,-0.015795828591055744,-0.015795828591055744,-0.015795828591055744,-0.015795828591055744,-0.015795828591055744,-0.00039023235788927866,-0.00039023235788927866,-0.00039023235788927866,-0.00039023235788927866,-0.00039023235788927866,-0.00039023235788927866,-0.00039023235788927866,-0.00039023235788927866,-0.00039023235788927866,-0.00039023235788927866,-0.00039023235788927866,-0.00039023235788927866,-0.00039023235788927866,-0.00039023235788927866,-0.012004662703101611,-0.012004662703101611,-0.012004662703101611,-0.012004662703101611,-0.012004662703101611,0.0023133593010607237
-0.4393939393939394,0.0023133593010607237,0.0023133593010607237,0.0023133593010607237,0.0023133593010607237,0.0023133593010607237,0.0023133593010607237,0.0023133593010607237,0.0023133593010607237,0.0023133593010607237,0.0023133593010607237,0.0023133593010607237,0.0023133593010607237,0.0023133593010607237,0.0023133593010607237,0.0023133593010607237,0.0023133593010607237,0.0023133593010607237,0.0023133593010607237,0.0023133593010607237,0.0023133593010607237,0.0023133593010607237,0.0023133593010607237,0.0023133593010607237,0.0023133593010607237,0.0023133593010607237,0.0023133593010607237,0.0023133593010607237,0.0023133593010607237,0.0023133593010607237,0.0023133593010607237,0.0023133593010607237,0.0023133593010607237,0.0023133593010607237,0.0023133593010607237,0.0023133593010607237,0.0023133593010607237,0.0023133593010607237,0.0023133593010607237,0.0023133593010607237,0.0023133593010607237,0.0023133593010607237,0.0023133593010607237,0.0023133593010607237,0.0023133593010607237,0.0023133593010607237,0.0023133593010607237,0.0023133593010607237,0.0023133593010607237,0.0023133593010607237,0.0023133593010607237,0.0023133593010607237,0.0023133593010607237,0.0023133593010607237,0.0023133593010607237,-0.009758971618829,-0.009758971618829,-0.009758971618829,-0.009758971618829,-0.009758971618829,-0.009758971618829,-0.009758971618829,-0.009758971618829,-0.009758971618829,-0.009758971618829,-0.009758971618829,-0.009758971618829,-0.009758971618829,-0.009758971618829,-0.009758971618829,-0.009758971618829,-0.009758971618829,-0.009758971618829,-0.009758971618829,-0.009758971618829,-0.015795828591055744,-0.015795828591055744,-0.015795828591055744,-0.015795828591055744,-0.015795828591055744,-0.015795828591055744,-0.00039023235788927866,-0.00039023235788927866,-0.00039023235788927866,-0.00039023235788927866,-0.00039023235788927866,-0.00039023235788927866,-0.00039023235788927866,-0.00039023235788927866,-0.00039023235788927866,-0.00039023235788927866,-0.00039023235788927866,-0.00039023235788927866,-0.00039023235788927866,-0.012004662703101611,-0.012004662703101611,-0.012004662703101611,-0.012004662703101611,-0.012004662703101611,-0.012004662703101611,0.0023133593010607237
-0.4292929292929293,0.0023133593010607237,0.0023133593010607237,0.0023133593010607237,0.0023133593010607237,0.0023133593010607237,0.0023133593010607237,0.0023133593010607237,0.0023133593010607237,0.0023133593010607237,0.0023133593010607237,0.0023133593010607237,0.0023133593010607237,0.0023133593010607237,0.0023133593010607237,0.0023133593010607237,0.0023133593010607237,0.0023133593010607237,0.0023133593010607237,0.0023133593010607237,0.0023133593010607237,0.0023133593010607237,0.0023133593010607237,0.0023133593010607237,0.0023133593010607237,0.0023133593010607237,0.0023133593010607237,0.0023133593010607237,0.0023133593010607237,0.0023133593010607237,0.0023133593010607237,0.0023133593010607237,0.0023133593010607237,0.0023133593010607237,0.0023133593010607237,0.0023133593010607237,0.0023133593010607237,0.0023133593010607237,0.0023133593010607237,0.0023133593010607237,0.0023133593010607237,0.0023133593010607237,0.0023133593010607237,0.0023133593010607237,0.0023133593010607237,0.0023133593010607237,0.0023133593010607237,0.0023133593010607237,0.0023133593010607237,0.0023133593010607237,0.0023133593010607237,0.0023133593010607237,0.0023133593010607237,0.0023133593010607237,-0.009758971618829,-0.009758971618829,-0.009758971618829,-0.009758971618829,-0.009758971618829,-0.009758971618829,-0.009758971618829,-0.009758971618829,-0.009758971618829,-0.009758971618829,-0.009758971618829,-0.009758971618829,-0.009758971618829,-0.009758971618829,-0.009758971618829,-0.009758971618829,-0.009758971618829,-0.009758971618829,-0.009758971618829,-0.009758971618829,-0.015795828591055744,-0.015795828591055744,-0.015795828591055744,-0.015795828591055744,-0.015795828591055744,-0.015795828591055744,-0.015795828591055744,-0.00039023235788927866,-0.00039023235788927866,-0.00039023235788927866,-0.00039023235788927866,-0.00039023235788927866,-0.00039023235788927866,-0.00039023235788927866,-0.00039023235788927866,-0.00039023235788927866,-0.00039023235788927866,-0.00039023235788927866,-0.00039023235788927866,-0.00039023235788927866,-0.012004662703101611,-0.012004662703101611,-0.012004662703101611,-0.012004662703101611,-0.012004662703101611,-0.012004662703101611,0.0023133593010607237
-0.41919191919191917,0.0023133593010607237,0.0023133593010607237,0.0023133593010607237,0.0023133593010607237,0.0023133593010607237,0.0023133593010607237,0.0023133593010607237,0.0023133593010607237,0.0023133593010607237,0.0023133593010607237,0.0023133593010607237,0.0023133593010607237,0.0023133593010607237,0.0023133593010607237,0.0023133593010607237,0.0023133593010607237,0.0023133593010607237,0.0023133593010607237,0.0023133593010607237,0.0023133593010607237,0.0023133593010607237,0.0023133593010607237,0.0023133593010607237,0.0023133593010607237,0.0023133593010607237,0.0023133593010607237,0.0023133593010607237,0.0023133593010607237,0.0023133593010607237,0.0023133593010607237,0.0023133593010607237,0.0023133593010607237,0.0023133593010607237,0.0023133593010607237,0.0023133593010607237,0.0023133593010607237,0.0023133593010607237,0.0023133593010607237,0.0023133593010607237,0.0023133593010607237,0.0023133593010607237,0.0023133593010607237,0.0023133593010607237,0.0023133593010607237,0.0023133593010607237,0.0023133593010607237,0.0023133593010607237,0.0023133593010607237,0.0023133593010607237,0.0023133593010607237,0.0023133593010607237,0.0023133593010607237,-0.009758971618829,-0.009758971618829,-0.009758971618829,-0.009758971618829,-0.009758971618829,-0.009758971618829,-0.009758971618829,-0.009758971618829,-0.009758971618829,-0.009758971618829,-0.009758971618829,-0.009758971618829,-0.009758971618829,-0.009758971618829,-0.009758971618829,-0.009758971618829,-0.009758971618829,-0.009758971618829,-0.009758971618829,-0.009758971618829,-0.015795828591055744,-0.015795828591055744,-0.015795828591055744,-0.015795828591055744,-0.015795828591055744,-0.015795828591055744,-0.015795828591055744,-0.015795828591055744,-0.00039023235788927866,-0.00039023235788927866,-0.00039023235788927866,-0.00039023235788927866,-0.00039023235788927866,-0.00039023235788927866,-0.00039023235788927866,-0.00039023235788927866,-0.00039023235788927866,-0.00039023235788927866,-0.00039023235788927866,-0.00039023235788927866,-0.012004662703101611,-0.012004662703101611,-0.012004662703101611,-0.012004662703101611,-0.012004662703101611,-0.012004662703101611,-0.012004662703101611,0.0023133593010607237
-0.40909090909090906,0.0023133593010607237,0.0023133593010607237,0.0023133593010607237,0.0023133593010607237,0.0023133593010607237,0.0023133593010607237,0.0023133593010607237,0.0023133593010607237,0.0023133593010607237,0.0023133593010607237,0.0023133593010607237,0.0023133593010607237,0.0023133593010607237,0.0023133593010607237,0.0023133593010607237,0.0023133593010607237,0.0023133593010607237,0.0023133593010607237,0.0023133593010607237,0.0023133593010607237,0.0023133593010607237,0.0023133593010607237,0.0023133593010607237,0.0023133593010607237,0.0023133593010607237,0.0023133593010607237,0.0023133593010607237,0.0023133593010607237,0.0023133593010607237,0.0023133593010607237,0.0023133593010607237,0.0023133593010607237,0.0023133593010607237,0.0023133593010607237,0.0023133593010607237,0.0023133593010607237,0.0023133593010607237,0.0023133593010607237,0.0023133593010607237,0.0023133593010607237,0.0023133593010607237,0.0023133593010607237,0.0023133593010607237,0.0023133593010607237,0.0023133593010607237,0.0023133593010607237,0.0023133593010607237,0.0023133593010607237,0.0023133593010607237,0.0023133593010607237,0.0023133593010607237,-0.009758971618829,-0.009758971618829,-0.009758971618829,-0.009758971618829,-0.009758971618829,-0.009758971618829,-0.009758971618829,-0.009758971618829,-0.009758971618829,-0.009758971618829,-0.009758971618829,-0.009758971618829,-0.009758971618829,-0.009758971618829,-0.009758971618829,-0.009758971618829,-0.009758971618829,-0.009758971618829,-0.009758971618829,-0.009758971618829,-0.015795828591055744,-0.015795828591055744,-0.015795828591055744,-0.015795828591055744,-0.015795828591055744,-0.015795828591055744,-0.015795828591055744,-0.015795828591055744,-0.015795828591055744,-0.00039023235788927866,-0.00039023235788927866,-0.00039023235788927866,-0.00039023235788927866,-0.00039023235788927866,-0.00039023235788927866,-0.00039023235788927866,-0.00039023235788927866,-0.00039023235788927866,-0.00039023235788927866,-0.012004662703101611,-0.012004662703101611,-0.012004662703101611,-0.012004662703101611,-0.012004662703101611,-0.012004662703101611,-0.012004662703101611,-0.012004662703101611,-0.012004662703101611,0.0023133593010607237
-0.398989898989899,0.0023133593010607237,0.0023133593010607237,0.0023133593010607237,0.0023133593010607237,0.0023133593010607237,0.0023133593010607237,0.0023133593010607237,0.0023133593010607237,0.0023133593010607237,0.0023133593010607237,0.0023133593010607237,0.0023133593010607237,0.0023133593010607237,0.0023133593010607237,0.0023133593010607237,0.0023133593010607237,0.0023133593010607237,0.0023133593010607237,0.0023133593010607237,0.0023133593010607237,0.0023133593010607237,0.0023133593010607237,0.0023133593010607237,0.0023133593010607237,0.0023133593010607237,0.0023133593010607237,0.0023133593010607237,0.0023133593010607237,0.0023133593010607237,0.0023133593010607237,0.0023133593010607237,0.0023133593010607237,0.0023133593010607237,0.0023133593010607237,0.0023133593010607237,0.0023133593010607237,0.0023133593010607237,0.0023133593010607237,0.0023133593010607237,0.0023133593010607237,0.0023133593010607237,0.0023133593010607237,0.0023133593010607237,0.0023133593010607237,0.0023133593010607237,0.0023133593010607237,0.0023133593010607237,0.0023133593010607237,0.0023133593010607237,0.0023133593010607237,-0.009758971618829,-0.009758971618829,-0.009758971618829,-0.009758971618829,-0.009758971618829,-0.009758971618829,-0.009758971618829,-0.009758971618829,-0.009758971618829,-0.009758971618829,-0.009758971618829,-0.009758971618829,-0.009758971618829,-0.009758971618829,-0.009758971618829,-0.009758971618829,-0.009758971618829,-0.009758971618829,-0.009758971618829,-0.009758971618829,-0.015795828591055744,-0.015795828591055744,-0.015795828591055744,-0.015795828591055744,-0.015795828591055744,-0.015795828591055744,-0.015795828591055744,-0.015795828591055744,-0.015795828591055744,-0.015795828591055744,-0.00039023235788927866,-0.00039023235788927866,-0.00039023235788927866,-0.00039023235788927866,-0.00039023235788927866,-0.00039023235788927866,-0.00039023235788927866,-0.00039023235788927866,-0.00039023235788927866,-0.00039023235788927866,-0.012004662703101611,-0.012004662703101611,-0.012004662703101611,-0.012004662703101611,-0.012004662703101611,-0.012004662703101611,-0.012004662703101611,-0.012004662703101611,-0.012004662703101611,0.0023133593010607237
-0.3888888888888889,0.0023133593010607237,0.0023133593010607237,0.0023133593010607237,0.0023133593010607237,0.0023133593010607237,0.0023133593010607237,0.0023133593010607237,0.0023133593010607237,0.0023133593010607237,0.0023133593010607237,0.0023133593010607237,0.0023133593010607237,0.0023133593010607237,0.0023133593010607237,0.0023133593010607237,0.0023133593010607237,0.0023133593010607237,0.0023133593010607237,0.0023133593010607237,0.0023133593010607237,0.0023133593010607237,0.0023133593010607237,0.0023133593010607237,0.0023133593010607237,0.0023133593010607237,0.0023133593010607237,0.0023133593010607237,0.0023133593010607237,0.0023133593010607237,0.0023133593010607237,0.0024637173850191093,0.0023133593010607237,0.0023133593010607237,0.0023133593010607237,0.0023133593010607237,0.0023133593010607237,0.0023133593010607237,0.0023133593010607237,0.0023133593010607237,0.0023133593010607237,0.0023133593010607237,0.0023133593010607237,0.0023133593010607237,0.0023133593010607237,0.0023133593010607237,0.0023133593010607237,0.0023133593010607237,0.0023133593010607237,0.0023133593010607237,-0.009758971618829,-0.009616270234969424,-0.009758971618829,-0.009758971618829,-0.009758971618829,-0.009758971618829,-0.009758971618829,-0.009758971618829,-0.009758971618829,-0.009758971618829,-0.009758971618829,-0.009758971618829,-0.009758971618829,-0.009758971618829,-0.009758971618829,-0.009758971618829,-0.009758971618829,-0.009758971618829,-0.009758971618829,-0.009758971618829,-0.015795828591055744,-0.015795828591055744,-0.015795828591055744,-0.015795828591055744,-0.015795828591055744,-0.015795828591055744,-0.015795828591055744,-0.015795828591055744,-0.015795828591055744,-0.015795828591055744,-0.015795828591055744,-0.00039023235788927866,-0.00039023235788927866,-0.00039023235788927866,-0.00039023235788927866,-0.00039023235788927866,-0.00039023235788927866,-0.00039023235788927866,-0.00039023235788927866,-0.00039023235788927866,-0.012004662703101611,-0.012004662703101611,-0.012004662703101611,-0.012004662703101611,-0.012004662703101611,-0.012004662703101611,-0.012004662703101611,-0.012004662703101611,-0.012004662703101611,-0.012004662703101611,0.0023133593010607237
-0.3787878787878788,0.0023133593010607237,0.0023133593010607237,0.0023133593010607237,0.0023133593010607237,0.0023133593010607237,0.0023133593010607237,0.0023133593010607237,0.0023133593010607237,0.0023133593010607237,0.0023133593010607237,0.0023133593010607237,0.0023133593010607237,0.0023133593010607237,0.0023133593010607237,0.0023133593010607237,0.0023133593010607237,0.0023133593010607237,0.0023133593010607237,0.0023133593010607237,0.0023133593010607237,0.0023133593010607237,0.0023133593010607237,0.0023133593010607237,0.0023133593010607237,0.0023133593010607237,0.0023133593010607237,0.0023133593010607237,0.0023133593010607237,0.0023133593010607237,0.0023133593010607237,0.00257572091505777,0.0026705842047763276,0.0023133593010607237,0.0023133593010607237,0.0023133593010607237,0.0023133593010607237,0.0023133593010607237,0.0023133593010607237,0.0023133593010607237,0.0023133593010607237,0.0023133593010607237,0.0023133593010607237,0.0023133593010607237,0.0023133593010607237,0.0023133593010607237,0.0023133593010607237,0.0023133593010607237,0.0023133593010607237,-0.009758971618829,-0.009758971618829,-0.00950713741209676,-0.009438286861973554,-0.009758971618829,-0.009758971618829,-0.009758971618829,-0.009758971618829,-0.009758971618829,-0.009758971618829,-0.009758971618829,-0.009758971618829,-0.009758971618829,-0.009758971618829,-0.009758971618829,-0.009758971618829,-0.009758971618829,-0.009758971618829,-0.009758971618829,-0.009758971618829,-0.015795828591055744,-0.015795828591055744,-0.015795828591055744,-0.015795828591055744,-0.015795828591055744,-0.015795828591055744,-0.015795828591055744,-0.015795828591055744,-0.015795828591055744,-0.015795828591055744,-0.015795828591055744,-0.015795828591055744,-0.00039023235788927866,-0.00039023235788927866,-0.00039023235788927866,-0.00039023235788927866,-0.00039023235788927866,-0.00039023235788927866,-0.00039023235788927866,-0.012004662703101611,-0.012004662703101611,-0.012004662703101611,-0.012004662703101611,-0.012004662703101611,-0.012004662703101611,-0.012004662703101611,-0.012004662703101611,-0.012004662703101611,-0.012004662703101611,-0.012004662703101611,-0.012004662703101611,0.0023133593010607237
-0.3686868686868687,0.0023133593010607237,0.0023133593010607237,0.0023133593010607237,0.0023133593010607237,0.0023133593010607237,0.0023133593010607237,0.0023133593010607237,0.0023133593010607237,0.0023133593010607237,0.0023133593010607237,0.0023133593010607237,0.0023133593010607237,0.0023133593010607237,0.0023133593010607237,0.0023133593010607237,0.0023133593010607237,0.0023133593010607237,0.0023133593010607237,0.0023133593010607237,0.0023133593010607237,0.0023133593010607237,0.0023133593010607237,0.0023133593010607237,0.0023133593010607237,0.0023133593010607237,0.0023133593010607237,0.0023133593010607237,0.0023133593010607237,0.0023133593010607237,0.0023133593010607237,0.0026898518578026324,0.002787307998950637,0.0028858433596890944,0.0023133593010607237,0.0023133593010607237,0.0023133593010607237,0.0023133593010607237,0.0023133593010607237,0.0023133593010607237,0.0023133593010607237,0.0023133593010607237,0.0023133593010607237,0.0023133593010607237,0.0023133593010607237,0.0023133593010607237,0.0023133593010607237,0.0023133593010607237,-0.009758971618829,-0.009758971618829,-0.009758971618829,-0.009391740860237547,-0.009318192664243004,-0.009240997696187412,-0.009758971618829,-0.009758971618829,-0.009758971618829,-0.009758971618829,-0.009758971618829,-0.009758971618829,-0.009758971618829,-0.009758971618829,-0.009758971618829,-0.009758971618829,-0.009758971618829,-0.009758971618829,-0.009758971618829,-0.009758971618829,-0.015795828591055744,-0.015795828591055744,-0.015795828591055744,-0.015795828591055744,-0.015795828591055744,-0.015795828591055744,-0.015795828591055744,-0.015795828591055744,-0.015795828591055744,-0.015795828591055744,-0.015795828591055744,-0.015795828591055744,-0.015795828591055744,-0.00039023235788927866,-0.00039023235788927866,-0.00039023235788927866,-0.00039023235788927866,-0.00039023235788927866,-0.00039023235788927866,-0.012004662703101611,-0.012004662703101611,-0.012004662703101611,-0.012004662703101611,-0.012004662703101611,-0.012004662703101611,-0.012004662703101611,-0.012004662703101611,-0.012004662703101611,-0.012004662703101611,-0.012004662703101611,-0.012004662703101611,-0.012004662703101611,0.0023133593010607237
-0.35858585858585856,0.0023133593010607237,0.0023133593010607237,0.0023133593010607237,0.0023133593010607237,0.0023133593010607237,0.0023133593010607237,0.0023133593010607237,0.0023133593010607237,0.0023133593010607237,0.0023133593010607237,0.0023133593010607237,0.0023133593010607237,0.0023133593010607237,0.0023133593010607237,0.0023133593010607237,0.0023133593010607237,0.0023133593010607237,0.0023133593010607237,0.0023133593010607237,0.0023133593010607237,0.0023133593010607237,0.0023133593010607237,0.0023133593010607237,0.0023133593010607237,0.0023133593010607237,0.0023133593010607237,0.0023133593010607237,0.0023133593010607237,0.0023133593010607237,0.0023133593010607237,0.0028076994239341255,0.00290905140317846,0.00301266256626351,0.0031197062619747894,0.0023133593010607237,0.0023133593010607237,0.0023133593010607237,0.0023133593010607237,0.0023133593010607237,0.0023133593010607237,0.0023133593010607237,0.0023133593010607237,0.0023133593010607237,0.0023133593010607237,0.0023133593010607237,0.0023133593010607237,-0.009758971618829,-0.009758971618829,-0.009758971618829,-0.009758971618829,-0.00926943530428288,-0.009190694793408194,-0.009107923728892043,-0.009020826344203675,-0.009758971618829,-0.009758971618829,-0.009758971618829,-0.009758971618829,-0.009758971618829,-0.009758971618829,-0.009758971618829,-0.009758971618829,-0.009758971618829,-0.009758971618829,-0.009758971618829,-0.009758971618829,-0.015795828591055744,-0.015795828591055744,-0.015795828591055744,-0.015795828591055744,-0.015795828591055744,-0.015795828591055744,-0.015795828591055744,-0.015795828591055744,-0.015795828591055744,-0.015795828591055744,-0.015795828591055744,-0.015795828591055744,-0.015795828591055744,-0.015795828591055744,-0.00039023235788927866,-0.00039023235788927866,-0.00039023235788927866,-0.00039023235788927866,-0.00039023235788927866,-0.00039023235788927866,-0.012004662703101611,-0.012004662703101611,-0.012004662703101611,-0.012004662703101611,-0.012004662703101611,-0.012004662703101611,-0.012004662703101611,-0.012004662703101611,-0.012004662703101611,-0.012004662703101611,-0.012004662703101611,-0.012004662703101611,-0.012004662703101611,0.0023133593010607237
-0.3484848484848485,0.0023133593010607237,0.0023133593010607237,0.0023133593010607237,0.0023133593010607237,0.0023133593010607237,0.0023133593010607237,0.0023133593010607237,0.0023133593010607237,0.0023133593010607237,0.0023133593010607237,0.0023133593010607237,0.0023133593010607237,0.0023133593010607237,0.0023133593010607237,0.0023133593010607237,0.0023133593010607237,0.0023133593010607237,0.0023133593010607237,0.0023133593010607237,0.0023133593010607237,0.0023133593010607237,0.0023133593010607237,0.0023133593010607237,0.0023133593010607237,0.0023133593010607237,0.0023133593010607237,0.0023133593010607237,0.0023133593010607237,0.0023133593010607237,0.0023133593010607237,0.0029312770967709696,0.0030382381780455782,0.0031490308987987057,0.003265205217142519,0.00338867314768184,0.0023133593010607237,0.0023133593010607237,0.0023133593010607237,0.0023133593010607237,0.0023133593010607237,0.0023133593010607237,0.0023133593010607237,0.0023133593010607237,0.0023133593010607237,0.0023133593010607237,-0.009758971618829,-0.009758971618829,-0.009758971618829,-0.009758971618829,-0.009758971618829,-0.009139491014323086,-0.009054996637367035,-0.008966034880416435,-0.00887226786819797,-0.008773324103188939,-0.009758971618829,-0.009758971618829,-0.009758971618829,-0.009758971618829,-0.009758971618829,-0.009758971618829,-0.009758971618829,-0.009758971618829,-0.009758971618829,-0.009758971618829,-0.015795828591055744,-0.015795828591055744,-0.015795828591055744,-0.015795828591055744,-0.015795828591055744,-0.015795828591055744,-0.015795828591055744,-0.015795828591055744,-0.015795828591055744,-0.015795828591055744,-0.015795828591055744,-0.015795828591055744,-0.015795828591055744,-0.015795828591055744,-0.015795828591055744,-0.00039023235788927866,-0.00039023235788927866,-0.00039023235788927866,-0.00039023235788927866,-0.00039023235788927866,-0.012004662703101611,-0.012004662703101611,-0.012004662703101611,-0.012004662703101611,-0.012004662703101611,-0.012004662703101611,-0.012004662703101611,-0.012004662703101611,-0.012004662703101611,-0.012004662703101611,-0.012004662703101611,-0.012004662703101611,-0.012004662703101611,-0.012004662703101611,0.0023133593010607237
-0.33838383838383834,0.0023133593010607237,0.0023133593010607237,0.0023133593010607237,0.0023133593010607237,0.0023133593010607237,0.0023133593010607237,0.0023133593010607237,0.0023133593010607237,0.0023133593010607237,0.0023133593010607237,0.0023133593010607237,0.0023133593010607237,0.0023133593010607237,0.0023133593010607237,0.0023133593010607237,0.0023133593010607237,0.0023133593010607237,0.0023133593010607237,0.0023133593010607237,0.0023133593010607237,0.0023133593010607237,0.0023133593010607237,0.0023133593010607237,0.0023133593010607237,0.0023133593010607237,0.0023133593010607237,0.0023133593010607237,0.0023133593010607237,0.0023133593010607237,0.0023133593010607237,0.003063219740679714,0.00317810846220918,0.0032989917964414534,0.003428002368998425,0.003567854956174583,0.0037220886433404457,0.0023133593010607237,0.0023133593010607237,0.0023133593010607237,0.0023133593010607237,0.0023133593010607237,0.0023133593010607237,0.0023133593010607237,0.0023133593010607237,-0.009758971618829,-0.009758971618829,-0.009758971618829,-0.009758971618829,-0.009758971618829,-0.009758971618829,-0.009001079585308863,-0.008910191384765578,-0.00881433655430321,-0.008713127445734868,-0.008606136496314785,-0.008492891043654397,-0.009758971618829,-0.009758971618829,-0.009758971618829,-0.009758971618829,-0.009758971618829,-0.009758971618829,-0.009758971618829,-0.009758971618829,-0.015795828591055744,-0.015795828591055744,-0.015795828591055744,-0.015795828591055744,-0.015795828591055744,-0.015795828591055744,-0.015795828591055744,-0.015795828591055744,-0.015795828591055744,-0.015795828591055744,-0.015795828591055744,-0.015795828591055744,-0.015795828591055744,-0.015795828591055744,-0.015795828591055744,-0.015795828591055744,-0.00039023235788927866,-0.00039023235788927866,-0.00039023235788927866,-0.012004662703101611,-0.012004662703101611,-0.012004662703101611,-0.012004662703101611,-0.012004662703101611,-0.012004662703101611,-0.012004662703101611,-0.012004662703101611,-0.012004662703101611,-0.012004662703101611,-0.012004662703101611,-0.012004662703101611,-0.012004662703101611,-0.012004662703101611,-0.012004662703101611,-0.012004662703101611,0.0023133593010607237
-0.3282828282828283,0.0023133593010607237,0.0023133593010607237,0.0023133593010607237,0.0023133593010607237,0.0023133593010607237,0.0023133593010607237,0.0023133593010607237,0.0023133593010607237,0.0023133593010607237,0.0023133593010607237,0.0023133593010607237,0.0023133593010607237,0.0023133593010607237,0.0023133593010607237,0.0023133593010607237,0.0023133593010607237,0.0023133593010607237,0.0023133593010607237,0.0023133593010607237,0.0023133593010607237,0.0023133593010607237,0.0023133593010607237,0.0023133593010607237,0.0023133593010607237,0.0023133593010607237,0.0023133593010607237,0.0023133593010607237,0.0023133593010607237,0.0023133593010607237,0.0023133593010607237,0.0032070869461786715,0.0033331356792092727,0.003468254687552942,0.003615504670476099,0.0037789097525466743,0.003963892533762968,0.004177949118757369,0.0023133593010607237,0.0023133593010607237,0.0023133593010607237,0.0023133593010607237,0.0023133593010607237,0.0023133593010607237,-0.009758971618829,-0.009758971618829,-0.009758971618829,-0.009758971618829,-0.009758971618829,-0.009758971618829,-0.009758971618829,-0.00885325682121068,-0.00875524249894112,-0.008651688479877847,-0.008542147987383878,-0.008426126611345225,-0.008303075914228259,-0.008172386008044975,-0.009758971618829,-0.009758971618829,-0.009758971618829,-0.009758971618829,-0.009758971618829,-0.009758971618829,-0.015795828591055744,-0.015795828591055744,-0.015795828591055744,-0.015795828591055744,-0.015795828591055744,-0.015795828591055744,-0.015795828591055744,-0.015795828591055744,-0.015795828591055744,-0.015795828591055744,-0.015795828591055744,-0.015795828591055744,-0.015795828591055744,-0.015795828591055744,-0.015795828591055744,-0.015795828591055744,-0.015795828591055744,-0.00039023235788927866,-0.00039023235788927866,-0.00039023235788927866,-0.012004662703101611,-0.012004662703101611,-0.012004662703101611,-0.012004662703101611,-0.012004662703101611,-0.012004662703101611,-0.012004662703101611,-0.012004662703101611,-0.012004662703101611,-0.012004662703101611,-0.012004662703101611,-0.012004662703101611,-0.012004662703101611,-0.012004662703101611,-0.012004662703101611,-0.012004662703101611,0.0023133593010607237
-0.3181818181818182,0.0023133593010607237,0.0023133593010607237,0.0023133593010607237,0.0023133593010607237,0.0023133593010607237,0.0023133593010607237,0.0023133593010607237,0.0023133593010607237,0.0023133593010607237,0.0023133593010607237,0.0023133593010607237,0.0023133593010607237,0.0023133593010607237,0.0023133593010607237,0.0023133593010607237,0.0023133593010607237,0.0023133593010607237,0.0023133593010607237,0.0023133593010607237,0.0023133593010607237,0.0023133593010607237,0.0023133593010607237,0.0023133593010607237,0.0023133593010607237,0.0023133593010607237,0.0023133593010607237,0.0023133593010607237,0.0023133593010607237,0.0023133593010607237,0.0023133593010607237,0.0033678450522093136,0.003509705106735715,0.003665168037309728,0.003838826818894574,0.004036931523734838,0.004268216980143179,0.004545247318133467,0.004886683548275121,0.0023133593010607237,0.0023133593010607237,0.0023133593010607237,0.0023133593010607237,-0.009758971618829,-0.009758971618829,-0.009758971618829,-0.009758971618829,-0.009758971618829,-0.009758971618829,-0.009758971618829,-0.009758971618829,-0.008694942023373505,-0.00858895999778895,-0.008476777469986993,-0.00835787704480572,-0.008231684163990198,-0.008097559169863495,-0.007954788052824709,-0.007802571648690255,-0.009758971618829,-0.009758971618829,-0.009758971618829,-0.009758971618829,-0.015795828591055744,-0.015795828591055744,-0.015795828591055744,-0.015795828591055744,-0.015795828591055744,-0.015795828591055744,-0.015795828591055744,-0.015795828591055744,-0.015795828591055744,-0.015795828591055744,-0.015795828591055744,-0.015795828591055744,-0.015795828591055744,-0.015795828591055744,-0.015795828591055744,-0.015795828591055744,-0.015795828591055744,-0.015795828591055744,-0.00039023235788927866,-0.00039023235788927866,-0.012004662703101611,-0.012004662703101611,-0.012004662703101611,-0.012004662703101611,-0.012004662703101611,-0.012004662703101611,-0.012004662703101611,-0.012004662703101611,-0.012004662703101611,-0.012004662703101611,-0.012004662703101611,-0.012004662703101611,-0.012004662703101611,-0.012004662703101611,-0.012004662703101611,-0.012004662703101611,-0.012004662703101611,0.0023133593010607237
-0.30808080808080807,0.0023133593010607237,0.0023133593010607237,0.0023133593010607237,0.0023133593010607237,0.0023133593010607237,0.0023133593010607237,0.0023133593010607237,0.0023133593010607237,0.0023133593010607237,0.0023133593010607237,0.0023133593010607237,0.0023133593010607237,0.0023133593010607237,0.0023133593010607237,0.0023133593010607237,0.0023133593010607237,0.0023133593010607237,0.0023133593010607237,0.0023133593010607237,0.0023133593010607237,0.0023133593010607237,0.0023133593010607237,0.0023133593010607237,0.0023133593010607237,0.0023133593010607237,0.0023133593010607237,0.0023133593010607237,0.0023133593010607237,0.0023133593010607237,0.0023133593010607237,0.003552660683934729,0.0037172618201794703,0.003902415794124125,0.004115358865725119,0.004366321571991221,0.004670213935346646,0.0050495198391537505,0.005539504637233776,0.006198113573015725,0.0023133593010607237,0.0023133593010607237,-0.009758971618829,-0.009758971618829,-0.009758971618829,-0.009758971618829,-0.009758971618829,-0.009758971618829,-0.009758971618829,-0.009758971618829,-0.009758971618829,-0.008524892785666467,-0.00840997146924378,-0.00828808399082344,-0.00815862813457155,-0.008020932680187635,-0.007874247495911093,-0.007717731978034653,-0.007550441678451418,-0.007371313445904284,-0.009758971618829,-0.009758971618829,-0.015795828591055744,-0.015795828591055744,-0.015795828591055744,-0.015795828591055744,-0.015795828591055744,-0.015795828591055744,-0.015795828591055744,-0.015795828591055744,-0.015795828591055744,-0.015795828591055744,-0.015795828591055744,-0.015795828591055744,-0.015795828591055744,-0.015795828591055744,-0.015795828591055744,-0.015795828591055744,-0.015795828591055744,-0.015795828591055744,-0.015795828591055744,-0.012004662703101611,-0.012004662703101611,-0.012004662703101611,-0.012004662703101611,-0.012004662703101611,-0.012004662703101611,-0.012004662703101611,-0.012004662703101611,-0.012004662703101611,-0.012004662703101611,-0.012004662703101611,-0.012004662703101611,-0.012004662703101611,-0.012004662703101611,-0.012004662703101611,-0.012004662703101611,-0.012004662703101611,-0.012004662703101611,-0.012004662703101611,0.0023133593010607237
-0.29797979797979796,0.13310470700119606,0.13310470700119606,0.13310470700119606,0.13310470700119606,0.13310470700119606,0.13310470700119606,0.13310470700119606,0.13310470700119606,0.13310470700119606,0.13310470700119606,0.13310470700119606,0.13310470700119606,0.13310470700119606,0.13310470700119606,0.13310470700119606,0.13310470700119606,0.13310470700119606,0.13310470700119606,0.13310470700119606,0.13310470700119606,0.13310470700119606,0.13310470700119606,0.13310470700119606,0.13310470700119606,0.13310470700119606,0.13310470700119606,0.13310470700119606,0.13310470700119606,0.13310470700119606,0.13310470700119606,0.007922783446944595,0.008120863835920158,0.008350648724332848,0.008624185995536621,0.008959281860498216,0.00938322862322972,0.009939667926623982,0.010701999833120267,0.011801524988843022,0.013491914041713838,-0.005608448887900665,-0.005608448887900665,-0.005608448887900665,-0.005608448887900665,-0.005608448887900665,-0.005608448887900665,-0.005608448887900665,-0.005608448887900665,-0.005608448887900665,-0.005608448887900665,-0.00834167413833691,-0.008216686434485176,-0.008083840876119752,-0.007942432760426306,-0.007791673590801707,-0.007630678723553607,-0.007458453237171938,-0.0072738769399035355,-0.007075693435702267,-0.006862524374554553,-0.015795828591055744,-0.015795828591055744,-0.015795828591055744,-0.015795828591055744,-0.015795828591055744,-0.015795828591055744,-0.015795828591055744,-0.015795828591055744,-0.015795828591055744,-0.015795828591055744,-0.015795828591055744,-0.015795828591055744,-0.015795828591055744,-0.015795828591055744,-0.015795828591055744,-0.015795828591055744,-0.015795828591055744,-0.015795828591055744,-0.015795828591055744,-0.02741025893626808,0.11463616226610539,0.11463616226610539,0.11463616226610539,0.11463616226610539,0.11463616226610539,0.11463616226610539,0.11463616226610539,0.11463616226610539,0.11463616226610539,0.11463616226610539,0.11463616226610539,0.11463616226610539,0.11463616226610539,0.11463616226610539,0.11463616226610539,0.11463616226610539,0.11463616226610539,0.11463616226610539,0.11463616226610539,0.13310470700119606
-0.28787878787878785,0.13310470700119606,0.13310470700119606,0.13310470700119606,0.13310470700119606,0.13310470700119606,0.13310470700119606,0.13310470700119606,0.13310470700119606,0.13310470700119606,0.13310470700119606,0.13310470700119606,0.13310470700119606,0.13310470700119606,0.13310470700119606,0.13310470700119606,0.13310470700119606,0.13310470700119606,0.13310470700119606,0.13310470700119606,0.13310470700119606,0.13310470700119606,0.13310470700119606,0.13310470700119606,0.13310470700119606,0.13310470700119606,0.13310470700119606,0.13310470700119606,0.13310470700119606,0.13310470700119606,0.13310470700119606,0.008193897090676599,0.008442875746431319,0.008742438580310334,0.009113995409148853,0.009590942767747293,0.010227813840261371,0.011118697193282298,0.012437325538119383,0.014533146615788108,0.018191237771033163,0.025456566903879815,-0.005608448887900665,-0.005608448887900665,-0.005608448887900665,-0.005608448887900665,-0.005608448887900665,-0.005608448887900665,-0.005608448887900665,-0.005608448887900665,-0.005608448887900665,-0.008143620535898432,-0.008007252249746006,-0.007861982015499692,-0.007706980573853697,-0.007541316487429499,-0.007363941398602963,-0.007173675735546355,-0.006969204336083939,-0.006749121352923484,-0.009845448422116026,-0.009591667572750349,-0.015795828591055744,-0.015795828591055744,-0.015795828591055744,-0.015795828591055744,-0.015795828591055744,-0.015795828591055744,-0.015795828591055744,-0.015795828591055744,-0.015795828591055744,-0.015795828591055744,-0.015795828591055744,-0.015795828591055744,-0.015795828591055744,-0.015795828591055744,-0.015795828591055744,-0.015795828591055744,-0.015795828591055744,-0.015795828591055744,-0.02741025893626808,0.11463616226610539,0.11463616226610539,0.11463616226610539,0.11463616226610539,0.11463616226610539,0.11463616226610539,0.11463616226610539,0.11463616226610539,0.11463616226610539,0.11463616226610539,0.11463616226610539,0.11463616226610539,0.11463616226610539,0.11463616226610539,0.11463616226610539,0.11463616226610539,0.11463616226610539,0.11463616226610539,0.11408061804722591,0.13310470700119606
-0.2777777777777778,0.13310470700119606,0.13310470700119606,0.13310470700119606,0.13310470700119606,0.13310470700119606,0.13310470700119606,0.13310470700119606,0.13310470700119606,0.13310470700119606,0.13310470700119606,0.13310470700119606,0.13310470700119606,0.13310470700119606,0.13310470700119606,0.13310470700119606,0.13310470700119606,0.13310470700119606,0.13310470700119606,0.13310470700119606,0.13310470700119606,0.13310470700119606,0.13310470700119606,0.13310470700119606,0.13310470700119606,0.13310470700119606,0.13310470700119606,0.13310470700119606,0.13310470700119606,0.13310470700119606,0.13310470700119606,0.008543890595262654,0.008873618053678532,0.009288054161276772,0.009828422657814207,0.010563591220666642,0.011615757472184178,0.013218630931282218,0.015863993685384686,0.020724563094432838,0.03111877444565993,0.05917971915208357,0.1754437567424549,-0.005608448887900665,-0.005608448887900665,-0.005608448887900665,-0.005608448887900665,-0.005608448887900665,-0.005608448887900665,-0.005608448887900665,-0.005608448887900665,-0.007928788727195315,-0.0077794992037328314,-0.0076200783062384,-0.0074495449199217766,-0.007266794377915385,-0.007070586477976848,-0.006859554406171192,-0.006632307519481481,-0.009721185770900814,-0.009461237843004648,-0.009197974592921909,-0.00898567183981903,-0.015795828591055744,-0.015795828591055744,-0.015795828591055744,-0.015795828591055744,-0.015795828591055744,-0.015795828591055744,-0.015795828591055744,-0.015795828591055744,-0.015795828591055744,-0.015795828591055744,-0.015795828591055744,-0.015795828591055744,-0.015795828591055744,-0.015795828591055744,-0.015795828591055744,-0.015795828591055744,-0.02741025893626808,-0.02741025893626808,0.11463616226610539,0.11463616226610539,0.11463616226610539,0.11463616226610539,0.11463616226610539,0.11463616226610539,0.11463616226610539,0.11463616226610539,0.11463616226610539,0.11463616226610539,0.11463616226610539,0.11463616226610539,0.11463616226610539,0.11463616226610539,0.11463616226610539,0.11463616226610539,0.11463616226610539,0.11408061804722591,0.11408061804722591,0.13310470700119606
-0.2676767676767676,0.13310470700119606,0.13310470700119606,0.13310470700119606,0.13310470700119606,0.13310470700119606,0.13310470700119606,0.13310470700119606,0.13310470700119606,0.13310470700119606,0.13310470700119606,0.13310470700119606,0.13310470700119606,0.13310470700119606,0.13310470700119606,0.13310470700119606,0.13310470700119606,0.13310470700119606,0.13310470700119606,0.13310470700119606,0.13310470700119606,0.13310470700119606,0.13310470700119606,0.13310470700119606,0.13310470700119606,0.13310470700119606,0.13310470700119606,0.13310470700119606,0.13310470700119606,0.13310470700119606,0.13310470700119606,0.009020172148855853,0.009485391431372574,0.010102306666995934,0.010958902459402502,0.01221619716581959,0.014194439144336865,0.017602631557071407,0.024251074770142555,0.039792793095200354,0.08861389643021696,0.359590053424016,-0.5147871606675472,-0.3949281226533502,-0.005608448887900665,-0.005608448887900665,-0.005608448887900665,-0.005608448887900665,-0.005608448887900665,-0.005608448887900665,-0.005608448887900665,-0.007694898991936445,-0.007530872002406366,-0.007355258457860032,-0.007166894872809423,-0.0069644814078615985,-0.00674661660043283,-0.006512008223356351,-0.009593664010490808,-0.009329604639068696,-0.009077345173445396,-0.008935992925241311,-0.009240932311901439,-0.010672669995400192,-0.015795828591055744,-0.015795828591055744,-0.015795828591055744,-0.015795828591055744,-0.015795828591055744,-0.015795828591055744,-0.015795828591055744,-0.015795828591055744,-0.015795828591055744,-0.015795828591055744,-0.015795828591055744,-0.015795828591055744,-0.015795828591055744,-0.02741025893626808,-0.02741025893626808,-0.02741025893626808,-0.02741025893626808,0.11463616226610539,0.11463616226610539,0.11463616226610539,0.11463616226610539,0.11463616226610539,0.11463616226610539,0.11463616226610539,0.11463616226610539,0.11463616226610539,0.11463616226610539,0.11463616226610539,0.11463616226610539,0.11463616226610539,0.11463616226610539,0.11463616226610539,0.11463616226610539,0.11408061804722591,0.11408061804722591,0.11408061804722591,0.13310470700119606
-0.25757575757575757,0.13310470700119606,0.13310470700119606,0.13310470700119606,0.13310470700119606,0.13310470700119606,0.13310470700119606,0.13310470700119606,0.13310470700119606,0.13310470700119606,0.13310470700119606,0.13310470700119606,0.13310470700119606,0.13310470700119606,0.13310470700119606,0.13310470700119606,0.13310470700119606,0.13310470700119606,0.13310470700119606,0.13310470700119606,0.13310470700119606,0.13310470700119606,0.13310470700119606,0.13310470700119606,0.13310470700119606,0.13310470700119606,0.13310470700119606,0.13310470700119606,0.13310470700119606,0.13310470700119606,0.13310470700119606,0.009710925805128704,0.010421109936090297,0.011429502214132695,0.012951712084566257,0.015435751141888821,0.019932275755525898,0.02934551106711071,0.053907191462292975,0.1488839235033223,-0.1217395838426109,-0.43034331391570735,-0.380359429998689,-0.317041353877041,-0.22545554080744437,-0.005608448887900665,-0.005608448887900665,-0.005608448887900665,-0.005608448887900665,-0.005608448887900665,-0.005608448887900665,-0.007439261953408074,-0.007258346104591007,-0.007064120221473645,-0.006855230208294365,-0.0066302754604024615,-0.006388220252539703,-0.009463388080986679,-0.009199345155857127,-0.008975363719574924,-0.00896657792916567,-0.009681477063216934,-0.01169965636478017,-0.014035314958575384,-0.015295444518885235,-0.015795828591055744,-0.015795828591055744,-0.015795828591055744,-0.015795828591055744,-0.015795828591055744,-0.015795828591055744,-0.015795828591055744,-0.015795828591055744,-0.015795828591055744,-0.015795828591055744,-0.015795828591055744,-0.015795828591055744,-0.02741025893626808,-0.02741025893626808,-0.02741025893626808,-0.02741025893626808,0.11463616226610539,0.11463616226610539,0.11463616226610539,0.11463616226610539,0.11463616226610539,0.11463616226610539,0.11463616226610539,0.11463616226610539,0.11463616226610539,0.11463616226610539,0.11463616226610539,0.11463616226610539,0.11463616226610539,0.11463616226610539,0.11463616226610539,0.11408061804722591,0.11408061804722591,0.11408061804722591,0.11408061804722591,0.13310470700119606
-0.24747474747474746,0.13310470700119606,0.13310470700119606,0.13310470700119606,0.13310470700119606,0.13310470700119606,0.13310470700119606,0.13310470700119606,0.13310470700119606,0.13310470700119606,0.13310470700119606,0.13310470700119606,0.13310470700119606,0.13310470700119606,0.13310470700119606,0.13310470700119606,0.13310470700119606,0.13310470700119606,0.13310470700119606,0.13310470700119606,0.13310470700119606,0.13310470700119606,0.13310470700119606,0.13310470700119606,0.13310470700119606,0.13310470700119606,0.13310470700119606,0.13310470700119606,0.13310470700119606,0.13310470700119606,0.13310470700119606,0.010795898957969882,0.011996587845676907,0.013866870109426912,0.01704830270618952,0.023147824842880412,0.03704440193950843,0.07878344147003923,0.2941192927119602,-0.5509253134890284,-0.3994667435425358,-0.359319620937238,-0.2763322967052703,-0.19027929819661116,-0.13060919725976144,-0.09276906237001056,-0.005608448887900665,-0.005608448887900665,-0.005608448887900665,-0.005608448887900665,-0.005608448887900665,-0.007158691306241601,-0.006958343024319584,-0.006742703793747013,-0.006510443749646966,-0.006261079789235957,-0.00933144611335086,-0.009075329447697766,-0.008910657062337493,-0.009132597115507271,-0.010401887753492654,-0.012797824682629709,-0.014720349653728279,-0.015538284109789684,-0.01579548370302683,-0.01586699592178764,-0.015795828591055744,-0.015795828591055744,-0.015795828591055744,-0.015795828591055744,-0.015795828591055744,-0.015795828591055744,-0.015795828591055744,-0.015795828591055744,-0.015795828591055744,-0.02741025893626808,-0.02741025893626808,-0.02741025893626808,-0.02741025893626808,-0.02741025893626808,-0.02741025893626808,0.11463616226610539,0.11463616226610539,0.11463616226610539,0.11463616226610539,0.11463616226610539,0.11463616226610539,0.11463616226610539,0.11463616226610539,0.11463616226610539,0.11463616226610539,0.11463616226610539,0.11463616226610539,0.11463616226610539,0.11463616226610539,0.11408061804722591,0.11408061804722591,0.11408061804722591,0.11408061804722591,0.11408061804722591,0.13310470700119606
-0.23737373737373735,0.13310470700119606,0.13310470700119606,0.13310470700119606,0.13310470700119606,0.13310470700119606,0.13310470700119606,0.13310470700119606,0.13310470700119606,0.13310470700119606,0.13310470700119606,0.13310470700119606,0.13310470700119606,0.13310470700119606,0.13310470700119606,0.13310470700119606,0.13310470700119606,0.13310470700119606,0.13310470700119606,0.13310470700119606,0.13310470700119606,0.13310470700119606,0.13310470700119606,0.13310470700119606,0.13310470700119606,0.13310470700119606,0.13310470700119606,0.13310470700119606,0.13310470700119606,0.13310470700119606,0.13310470700119606,0.012689201720511684,0.01502582253693556,0.019194544783695502,0.027745380594635775,0.04935477723781378,0.1278351501202205,0.3026292645350644,-0.44551300298896646,-0.38446791919673023,-0.32717389343783876,-0.235722496686257,-0.16067647998693288,-0.11179460066945292,-0.0807350861572843,-0.06030664586713571,-0.046270867267703984,-0.005608448887900665,-0.005608448887900665,-0.005608448887900665,-0.005608448887900665,-0.006849432644872045,-0.006626781702538001,-0.006387093545881821,-0.006130987706717402,-0.009200000927666159,-0.008966518569642009,-0.008914864101363091,-0.009505487985336729,-0.01137875065091689,-0.013778690619346124,-0.01517481397896885,-0.01567681944925713,-0.01582486648088314,-0.015864304959073323,-0.01587274790504174,-0.015872533932691963,-0.015795828591055744,-0.015795828591055744,-0.015795828591055744,-0.015795828591055744,-0.015795828591055744,-0.015795828591055744,-0.015795828591055744,-0.02741025893626808,-0.02741025893626808,-0.02741025893626808,-0.02741025893626808,-0.02741025893626808,-0.02741025893626808,-0.02741025893626808,0.11463616226610539,0.11463616226610539,0.11463616226610539,0.11463616226610539,0.11463616226610539,0.11463616226610539,0.11463616226610539,0.11463616226610539,0.11463616226610539,0.11463616226610539,0.11463616226610539,0.11463616226610539,0.11463616226610539,0.11408061804722591,0.11408061804722591,0.11408061804722591,0.11408061804722591,0.11408061804722591,0.11408061804722591,0.13310470700119606
-0.22727272727272724,0.13310470700119606,0.13310470700119606,0.13310470700119606,0.13310470700119606,0.13310470700119606,0.13310470700119606,0.13310470700119606,0.13310470700119606,0.13310470700119606,0.13310470700119606,0.13310470700119606,0.13310470700119606,0.13310470700119606,0.13310470700119606,0.13310470700119606,0.13310470700119606,0.13310470700119606,0.13310470700119606,0.13310470700119606,0.13310470700119606,0.13310470700119606,0.13310470700119606,0.13310470700119606,0.13310470700119606,0.13310470700119606,0.13310470700119606,0.13310470700119606,0.13310470700119606,0.13310470700119606,0.13310470700119606,0.016523381563355363,0.02213320963262455,0.034605259499961474,0.07054372722149896,0.24120547560479222,-0.5837578040425558,-0.40504318980102577,-0.36603533938444466,-0.2874281059507528,-0.199146178741411,-0.13633390315512925,-0.09641112898107981,-0.0707308960864185,-0.05351035707136649,-0.041460997585326016,-0.03271329274350367,-0.026163893853239285,-0.005608448887900665,-0.005608448887900665,-0.005608448887900665,-0.006507366151025007,-0.006260313928789093,-0.005998839523754019,-0.009073173904904353,-0.008888954390074833,-0.009037832116655561,-0.010148895998930658,-0.012476908081623227,-0.01452969937216479,-0.01545378858889665,-0.01575114005414549,-0.01583496988233289,-0.015856069198825155,-0.01585947948816841,-0.015857979883877188,-0.015855154227564117,-0.015852005904067643,-0.015795828591055744,-0.015795828591055744,-0.015795828591055744,-0.015795828591055744,-0.015795828591055744,-0.02741025893626808,-0.02741025893626808,-0.02741025893626808,-0.02741025893626808,-0.02741025893626808,-0.02741025893626808,-0.02741025893626808,-0.02741025893626808,0.11463616226610539,0.11463616226610539,0.11463616226610539,0.11463616226610539,0.11463616226610539,0.11463616226610539,0.11463616226610539,0.11463616226610539,0.11463616226610539,0.11463616226610539,0.11463616226610539,0.11463616226610539,0.11408061804722591,0.11408061804722591,0.11408061804722591,0.11408061804722591,0.11408061804722591,0.11408061804722591,0.11408061804722591,0.13310470700119606
-0.21717171717171713,0.13310470700119606,0.13310470700119606,0.13310470700119606,0.13310470700119606,0.13310470700119606,0.13310470700119606,0.13310470700119606,0.13310470700119606,0.13310470700119606,0.13310470700119606,0.13310470700119606,0.13310470700119606,0.13310470700119606,0.13310470700119606,0.13310470700119606,0.13310470700119606,0.13310470700119606,0.13310470700119606,0.13310470700119606,0.13310470700119606,0.13310470700119606,0.13310470700119606,0.13310470700119606,0.13310470700119606,0.13310470700119606,0.13310470700119606,0.13310470700119606,0.13310470700119606,0.13310470700119606,0.13310470700119606,0.02629413520916426,0.04539704853667582,0.11092602479969983,0.4453407508737408,-0.46542378044866256,-0.3882759075542721,-0.3367588730886477,-0.24629538737948714,-0.16805684863843207,-0.1164717965031039,-0.0837538864865572,-0.06234181946933347,-0.047703649176181674,-0.037284927294217445,-0.029612072453894918,-0.02379855026102031,-0.0192877800850662,-0.015716671381481268,-0.005608448887900665,-0.005608448887900665,-0.0061304174737098465,-0.005866444808078038,-0.008958600593777457,-0.008870265929023752,-0.009347854912996384,-0.011065674704727638,-0.013504007040013602,-0.015040632350718001,-0.01561510675555944,-0.01578726328300618,-0.015833929632916154,-0.015844617669118495,-0.01584523583168414,-0.015843080448309097,-0.015840195307873797,-0.015837152475505174,-0.01583411141617377,-0.015831115623724388,-0.015795828591055744,-0.015795828591055744,-0.015795828591055744,-0.02741025893626808,-0.02741025893626808,-0.02741025893626808,-0.02741025893626808,-0.02741025893626808,-0.02741025893626808,-0.02741025893626808,-0.02741025893626808,-0.02741025893626808,0.11463616226610539,0.11463616226610539,0.11463616226610539,0.11463616226610539,0.11463616226610539,0.11463616226610539,0.11463616226610539,0.11463616226610539,0.11463616226610539,0.11463616226610539,0.11463616226610539,0.11408061804722591,0.11408061804722591,0.11408061804722591,0.11408061804722591,0.11408061804722591,0.11408061804722591,0.11408061804722591,0.11408061804722591,0.13310470700119606
-0.20707070707070707,0.13310470700119606,0.13310470700119606,0.13310470700119606,0.13310470700119606,0.13310470700119606,0.13310470700119606,0.13310470700119606,0.13310470700119606,0.13310470700119606,0.13310470700119606,0.13310470700119606,0.13310470700119606,0.13310470700119606,0.13310470700119606,0.13310470700119606,0.13310470700119606,0.13310470700119606,0.13310470700119606,0.13310470700119606,0.13310470700119606,0.13310470700119606,0.13310470700119606,0.13310470700119606,0.13310470700119606,0.13310470700119606,0.13310470700119606,0.13310470700119606,0.13310470700119606,0.13310470700119606,0.13310470700119606,0.06357338395088401,0.2000724326776668,-0.5764008998686355,-0.4121894088735372,-0.3719334398252322,-0.29844258044836586,-0.2084160654569631,-0.14238185711773693,-0.1002507503092139,-0.07325578915948912,-0.05524702340527237,-0.042705505904684034,-0.03363666439370541,-0.026869234097486212,-0.021684916130278703,-0.017624770994044664,-0.014384785641192019,-0.011757182674442701,-0.009596069241896106,-0.005608448887900665,-0.005737284315838291,-0.008870059563830626,-0.008955063613101177,-0.009914752452079798,-0.012149404871446426,-0.014320523538963195,-0.01535988452743795,-0.015703022799627354,-0.015801077576609583,-0.01582645441368046,-0.015831279164889196,-0.01583038508762662,-0.015827934519888707,-0.015825092963702714,-0.0158221864021578,-0.015819305212565526,-0.015816473468185956,-0.015813696549177452,-0.015810974581891537,-0.015795828591055744,-0.02741025893626808,-0.02741025893626808,-0.02741025893626808,-0.02741025893626808,-0.02741025893626808,-0.02741025893626808,-0.02741025893626808,-0.02741025893626808,-0.02741025893626808,-0.02741025893626808,0.11463616226610539,0.11463616226610539,0.11463616226610539,0.11463616226610539,0.11463616226610539,0.11463616226610539,0.11463616226610539,0.11463616226610539,0.11463616226610539,0.11463616226610539,0.11408061804722591,0.11408061804722591,0.11408061804722591,0.11408061804722591,0.11408061804722591,0.11408061804722591,0.11408061804722591,0.11408061804722591,0.11408061804722591,0.13310470700119606
-0.19696969696969696,0.13310470700119606,0.13310470700119606,0.13310470700119606,0.13310470700119606,0.13310470700119606,0.13310470700119606,0.13310470700119606,0.13310470700119606,0.13310470700119606,0.13310470700119606,0.13310470700119606,0.13310470700119606,0.13310470700119606,0.13310470700119606,0.13310470700119606,0.13310470700119606,0.13310470700119606,0.13310470700119606,0.13310470700119606,0.13310470700119606,0.13310470700119606,0.13310470700119606,0.13310470700119606,0.13310470700119606,0.13310470700119606,0.13310470700119606,0.13310470700119606,0.13310470700119606,0.13310470700119606,0.13310470700119606,0.13594952348582592,0.15194962045269472,-0.438810203647125,-0.38288367418861097,-0.32311086746446,-0.2315015598144189,-0.1577944130119317,-0.10998599159765707,-0.07957852823024406,-0.05953645980427922,-0.04573736423662153,-0.035855632905695975,-0.028541015018046446,-0.022975257859240678,-0.018641189030107173,-0.015199436924891127,-0.012419939557059174,-0.010142291623113673,-0.008251893583309895,-0.006665107364182125,-0.008904388389824276,-0.008870323234106478,-0.009511546544304592,-0.011446792923422669,-0.013823868117020967,-0.015163879913149686,-0.01563899767932724,-0.015778674550169316,-0.015816042006274546,-0.015824254000922848,-0.015824322583504937,-0.015822155213163568,-0.0158194063435545,-0.015816539000270854,-0.015813682068911823,-0.015810870472556356,-0.015808112650447244,-0.015805409585163206,-0.01580276018871495,-0.027414593177866764,-0.02741025893626808,-0.02741025893626808,-0.02741025893626808,-0.02741025893626808,-0.02741025893626808,-0.02741025893626808,-0.02741025893626808,-0.02741025893626808,-0.02741025893626808,-0.02741025893626808,0.11463616226610539,0.11463616226610539,0.11463616226610539,0.11463616226610539,0.11463616226610539,0.11463616226610539,0.11463616226610539,0.11463616226610539,0.11463616226610539,0.11408061804722591,0.11408061804722591,0.11408061804722591,0.11408061804722591,0.11408061804722591,0.11408061804722591,0.11408061804722591,0.11408061804722591,0.11408061804722591,0.11408061804722591,0.13310470700119606
-0.18686868686868685,0.13310470700119606,0.13310470700119606,0.13310470700119606,0.13310470700119606,0.13310470700119606,0.13310470700119606,0.13310470700119606,0.13310470700119606,0.13310470700119606,0.13310470700119606,0.13310470700119606,0.13310470700119606,0.13310470700119606,0.13310470700119606,0.13310470700119606,0.13310470700119606,0.13310470700119606,0.13310470700119606,0.13310470700119606,0.13310470700119606,0.13310470700119606,0.13310470700119606,0.13310470700119606,0.13310470700119606,0.13310470700119606,0.13310470700119606,0.13310470700119606,0.13310470700119606,0.13310470700119606,0.13310470700119606,-0.5233549838897421,0.1460864443554389,-0.057360824816120044,-0.43216487711798013,-0.3809465681141486,-0.31844064236547315,-0.22682325234311984,-0.15459851518216028,-0.10794526645131328,-0.07823757083623407,-0.058611705572651704,-0.045069130867959016,-0.035352715876318566,-0.028149163747088972,-0.022660770694089605,-0.018382281872524973,-0.014981531749307846,-0.012232983326962427,-0.00997916884006576,-0.011440717394553998,-0.008706841812546178,-0.008909098554267079,-0.008894682319020814,-0.009592693613715881,-0.011592615230663829,-0.01393888956168355,-0.015217558908425508,-0.015663859996263737,-0.015794120552889646,-0.015828592436045605,-0.015835817452592826,-0.015835441500911852,-0.015832985374969223,-0.015829995063408504,-0.015826903097755973,-0.015823829701225926,-0.01582080726383639,-0.01581784342063396,-0.02742936918678221,-0.027426522613492026,-0.02741025893626808,-0.02741025893626808,-0.02741025893626808,-0.02741025893626808,-0.02741025893626808,-0.02741025893626808,-0.02741025893626808,-0.02741025893626808,-0.02741025893626808,-0.02741025893626808,0.11463616226610539,0.11463616226610539,0.11463616226610539,0.11463616226610539,0.11463616226610539,0.11463616226610539,0.11463616226610539,0.11463616226610539,0.11408061804722591,0.11408061804722591,0.11408061804722591,0.11408061804722591,0.11408061804722591,0.11408061804722591,0.11408061804722591,0.11408061804722591,0.11408061804722591,0.11408061804722591,0.11408061804722591,0.13310470700119606
-0.17676767676767674,0.13310470700119606,0.13310470700119606,0.13310470700119606,0.13310470700119606,0.13310470700119606,0.13310470700119606,0.13310470700119606,0.13310470700119606,0.13310470700119606,0.13310470700119606,0.13310470700119606,0.13310470700119606,0.13310470700119606,0.13310470700119606,0.13310470700119606,0.13310470700119606,0.13310470700119606,0.13310470700119606,0.13310470700119606,0.13310470700119606,0.13310470700119606,0.13310470700119606,0.13310470700119606,0.13310470700119606,0.13310470700119606,0.13310470700119606,0.13310470700119606,0.13310470700119606,0.13310470700119606,0.13310470700119606,-0.37505810167801207,-0.5076078365168396,0.15733939049489104,-0.26373082009400134,-0.42629916823777064,-0.3789105481082558,-0.313682102114878,-0.22221712873474617,-0.15148008871713323,-0.10595461813339534,-0.07692729854423179,-0.05770656629734294,-0.044414252949252546,-0.03485948110579995,-0.02776473757621609,-0.022352258682095224,-0.018128380381949402,-0.01476796046400969,-0.015383145734720596,-0.013152810893944225,-0.010425172289455937,-0.00853042565738258,-0.008913570353509662,-0.00892022045608577,-0.009677272292356908,-0.011738924554240136,-0.014049618954430052,-0.015268241150764738,-0.01568726750715112,-0.0158087011146907,-0.01584046538244002,-0.0158467678573104,-0.015845976240441532,-0.015843249929116742,-0.015840033554186436,-0.01583673115297408,-0.015833454857358566,-0.027444665040117874,-0.02744150789943336,-0.02743841416339608,-0.02741025893626808,-0.02741025893626808,-0.02741025893626808,-0.02741025893626808,-0.02741025893626808,-0.02741025893626808,-0.02741025893626808,-0.02741025893626808,-0.02741025893626808,-0.02741025893626808,0.11463616226610539,0.11463616226610539,0.11463616226610539,0.11463616226610539,0.11463616226610539,0.11463616226610539,0.11463616226610539,0.11408061804722591,0.11408061804722591,0.11408061804722591,0.11408061804722591,0.11408061804722591,0.11408061804722591,0.11408061804722591,0.11408061804722591,0.11408061804722591,0.11408061804722591,0.11408061804722591,0.11408061804722591,0.13310470700119606
-0.16666666666666663,0.13310470700119606,0.13310470700119606,0.13310470700119606,0.13310470700119606,0.13310470700119606,0.13310470700119606,0.13310470700119606,0.13310470700119606,0.13310470700119606,0.13310470700119606,0.13310470700119606,0.13310470700119606,0.13310470700119606,0.13310470700119606,0.13310470700119606,0.13310470700119606,0.13310470700119606,0.13310470700119606,0.13310470700119606,0.13310470700119606,0.13310470700119606,0.13310470700119606,0.13310470700119606,0.13310470700119606,0.13310470700119606,0.13310470700119606,0.13310470700119606,0.13310470700119606,0.13310470700119606,0.13310470700119606,-0.24933782478184544,-0.37234258910103574,-0.4931074826377968,0.1698706460786961,-0.42284579711670095,-0.42112307544386285,-0.376758643185085,-0.3088469028805022,-0.2176861028262614,-0.1484375741690585,-0.10401257425078445,-0.07564677248123716,-0.056820443091313254,-0.04377231720238998,-0.0343756171088295,-0.027387483388022556,-0.022049504053568265,-0.0212125547296979,-0.01789180851891423,-0.015203727137276897,-0.013947507889876856,-0.010353706484895387,-0.008356226195244067,-0.00891789304784014,-0.008947099127491734,-0.0097653778443462,-0.011885403260891776,-0.014156056729248112,-0.015316074684975046,-0.01570930817248791,-0.01582246910517068,-0.015851701527537187,-0.015857141580432492,-0.015855961180556648,-0.015852981952234384,-0.01584955380962429,-0.027460484509329176,-0.027457017934590718,-0.027453612254647444,-0.027450273665123273,-0.02741025893626808,-0.02741025893626808,-0.02741025893626808,-0.02741025893626808,-0.02741025893626808,-0.02741025893626808,-0.02741025893626808,-0.02741025893626808,-0.02741025893626808,-0.02741025893626808,0.11463616226610539,0.11463616226610539,0.11463616226610539,0.11463616226610539,0.11463616226610539,0.11463616226610539,0.11408061804722591,0.11408061804722591,0.11408061804722591,0.11408061804722591,0.11408061804722591,0.11408061804722591,0.11408061804722591,0.11408061804722591,0.11408061804722591,0.11408061804722591,0.11408061804722591,0.11408061804722591,0.11408061804722591,0.13310470700119606
-0.15656565656565652,0.13310470700119606,0.13310470700119606,0.13310470700119606,0.13310470700119606,0.13310470700119606,0.13310470700119606,0.13310470700119606,0.13310470700119606,0.13310470700119606,0.13310470700119606,0.13310470700119606,0.13310470700119606,0.13310470700119606,0.13310470700119606,0.13310470700119606,0.13310470700119606,0.13310470700119606,0.13310470700119606,0.13310470700119606,0.13310470700119606,0.13310470700119606,0.13310470700119606,0.13310470700119606,0.13310470700119606,0.13310470700119606,0.13310470700119606,0.13310470700119606,0.13310470700119606,0.13310470700119606,0.13310470700119606,-0.135629388709056,-0.2440773673016427,-0.3694262465986541,-0.47991259678282033,0.18386895578006965,-0.5217357980042856,-0.41655410093557527,-0.3744762554613353,-0.3039467793535575,-0.21323262508217938,-0.1454693789149155,-0.10211770650847685,-0.07439509072935215,-0.05595276334331554,-0.043142930312558087,-0.0339008289446265,-0.03035042800354092,-0.025085567817275032,-0.020968091849691697,-0.017686377582258835,-0.01512414443450192,-0.013837833063611225,-0.010282917935129358,-0.008179689305879539,-0.008922155225663388,-0.00897548047663837,-0.009857084277892794,-0.01203172585404685,-0.014258221217492867,-0.015361202691026614,-0.015730064482574732,-0.01583547377776508,-0.01586233872448292,-0.01586697246081758,-0.01586542832341716,-0.027476642593844507,-0.027473015984700824,-0.02746933137204098,-0.02746568626907577,-0.02746210644434608,-0.02741025893626808,-0.02741025893626808,-0.02741025893626808,-0.02741025893626808,-0.02741025893626808,-0.02741025893626808,-0.02741025893626808,-0.02741025893626808,-0.02741025893626808,-0.02741025893626808,0.11463616226610539,0.11463616226610539,0.11463616226610539,0.11463616226610539,0.11463616226610539,0.11408061804722591,0.11408061804722591,0.11408061804722591,0.11408061804722591,0.11408061804722591,0.11408061804722591,0.11408061804722591,0.11408061804722591,0.11408061804722591,0.11408061804722591,0.11408061804722591,0.11408061804722591,0.11408061804722591,0.11408061804722591,0.13310470700119606
-0.1464646464646464,0.13310470700119606,0.13310470700119606,0.13310470700119606,0.13310470700119606,0.13310470700119606,0.13310470700119606,0.13310470700119606,0.13310470700119606,0.13310470700119606,0.13310470700119606,0.13310470700119606,0.13310470700119606,0.13310470700119606,0.13310470700119606,0.13310470700119606,0.13310470700119606,0.13310470700119606,0.13310470700119606,0.13310470700119606,0.13310470700119606,0.13310470700119606,0.13310470700119606,0.13310470700119606,0.13310470700119606,0.13310470700119606,0.13310470700119606,0.13310470700119606,0.13310470700119606,0.13310470700119606,0.13310470700119606,-0.07888269985791731,-0.13256218955437257,-0.23881306074993977,-0.3662870971759099,-0.4679765291003663,0.19955271028286664,-0.5712347713808927,-0.412516833572229,-0.3720511426051385,-0.29899341350178654,-0.2088587121459859,-0.14257388596672843,-0.10026862973952065,-0.07317138640415105,-0.05510297905364183,-0.04585898281348891,-0.03676810224354356,-0.029986815727803498,-0.024793727362687725,-0.020728086215302928,-0.015216616789510267,-0.014943200943350958,-0.013719135685814907,-0.010206641734951298,-0.007993848175008483,-0.008926445261466867,-0.009005527322670168,-0.009952442794160861,-0.01217756293829759,-0.014356147384768552,-0.015403763338546664,-0.015749613803470744,-0.015847761049229036,-0.015872412226767774,-0.02749072236273119,-0.027488837834093272,-0.027485399880025393,-0.027481587191009346,-0.02747772904796661,-0.027473916368425538,-0.02741025893626808,-0.02741025893626808,-0.02741025893626808,-0.02741025893626808,-0.02741025893626808,-0.02741025893626808,-0.02741025893626808,-0.02741025893626808,-0.02741025893626808,-0.02741025893626808,0.11463616226610539,0.11463616226610539,0.11463616226610539,0.11463616226610539,0.11408061804722591,0.11408061804722591,0.11408061804722591,0.11408061804722591,0.11408061804722591,0.11408061804722591,0.11408061804722591,0.11408061804722591,0.11408061804722591,0.11408061804722591,0.11408061804722591,0.11408061804722591,0.11408061804722591,0.11408061804722591,0.11408061804722591,0.13310470700119606
-0.13636363636363635,0.13310470700119606,0.13310470700119606,0.13310470700119606,0.13310470700119606,0.13310470700119606,0.13310470700119606,0.13310470700119606,0.13310470700119606,0.13310470700119606,0.13310470700119606,0.13310470700119606,0.13310470700119606,0.13310470700119606,0.13310470700119606,0.13310470700119606,0.13310470700119606,0.13310470700119606,0.13310470700119606,0.13310470700119606,0.13310470700119606,0.13310470700119606,0.13310470700119606,0.13310470700119606,0.13310470700119606,0.13310470700119606,0.13310470700119606,0.13310470700119606,0.13310470700119606,0.13310470700119606,0.13310470700119606,-0.04969611724154145,-0.07710952854361612,-0.12949356260941672,-0.2335336852206838,-0.36290060284035097,-0.4571973590866422,0.21717193562073442,-0.5883227050029068,-0.4089423497886256,-0.36947338967406446,-0.2939983169461098,-0.20456597690311845,-0.13974946190418608,-0.09846400092283096,-0.075308091187293,-0.057603830628671304,-0.04525358654204268,-0.03631064079519437,-0.029629699150458,-0.024507067312943095,-0.015133441154170639,-0.015017518142151503,-0.014751903121427327,-0.013583674563913595,-0.010114888352197331,-0.007786444751472975,-0.008930851744896058,-0.009037403068661935,-0.010051480298960863,-0.012322585154972324,-0.014449885452435246,-0.01544388968663049,-0.01576802870050642,-0.027473804099734423,-0.02749638524125312,-0.027499559982087512,-0.02749735683533976,-0.027493710951810406,-0.02748972372775432,-0.027485702717624346,-0.02741025893626808,-0.02741025893626808,-0.02741025893626808,-0.02741025893626808,-0.02741025893626808,-0.02741025893626808,-0.02741025893626808,-0.02741025893626808,-0.02741025893626808,-0.02741025893626808,0.11463616226610539,0.11463616226610539,0.11463616226610539,0.11408061804722591,0.11408061804722591,0.11408061804722591,0.11408061804722591,0.11408061804722591,0.11408061804722591,0.11408061804722591,0.11408061804722591,0.11408061804722591,0.11408061804722591,0.11408061804722591,0.11408061804722591,0.11408061804722591,0.11408061804722591,0.11408061804722591,0.11408061804722591,0.13310470700119606
-0.12626262626262624,0.13310470700119606,0.13310470700119606,0.13310470700119606,0.13310470700119606,0.13310470700119606,0.13310470700119606,0.13310470700119606,0.13310470700119606,0.13310470700119606,0.13310470700119606,0.13310470700119606,0.13310470700119606,0.13310470700119606,0.13310470700119606,0.13310470700119606,0.13310470700119606,0.13310470700119606,0.13310470700119606,0.13310470700119606,0.13310470700119606,0.13310470700119606,0.13310470700119606,0.13310470700119606,0.13310470700119606,0.13310470700119606,0.13310470700119606,0.13310470700119606,0.13310470700119606,0.13310470700119606,0.13310470700119606,-0.03294166569819324,-0.048463781929255365,-0.07528849167493282,-0.1264022815182396,-0.22822144367364566,-0.3592373603764525,-0.4474434873331561,0.2370071739653056,-0.5868230598703736,-0.40576756454323715,-0.3667353671858553,-0.28897272751631853,-0.20035565858669882,-0.14032772929735823,-0.10003578350386594,-0.07413787241913045,-0.05678828423844753,-0.044659665345706916,-0.03586145738232033,-0.029278876921515144,-0.015023293048037279,-0.014924396399694473,-0.014803369174934954,-0.01453949808526021,-0.013417571019694336,-0.009988873129192253,-0.007532437782538377,-0.008935463883588133,-0.009071271498882408,-0.010154198024956691,-0.012466467013175083,-0.014539499443717192,-0.027096139970366202,-0.027399807586202096,-0.027484782224803363,-0.02750542773597403,-0.02750794308733756,-0.027505441638105685,-0.027501600835949106,-0.027497449845890247,-0.02741025893626808,-0.02741025893626808,-0.02741025893626808,-0.02741025893626808,-0.02741025893626808,-0.02741025893626808,-0.02741025893626808,-0.02741025893626808,-0.02741025893626808,-0.02741025893626808,0.11463616226610539,0.11463616226610539,0.11408061804722591,0.11408061804722591,0.11408061804722591,0.11408061804722591,0.11408061804722591,0.11408061804722591,0.11408061804722591,0.11408061804722591,0.11408061804722591,0.11408061804722591,0.11408061804722591,0.11408061804722591,0.11408061804722591,0.11408061804722591,0.11408061804722591,0.11408061804722591,0.11408061804722591,0.13310470700119606
-0.11616161616161613,0.13310470700119606,0.13310470700119606,0.13310470700119606,0.13310470700119606,0.13310470700119606,0.13310470700119606,0.13310470700119606,0.13310470700119606,0.13310470700119606,0.13310470700119606,0.13310470700119606,0.13310470700119606,0.13310470700119606,0.13310470700119606,0.13310470700119606,0.13310470700119606,0.13310470700119606,0.13310470700119606,0.13310470700119606,0.13310470700119606,0.13310470700119606,0.13310470700119606,0.13310470700119606,0.13310470700119606,0.13310470700119606,0.13310470700119606,0.13310470700119606,0.13310470700119606,0.13310470700119606,0.13310470700119606,-0.022396121201568912,-0.03193788129690811,-0.04715536983588667,-0.07339502510514466,-0.12325957243535873,-0.22284906014363576,-0.3552594651436362,-0.43856450097821714,0.25936145070469424,-0.5757405911529783,-0.40293460305027357,-0.36383167314198434,-0.2872607854847428,-0.19956191784896146,-0.13764051179508272,-0.09831618514072206,-0.07299322343781665,-0.055989122422417985,-0.04407689276394308,-0.03542031158189551,-0.014904165673500395,-0.014801790926896442,-0.014692518638767383,-0.014558408109799284,-0.014284905565355938,-0.013191749397087298,-0.009786781223355492,-0.007170826958250684,-0.008940371881717996,-0.00910729646017211,-0.010260570313801426,-0.02422332088892236,-0.02623949603560484,-0.02713177619879669,-0.027416153622787532,-0.02749516311946618,-0.027513998682927074,-0.027515897292623395,-0.027513116505279555,-0.027509092927860163,-0.02741025893626808,-0.02741025893626808,-0.02741025893626808,-0.02741025893626808,-0.02741025893626808,-0.02741025893626808,-0.02741025893626808,-0.02741025893626808,-0.02741025893626808,-0.02741025893626808,0.11463616226610539,0.11408061804722591,0.11408061804722591,0.11408061804722591,0.11408061804722591,0.11408061804722591,0.11408061804722591,0.11408061804722591,0.11408061804722591,0.11408061804722591,0.11408061804722591,0.11408061804722591,0.11408061804722591,0.11408061804722591,0.11408061804722591,0.11408061804722591,0.11408061804722591,0.11408061804722591,0.11408061804722591,0.13310470700119606
-0.10606060606060602,0.13310470700119606,0.13310470700119606,0.13310470700119606,0.13310470700119606,0.13310470700119606,0.13310470700119606,0.13310470700119606,0.13310470700119606,0.13310470700119606,0.13310470700119606,0.13310470700119606,0.13310470700119606,0.13310470700119606,0.13310470700119606,0.13310470700119606,0.13310470700119606,0.13310470700119606,0.13310470700119606,0.13310470700119606,0.13310470700119606,0.13310470700119606,0.13310470700119606,0.13310470700119606,0.13310470700119606,0.13310470700119606,0.13310470700119606,0.13310470700119606,0.13310470700119606,0.13310470700119606,0.13310470700119606,-0.015263355531408122,-0.021481261119047808,-0.03083595195492134,-0.045741583034456516,-0.07139497816783533,-0.12002524618260935,-0.2173750705905766,-0.35091457896854306,-0.4303918614766794,0.2845378701036315,-0.5603548655081618,-0.4037234941974004,-0.36409232292666066,-0.2822063974527741,-0.1955188046000679,-0.13501943163317062,-0.09663724857728054,-0.07187340088835355,-0.05520588166556944,-0.043504956370741484,-0.014775672679717989,-0.014664449735488444,-0.014545531640952182,-0.014413508100669341,-0.014248687569755234,-0.013939145950274724,-0.012832837393607814,-0.00939341131240539,-0.006512737613533851,-0.00894566729555892,-0.020760071767565703,-0.021984973953306022,-0.024363979054266773,-0.02632110167692019,-0.02716534623845057,-0.02743155705883613,-0.02750498169234638,-0.027522124833377615,-0.027523446543024736,-0.02752040412839224,-0.02741025893626808,-0.02741025893626808,-0.02741025893626808,-0.02741025893626808,-0.02741025893626808,-0.02741025893626808,-0.02741025893626808,-0.02741025893626808,-0.02741025893626808,-0.02741025893626808,0.11408061804722591,0.11408061804722591,0.11408061804722591,0.11408061804722591,0.11408061804722591,0.11408061804722591,0.11408061804722591,0.11408061804722591,0.11408061804722591,0.11408061804722591,0.11408061804722591,0.11408061804722591,0.11408061804722591,0.11408061804722591,0.11408061804722591,0.11408061804722591,0.11408061804722591,0.11408061804722591,0.11408061804722591,0.13310470700119606
-0.09595959595959591,0.006520164266911781,0.006520164266911781,0.006520164266911781,0.006520164266911781,0.006520164266911781,0.006520164266911781,0.006520164266911781,0.006520164266911781,0.006520164266911781,0.006520164266911781,0.006520164266911781,0.006520164266911781,0.006520164266911781,0.006520164266911781,0.006520164266911781,0.006520164266911781,0.006520164266911781,0.006520164266911781,0.006520164266911781,0.006520164266911781,0.006520164266911781,0.006520164266911781,0.006520164266911781,0.006520164266911781,0.006520164266911781,0.006520164266911781,0.006520164266911781,0.006520164266911781,0.006520164266911781,0.006520164266911781,-0.015320731416092699,-0.019537344338677747,-0.025619137165745914,-0.034773231680490374,-0.04935390787905925,-0.07441255294264255,-0.1218144299716692,-0.21690903949539947,-0.3512990460763568,-0.4279035934111175,0.30761442742377026,-0.5520883388302154,-0.4065917351799502,-0.3660227205831676,-0.28232589305714745,-0.1967330039582074,-0.13763597924969953,-0.10017091527933024,-0.07595081458991436,-0.05961124253224064,-0.0005187239926826643,-0.0003936330863128809,-0.00025604796237762255,-9.988040755100997e-05,8.582327089364428e-05,0.00032961378766760527,0.0007547011369215941,0.0020139506067768445,0.005741169936622263,0.009418631240705945,-0.006451033611945769,-0.006686059157988577,-0.007983625947246862,-0.010387738755844428,-0.012284003077873624,-0.013082122374193102,-0.013331233996971904,-0.013399430489582942,-0.013414991105439176,-0.013415773142066965,-0.006520164266911777,-0.006520164266911777,-0.006520164266911777,-0.006520164266911777,-0.006520164266911777,-0.006520164266911777,-0.006520164266911777,-0.006520164266911777,-0.006520164266911777,-0.0070757084857912345,-0.0005555442188794538,-0.0005555442188794538,-0.0005555442188794538,-0.0005555442188794538,-0.0005555442188794538,-0.0005555442188794538,-0.0005555442188794538,-0.0005555442188794538,-0.0005555442188794538,-0.0005555442188794538,-0.0005555442188794538,-0.0005555442188794538,-0.0005555442188794538,-0.0005555442188794538,-0.0005555442188794538,-0.0005555442188794538,-0.0005555442188794538,-0.0005555442188794538,-0.0005555442188794538,0.006520164266911781
-0.0858585858585858,0.006520164266911781,0.006520164266911781,0.006520164266911781,0.006520164266911781,0.006520164266911781,0.006520164266911781,0.006520164266911781,0.006520164266911781,0.006520164266911781,0.006520164266911781,0.006520164266911781,0.006520164266911781,0.006520164266911781,0.006520164266911781,0.006520164266911781,0.006520164266911781,0.006520164266911781,0.006520164266911781,0.006520164266911781,0.006520164266911781,0.006520164266911781,0.006520164266911781,0.006520164266911781,0.006520164266911781,0.006520164266911781,0.006520164266911781,0.006520164266911781,0.006520164266911781,0.006520164266911781,0.006520164266911781,-0.01146101763811961,-0.014391378986683337,-0.018492384066893713,-0.024419198369856395,-0.033351650991423676,-0.0475850787659438,-0.07202905620226503,-0.11819417418873387,-0.21100565087796924,-0.3459495298311083,-0.4205189715536808,0.3389953843712527,-0.5354644591576209,-0.4044809558331956,-0.3626106360864992,-0.2772824121703595,-0.19285829845578203,-0.13514227936594347,-0.09856978614252371,-0.07487852268037193,-0.00035564123617800697,-0.00020864522156802042,-4.0041024439287615e-05,0.00016132033943437867,0.0004142452533417439,0.0007535649615763282,0.0012557883138208676,0.002147535239607585,0.004328408579866044,0.010296700088378335,0.02111717490682791,-0.006457385578467872,-0.006729530065878091,-0.008100525542209908,-0.010524003989849772,-0.012357984789562933,-0.013111892121742586,-0.013344917371965158,-0.013408220258878252,-0.013422301114065283,-0.006520164266911777,-0.006520164266911777,-0.006520164266911777,-0.006520164266911777,-0.006520164266911777,-0.006520164266911777,-0.006520164266911777,-0.006520164266911777,-0.0070757084857912345,-0.0070757084857912345,-0.0005555442188794538,-0.0005555442188794538,-0.0005555442188794538,-0.0005555442188794538,-0.0005555442188794538,-0.0005555442188794538,-0.0005555442188794538,-0.0005555442188794538,-0.0005555442188794538,-0.0005555442188794538,-0.0005555442188794538,-0.0005555442188794538,-0.0005555442188794538,-0.0005555442188794538,-0.0005555442188794538,-0.0005555442188794538,-0.0005555442188794538,-0.0005555442188794538,-0.0005555442188794538,0.006520164266911781
-0.07575757575757575,0.006520164266911781,0.006520164266911781,0.006520164266911781,0.006520164266911781,0.006520164266911781,0.006520164266911781,0.006520164266911781,0.006520164266911781,0.006520164266911781,0.006520164266911781,0.006520164266911781,0.006520164266911781,0.006520164266911781,0.006520164266911781,0.006520164266911781,0.006520164266911781,0.006520164266911781,0.006520164266911781,0.006520164266911781,0.006520164266911781,0.006520164266911781,0.006520164266911781,0.006520164266911781,0.006520164266911781,0.006520164266911781,0.006520164266911781,0.006520164266911781,0.006520164266911781,0.006520164266911781,0.006520164266911781,-0.008411048001664872,-0.010466576903059088,-0.01328542757224037,-0.01724608459726348,-0.02298917135315597,-0.03166683643597284,-0.04551585292825703,-0.06930708690086368,-0.11420619845558404,-0.20469364901683115,-0.3399132297943299,-0.41335905650600163,0.37212813256100935,-0.5197514171447786,-0.4025222627795288,-0.3590317719002226,-0.27225788992394007,-0.18906761453687088,-0.13270985018601342,-0.09700587587751489,-0.00015887055955384797,2.4665095456742234e-05,0.00024776291276994297,0.0005341576520833684,0.0009274959083576987,0.0015154415622793082,0.0024955769586514406,0.004389177006358692,0.008917707025927476,0.024064145236033112,0.11014736004910927,-0.12959911758639156,-0.006464410962997801,-0.006775802812975553,-0.008220692148822902,-0.010657677614093307,-0.01242831756987964,-0.013139917716845442,-0.013357816568898269,-0.01341653950019235,-0.006520164266911777,-0.006520164266911777,-0.006520164266911777,-0.006520164266911777,-0.006520164266911777,-0.006520164266911777,-0.006520164266911777,-0.0070757084857912345,-0.0070757084857912345,-0.0070757084857912345,-0.0005555442188794538,-0.0005555442188794538,-0.0005555442188794538,-0.0005555442188794538,-0.0005555442188794538,-0.0005555442188794538,-0.0005555442188794538,-0.0005555442188794538,-0.0005555442188794538,-0.0005555442188794538,-0.0005555442188794538,-0.0005555442188794538,-0.0005555442188794538,-0.0005555442188794538,-0.0005555442188794538,-0.0005555442188794538,-0.0005555442188794538,-0.0005555442188794538,-0.0005555442188794538,0.006520164266911781
-0.06565656565656564,0.006520164266911781,0.006520164266911781,0.006520164266911781,0.006520164266911781,0.006520164266911781,0.006520164266911781,0.006520164266911781,0.006520164266911781,0.006520164266911781,0.006520164266911781,0.006520164266911781,0.006520164266911781,0.006520164266911781,0.006520164266911781,0.006520164266911781,0.006520164266911781,0.006520164266911781,0.006520164266911781,0.006520164266911781,0.006520164266911781,0.006520164266911781,0.006520164266911781,0.006520164266911781,0.006520164266911781,0.006520164266911781,0.006520164266911781,0.006520164266911781,0.006520164266911781,0.006520164266911781,0.006520164266911781,-0.005891761089840781,-0.007319863400444681,-0.009257186782371462,-0.01193248458472531,-0.01571488557734191,-0.021229429804703794,-0.02960007887697533,-0.04300747010840719,-0.06609874166916771,-0.10975793162978213,-0.1982220146476706,-0.3348019043222409,-0.41165476184693695,0.39569583149143345,-0.5052859563020902,-0.4006767196536251,-0.35529038227314774,-0.26726052870884914,-0.18536054338697694,-0.1303371030999061,9.518474506420294e-05,0.0003445799573184483,0.0006730020836633685,0.0011390364980689346,0.0018655756932871269,0.003144964685181912,0.005803097203235086,0.012858654453101503,0.04187930465167444,-0.11916862628165965,-0.12401538010934615,-0.14360190842382597,-0.18054465917005869,-0.006472209837285262,-0.006825032388444718,-0.008343956370896702,-0.010788523700546853,-0.012495117478905209,-0.013166296622965227,-0.013369978027636323,-0.006520164266911777,-0.006520164266911777,-0.006520164266911777,-0.006520164266911777,-0.006520164266911777,-0.006520164266911777,-0.0070757084857912345,-0.0070757084857912345,-0.0070757084857912345,-0.0070757084857912345,-0.0005555442188794538,-0.0005555442188794538,-0.0005555442188794538,-0.0005555442188794538,-0.0005555442188794538,-0.0005555442188794538,-0.0005555442188794538,-0.0005555442188794538,-0.0005555442188794538,-0.0005555442188794538,-0.0005555442188794538,-0.0005555442188794538,-0.0005555442188794538,-0.0005555442188794538,-0.0005555442188794538,-0.0005555442188794538,-0.0005555442188794538,-0.0005555442188794538,-0.0005555442188794538,0.006520164266911781
-0.055555555555555525,0.006520164266911781,0.006520164266911781,0.006520164266911781,0.006520164266911781,0.006520164266911781,0.006520164266911781,0.006520164266911781,0.006520164266911781,0.006520164266911781,0.006520164266911781,0.006520164266911781,0.006520164266911781,0.006520164266911781,0.006520164266911781,0.006520164266911781,0.006520164266911781,0.006520164266911781,0.006520164266911781,0.006520164266911781,0.006520164266911781,0.006520164266911781,0.006520164266911781,0.006520164266911781,0.006520164266911781,0.006520164266911781,0.006520164266911781,0.006520164266911781,0.006520164266911781,0.006520164266911781,0.006520164266911781,-0.0037175143379804985,-0.0046707128790061106,-0.0059650218074711854,-0.007742586608936388,-0.010224885899461366,-0.013771159433596098,-0.01899462448380608,-0.027014153809469827,-0.040057418427824155,-0.06304842009100992,-0.10774756827079211,-0.19912831367521594,-0.34058573121704344,-0.4177472426808801,0.4186426786796557,-0.4921759793201483,-0.3989082528556482,-0.35139224415665576,-0.26229790986831486,-0.1817364898251625,0.00045473736926094786,0.0008361932339062055,0.0013977472875682853,0.002316370964155073,0.00404290638556672,0.00798327717865521,0.020202940983684182,0.08822306227719771,-0.14331895068829065,-0.12920732612429406,-0.16613599094801898,-0.19368941877121482,-0.17090619774244514,-0.1278595837082171,-0.006480885061040957,-0.006877369247652147,-0.008470120598149507,-0.010916328960363125,-0.012558504559483118,-0.013191121554242147,-0.006520164266911777,-0.006520164266911777,-0.006520164266911777,-0.006520164266911777,-0.006520164266911777,-0.0070757084857912345,-0.0070757084857912345,-0.0070757084857912345,-0.0070757084857912345,-0.0070757084857912345,-0.0005555442188794538,-0.0005555442188794538,-0.0005555442188794538,-0.0005555442188794538,-0.0005555442188794538,-0.0005555442188794538,-0.0005555442188794538,-0.0005555442188794538,-0.0005555442188794538,-0.0005555442188794538,-0.0005555442188794538,-0.0005555442188794538,-0.0005555442188794538,-0.0005555442188794538,-0.0005555442188794538,-0.0005555442188794538,-0.0005555442188794538,-0.0005555442188794538,-0.0005555442188794538,0.006520164266911781
-0.045454545454545414,0.006520164266911781,0.006520164266911781,0.006520164266911781,0.006520164266911781,0.006520164266911781,0.006520164266911781,0.006520164266911781,0.006520164266911781,0.006520164266911781,0.006520164266911781,0.006520164266911781,0.006520164266911781,0.006520164266911781,0.006520164266911781,0.006520164266911781,0.006520164266911781,0.006520164266911781,0.006520164266911781,0.006520164266911781,0.006520164266911781,0.006520164266911781,0.006520164266911781,0.006520164266911781,0.006520164266911781,0.006520164266911781,0.006520164266911781,0.006520164266911781,0.006520164266911781,0.006520164266911781,0.006520164266911781,-0.0017562913757267137,-0.002328416422998947,-0.0031233504370349703,-0.004230246295500251,-0.005786406803106722,-0.008014762145650353,-0.011309435992722489,-0.016461126361202668,-0.025256523444660277,-0.041407448208690543,-0.06955095967683175,-0.11629735543443544,-0.20330248522249925,-0.3401936439638104,-0.415712945515318,0.4367972523193143,-0.48040948057233973,-0.3971834848475188,-0.3473444923556443,-0.2573769885602831,0.0010316781410277067,0.0017213232474908068,0.0029131214195931105,0.005329818191123328,0.011515682706025777,0.03522308778951273,-0.015384812407730425,-0.1259647952346843,-0.14272631756469167,-0.1835976786373846,-0.19097384834437647,-0.15683790767644884,-0.11765417192909182,-0.08615987689185026,-0.06313906421726977,-0.00649054249296677,-0.006932958076777069,-0.0085989601248357,-0.011040903840104007,-0.012618601710173174,-0.006520164266911777,-0.006520164266911777,-0.006520164266911777,-0.006520164266911777,-0.0070757084857912345,-0.0070757084857912345,-0.0070757084857912345,-0.0070757084857912345,-0.0070757084857912345,-0.0070757084857912345,-0.0005555442188794538,-0.0005555442188794538,-0.0005555442188794538,-0.0005555442188794538,-0.0005555442188794538,-0.0005555442188794538,-0.0005555442188794538,-0.0005555442188794538,-0.0005555442188794538,-0.0005555442188794538,-0.0005555442188794538,-0.0005555442188794538,-0.0005555442188794538,-0.0005555442188794538,-0.0005555442188794538,-0.0005555442188794538,-0.0005555442188794538,-0.0005555442188794538,-0.0005555442188794538,0.006520164266911781
-0.035353535353535304,0.006520164266911781,0.006520164266911781,0.006520164266911781,0.006520164266911781,0.006520164266911781,0.006520164266911781,0.006520164266911781,0.006520164266911781,0.006520164266911781,0.006520164266911781,0.006520164266911781,0.006520164266911781,0.006520164266911781,0.006520164266911781,0.006520164266911781,0.006520164266911781,0.006520164266911781,0.006520164266911781,0.006520164266911781,0.006520164266911781,0.006520164266911781,0.006520164266911781,0.006520164266911781,0.006520164266911781,0.006520164266911781,0.006520164266911781,0.006520164266911781,0.006520164266911781,0.006520164266911781,0.006520164266911781,9.33667717749193e-05,-0.00015259768927112483,-0.000532902483126354,-0.0011058565211855766,-0.00197413244045865,-0.003356008833979427,-0.005817014757206598,-0.010830396154253413,-0.020576785155210796,-0.03440532357613938,-0.05096446573722988,-0.07473851118801729,-0.11675391187017851,-0.20007124088632833,-0.33600344944518684,-0.41275841942548064,0.4326875990173666,-0.4699146437527757,-0.3954716127578978,-0.3431554477806803,0.0021361412332423653,0.0037292211246075296,0.0072633931913036855,0.017724038454244445,0.07152714020114591,-0.15175061248070854,-0.12700020369533438,-0.16114157846762692,-0.19359574835887677,-0.17872736626191044,-0.13903428654341,-0.10440744817976148,-0.07979610380982434,-0.062227505749262335,-0.04759397386366821,-0.035653038510256356,-0.006501291171043571,-0.006991936427927049,-0.008730224700024613,-0.01116208319891043,-0.006520164266911777,-0.006520164266911777,-0.006520164266911777,-0.0070757084857912345,-0.0070757084857912345,-0.0070757084857912345,-0.0070757084857912345,-0.0070757084857912345,-0.0070757084857912345,-0.0070757084857912345,-0.0005555442188794538,-0.0005555442188794538,-0.0005555442188794538,-0.0005555442188794538,-0.0005555442188794538,-0.0005555442188794538,-0.0005555442188794538,-0.0005555442188794538,-0.0005555442188794538,-0.0005555442188794538,-0.0005555442188794538,-0.0005555442188794538,-0.0005555442188794538,-0.0005555442188794538,-0.0005555442188794538,-0.0005555442188794538,-0.0005555442188794538,-0.0005555442188794538,-0.0005555442188794538,0.006520164266911781
-0.025252525252525193,0.006520164266911781,0.006520164266911781,0.006520164266911781,0.006520164266911781,0.006520164266911781,0.006520164266911781,0.006520164266911781,0.006520164266911781,0.006520164266911781,0.006520164266911781,0.006520164266911781,0.006520164266911781,0.006520164266911781,0.006520164266911781,0.006520164266911781,0.006520164266911781,0.006520164266911781,0.006520164266911781,0.006520164266911781,0.006520164266911781,0.006520164266911781,0.006520164266911781,0.006520164266911781,0.006520164266911781,0.006520164266911781,0.006520164266911781,0.006520164266911781,0.006520164266911781,0.006520164266911781,0.006520164266911781,0.0019164428143501082,0.0019678322174594524,0.0019477544636619516,0.001785958851382768,0.0012650887293102233,-0.00031906202399678384,-0.004653332195835079,-0.012612513191593285,-0.02117710104958223,-0.02906342941352644,-0.03834279433563917,-0.051870769224651794,-0.0741442251627155,-0.11488405123944564,-0.1961448228763897,-0.3314606082840897,-0.41004880364087826,0.3869856566528655,-0.4605927544324451,-0.3937443242277773,0.004888061644575937,0.01034274368839803,0.029947220817213197,0.08743292409984404,-0.1283637222574821,-0.1385066400765252,-0.17950310106513404,-0.19294511132153724,-0.16178303365867247,-0.12249140247725238,-0.09248212310110165,-0.07165853333903245,-0.05712070585557421,-0.04661171308961767,-0.038342421111225086,-0.029960079981504385,-0.022166689288324923,-0.006513243458572263,-0.007054433232676495,-0.008863640502913274,-0.006520164266911777,-0.006520164266911777,-0.0070757084857912345,-0.0070757084857912345,-0.0070757084857912345,-0.0070757084857912345,-0.0070757084857912345,-0.0070757084857912345,-0.0070757084857912345,-0.0070757084857912345,-0.0005555442188794538,-0.0005555442188794538,-0.0005555442188794538,-0.0005555442188794538,-0.0005555442188794538,-0.0005555442188794538,-0.0005555442188794538,-0.0005555442188794538,-0.0005555442188794538,-0.0005555442188794538,-0.0005555442188794538,-0.0005555442188794538,-0.0005555442188794538,-0.0005555442188794538,-0.0005555442188794538,-0.0005555442188794538,-0.0005555442188794538,-0.0005555442188794538,-0.0005555442188794538,0.006520164266911781
-0.015151515151515138,0.006520164266911781,0.006520164266911781,0.006520164266911781,0.006520164266911781,0.006520164266911781,0.006520164266911781,0.006520164266911781,0.006520164266911781,0.006520164266911781,0.006520164266911781,0.006520164266911781,0.006520164266911781,0.006520164266911781,0.006520164266911781,0.006520164266911781,0.006520164266911781,0.006520164266911781,0.006520164266911781,0.006520164266911781,0.006520164266911781,0.006520164266911781,0.006520164266911781,0.006520164266911781,0.006520164266911781,0.006520164266911781,0.006520164266911781,0.006520164266911781,0.006520164266911781,0.006520164266911781,0.006520164266911781,0.003786655384414995,0.004108133320913026,0.004334091143005863,0.004141115076567544,0.0024863789504104197,-0.002359278512553498,-0.00932165359031337,-0.014934163438201009,-0.019255230915647358,-0.02378653706124599,-0.029694476850711648,-0.03820138666221942,-0.05131425695021182,-0.0731082258763768,-0.1129214999309116,-0.19226037355181155,-0.3268028960066889,-0.4076016721593449,0.27940666077364484,-0.45233597550190846,0.015629437407806868,0.058215789231993074,-0.15857940835333223,-0.1255127739572881,-0.15604430187759133,-0.1919425450961666,-0.1826561197136595,-0.14374793712568198,-0.10796157724723272,-0.08234955132687921,-0.06463579690273255,-0.052133502889028245,-0.043035984192079185,-0.03621284058219322,-0.03090321674391072,-0.026274213378242556,-0.020561057317633337,-0.014592767751070022,-0.006526515151853906,-0.007120567205644172,-0.006520164266911777,-0.0070757084857912345,-0.0070757084857912345,-0.0070757084857912345,-0.0070757084857912345,-0.0070757084857912345,-0.0070757084857912345,-0.0070757084857912345,-0.0070757084857912345,-0.0070757084857912345,-0.0005555442188794538,-0.0005555442188794538,-0.0005555442188794538,-0.0005555442188794538,-0.0005555442188794538,-0.0005555442188794538,-0.0005555442188794538,-0.0005555442188794538,-0.0005555442188794538,-0.0005555442188794538,-0.0005555442188794538,-0.0005555442188794538,-0.0005555442188794538,-0.0005555442188794538,-0.0005555442188794538,-0.0005555442188794538,-0.0005555442188794538,-0.0005555442188794538,-0.0005555442188794538,0.006520164266911781
-0.0050505050505050275,0.006520164266911781,0.006520164266911781,0.006520164266911781,0.006520164266911781,0.006520164266911781,0.006520164266911781,0.006520164266911781,0.006520164266911781,0.006520164266911781,0.006520164266911781,0.006520164266911781,0.006520164266911781,0.006520164266911781,0.006520164266911781,0.006520164266911781,0.006520164266911781,0.006520164266911781,0.006520164266911781,0.006520164266911781,0.006520164266911781,0.006520164266911781,0.006520164266911781,0.006520164266911781,0.006520164266911781,0.006520164266911781,0.006520164266911781,0.006520164266911781,0.006520164266911781,0.006520164266911781,0.006520164266911781,0.005732829813854344,0.006147459778719733,0.005890703794637153,0.0034966230365182835,-0.0020708061671002916,-0.00782382992247829,-0.011482467001769222,-0.014030123418163292,-0.01654740924174449,-0.019623248156726992,-0.023718559969604498,-0.029437485438496103,-0.03779234279904364,-0.050686516506178954,-0.07206952848841579,-0.11099886194374652,-0.18845842416889005,-0.32205434048664006,-0.4053735307343904,0.10485736897559324,0.1139680922031066,-0.13229085405531843,-0.13472996338820623,-0.17498905549549076,-0.19421180779706412,-0.1665605045389053,-0.12674479647707387,-0.09550261988259942,-0.07375099650200355,-0.05861439965961038,-0.04778889903844699,-0.03980787637845846,-0.0337605479627074,-0.029068295514663108,-0.025345646667847874,-0.02228389329771967,-0.019349485617535064,-0.014986001547405946,-0.009927530426112628,-0.006541225544789563,-0.0070757084857912345,-0.0070757084857912345,-0.0070757084857912345,-0.0070757084857912345,-0.0070757084857912345,-0.0070757084857912345,-0.0070757084857912345,-0.0070757084857912345,-0.0070757084857912345,-0.0070757084857912345,-0.0005555442188794538,-0.0005555442188794538,-0.0005555442188794538,-0.0005555442188794538,-0.0005555442188794538,-0.0005555442188794538,-0.0005555442188794538,-0.0005555442188794538,-0.0005555442188794538,-0.0005555442188794538,-0.0005555442188794538,-0.0005555442188794538,-0.0005555442188794538,-0.0005555442188794538,-0.0005555442188794538,-0.0005555442188794538,-0.0005555442188794538,-0.0005555442188794538,-0.0005555442188794538,0.006520164266911781
0.005050505050505083,0.006520164266911781,0.006520164266911781,0.006520164266911781,0.006520164266911781,0.006520164266911781,0.006520164266911781,0.006520164266911781,0.006520164266911781,0.006520164266911781,0.006520164266911781,0.006520164266911781,0.006520164266911781,0.006520164266911781,0.006520164266911781,0.006520164266911781,0.006520164266911781,0.006520164266911781,0.006520164266911781,0.006520164266911781,0.006520164266911781,0.006520164266911781,0.006520164266911781,0.006520164266911781,0.006520164266911781,0.006520164266911781,0.006520164266911781,0.006520164266911781,0.006520164266911781,0.006520164266911781,0.006520164266911781,0.006818469917640252,0.007194051105758202,0.007215400963923282,0.0047831921275691275,-0.0002912962071566576,-0.004388864614427339,-0.006171828003419281,-0.006762679049914972,-0.006940478359236872,-0.0069901469468084815,-5.221320605133327e-05,-5.136159976863129e-05,-4.699698739846987e-05,-4.162771458718562e-05,-3.602908944354017e-05,-3.0442734994516947e-05,-2.4943468583574725e-05,-1.9553092376811476e-05,-1.4276237331832476e-05,-9.111698652175114e-06,-0.028354058933549583,-0.1258443382910083,-0.14322472216048432,-0.1840269334248201,-0.19077671333112126,-0.15646679586361611,-0.11799202032375362,-0.08931403124916414,-0.06946012304514011,-0.05556419964724715,-0.03860020495548405,-0.031162851723875513,-0.02549181024756664,-0.021068553794775905,-0.01755110906292928,-0.014706987667485743,-0.012373772298872163,-0.010435245363573232,-0.008806476435599064,-0.007979777704553742,-0.0070757084857912345,-0.0070757084857912345,-0.0070757084857912345,-0.0070757084857912345,-0.0070757084857912345,-0.0070757084857912345,-0.0070757084857912345,-0.0070757084857912345,-0.0070757084857912345,-0.0070757084857912345,-0.0005555442188794538,-0.0005555442188794538,-0.0005555442188794538,-0.0005555442188794538,-0.0005555442188794538,-0.0005555442188794538,-0.0005555442188794538,-0.0005555442188794538,-0.0005555442188794538,-0.0005555442188794538,-0.0005555442188794538,-0.0005555442188794538,-0.0005555442188794538,-0.0005555442188794538,-0.0005555442188794538,-0.0005555442188794538,-0.0005555442188794538,-0.0005555442188794538,-0.0005555442188794538,0.006520164266911781
0.015151515151515249,0.006520164266911781,0.006520164266911781,0.006520164266911781,0.006520164266911781,0.006520164266911781,0.006520164266911781,0.006520164266911781,0.006520164266911781,0.006520164266911781,0.006520164266911781,0.006520164266911781,0.006520164266911781,0.006520164266911781,0.006520164266911781,0.006520164266911781,0.006520164266911781,0.006520164266911781,0.006520164266911781,0.006520164266911781,0.006520164266911781,0.006520164266911781,0.006520164266911781,0.006520164266911781,0.006520164266911781,0.006520164266911781,0.006520164266911781,0.006520164266911781,0.006520164266911781,0.006520164266911781,0.006520164266911781,0.007092099338825897,0.006851250456541321,0.007213688381821168,0.007152394172569271,0.004547301094127895,-0.0005784530226434344,-0.004546092768017068,-0.006234573856410968,-0.006789529915251973,-0.0069557820770951035,-5.296628417571596e-05,-6.254957001126041e-05,-6.114369965570943e-05,-5.645092513530879e-05,-5.0826901764893895e-05,-4.50000466780203e-05,-3.919730843874674e-05,-3.3488770246117534e-05,-2.7894616279474915e-05,-2.241885302167142e-05,-0.13047920916996655,-0.0808118611870709,-0.12519245406648474,-0.14521593801681315,-0.18562895276897856,-0.18959498329123278,-0.1542148670780952,-0.11613903658908417,-0.08800132051719982,-0.06853303907992261,-0.0479398736797343,-0.038090039105897464,-0.030764655646383282,-0.025171903643727227,-0.020805020795133612,-0.01732923200969173,-0.014516594175517908,-0.012207649981591222,-0.010843708644147267,-0.009230112954472335,-0.0070757084857912345,-0.0070757084857912345,-0.0070757084857912345,-0.0070757084857912345,-0.0070757084857912345,-0.0070757084857912345,-0.0070757084857912345,-0.0070757084857912345,-0.0070757084857912345,-0.0070757084857912345,-0.0005555442188794538,-0.0005555442188794538,-0.0005555442188794538,-0.0005555442188794538,-0.0005555442188794538,-0.0005555442188794538,-0.0005555442188794538,-0.0005555442188794538,-0.0005555442188794538,-0.0005555442188794538,-0.0005555442188794538,-0.0005555442188794538,-0.0005555442188794538,-0.0005555442188794538,-0.0005555442188794538,-0.0005555442188794538,-0.0005555442188794538,-0.0005555442188794538,-0.0005555442188794538,0.006520164266911781
0.025252525252525304,0.006520164266911781,0.006520164266911781,0.006520164266911781,0.006520164266911781,0.006520164266911781,0.006520164266911781,0.006520164266911781,0.006520164266911781,0.006520164266911781,0.006520164266911781,0.006520164266911781,0.006520164266911781,0.006520164266911781,0.006520164266911781,0.006520164266911781,0.006520164266911781,0.006520164266911781,0.006520164266911781,0.006520164266911781,0.006520164266911781,0.006520164266911781,0.006520164266911781,0.006520164266911781,0.006520164266911781,0.006520164266911781,0.006520164266911781,0.006520164266911781,0.006520164266911781,0.006520164266911781,0.006520164266911781,0.0012568028237526978,0.0070137107639412135,0.006883887120279733,0.007231893771550898,0.007082735248491114,0.0043034599641942495,-0.0008603956932079195,-0.0046957079318070685,-0.0062936194921113095,-0.006814729725431726,-2.1340198860815194e-05,-6.38715220301089e-05,-7.2252337124954e-05,-7.032856547034044e-05,-6.533000348530079e-05,-5.9468983362149814e-05,-5.342988483526646e-05,-4.742587054992848e-05,-4.152257847832266e-05,-3.5738677892066864e-05,-0.1895954314099149,-0.13173552728306634,-0.1197207370602565,-0.1247808720185949,-0.14727385435738838,-0.1871129837383515,-0.1882948071309518,-0.1519672419485259,-0.11431967481585674,-0.08671600535255217,-0.06067611787794699,-0.04727757293890546,-0.03758952179463876,-0.03037386250251232,-0.024857944813526076,-0.020546458729491433,-0.017111647629600015,-0.01488555183574041,-0.012600521032346938,-0.010699806479734973,-0.0070757084857912345,-0.0070757084857912345,-0.0070757084857912345,-0.0070757084857912345,-0.0070757084857912345,-0.0070757084857912345,-0.0070757084857912345,-0.0070757084857912345,-0.0070757084857912345,-0.0070757084857912345,-0.0005555442188794538,-0.0005555442188794538,-0.0005555442188794538,-0.0005555442188794538,-0.0005555442188794538,-0.0005555442188794538,-0.0005555442188794538,-0.0005555442188794538,-0.0005555442188794538,-0.0005555442188794538,-0.0005555442188794538,-0.0005555442188794538,-0.0005555442188794538,-0.0005555442188794538,-0.0005555442188794538,-0.0005555442188794538,-0.0005555442188794538,-0.0005555442188794538,-0.0005555442188794538,0.006520164266911781
0.03535353535353536,0.006520164266911781,0.006520164266911781,0.006520164266911781,0.006520164266911781,0.006520164266911781,0.006520164266911781,0.006520164266911781,0.006520164266911781,0.006520164266911781,0.006520164266911781,0.006520164266911781,0.006520164266911781,0.006520164266911781,0.006520164266911781,0.006520164266911781,0.006520164266911781,0.006520164266911781,0.006520164266911781,0.006520164266911781,0.006520164266911781,0.006520164266911781,0.006520164266911781,0.006520164266911781,0.006520164266911781,0.006520164266911781,0.006520164266911781,0.006520164266911781,0.006520164266911781,0.006520164266911781,0.006520164266911781,-0.005171460142475963,0.0009568479444507196,0.006928025334265119,0.0069162207210305676,0.007248427748604072,0.007006042359525926,0.004052060308248757,-0.0011366128869125475,-0.004837950072404813,-0.006349172562920779,0.00011041917518641656,-3.4815402741050895e-05,-7.410804544849961e-05,-8.13625126805125e-05,-7.89546866654822e-05,-7.367107586955564e-05,-6.758947700002057e-05,-6.135291013694386e-05,-5.516158566791206e-05,-4.90769669591768e-05,-0.1648785983987928,-0.19068363292935017,-0.1331109750984561,-0.14318632928913222,-0.1245923060998935,-0.14939046492539484,-0.18847054636875366,-0.18688335843443588,-0.14972744169984098,-0.11253380197969429,-0.07850862527715285,-0.05978642375073756,-0.04662810126454478,-0.03709835082284558,-0.029990226659567003,-0.02454972312883042,-0.020848223775683388,-0.01745372738857538,-0.0147026103085425,-0.012441143166249013,-0.0070757084857912345,-0.0070757084857912345,-0.0070757084857912345,-0.0070757084857912345,-0.0070757084857912345,-0.0070757084857912345,-0.0070757084857912345,-0.0070757084857912345,-0.0070757084857912345,-0.0070757084857912345,-0.0005555442188794538,-0.0005555442188794538,-0.0005555442188794538,-0.0005555442188794538,-0.0005555442188794538,-0.0005555442188794538,-0.0005555442188794538,-0.0005555442188794538,-0.0005555442188794538,-0.0005555442188794538,-0.0005555442188794538,-0.0005555442188794538,-0.0005555442188794538,-0.0005555442188794538,-0.0005555442188794538,-0.0005555442188794538,-0.0005555442188794538,-0.0005555442188794538,-0.0005555442188794538,0.006520164266911781
0.045454545454545525,0.006520164266911781,0.006520164266911781,0.006520164266911781,0.006520164266911781,0.006520164266911781,0.006520164266911781,0.006520164266911781,0.006520164266911781,0.006520164266911781,0.006520164266911781,0.006520164266911781,0.006520164266911781,0.006520164266911781,0.006520164266911781,0.006520164266911781,0.006520164266911781,0.006520164266911781,0.006520164266911781,0.006520164266911781,0.006520164266911781,0.006520164266911781,0.006520164266911781,0.006520164266911781,0.006520164266911781,0.006520164266911781,0.006520164266911781,0.006520164266911781,0.006520164266911781,0.006520164266911781,0.006520164266911781,-0.006782742111425654,-0.005291844519152723,0.0006582384375790208,0.006834678224359188,0.0069480893740572714,0.007263044359752284,0.00692194529236896,0.003793558988241818,-0.0014066426555235459,-0.004973066634424793,0.000547370723377283,8.821843970577624e-05,-4.746315617999985e-05,-8.371873552288152e-05,-8.99180241415389e-05,-8.705766901822038e-05,-8.15082492585776e-05,-7.522127029914968e-05,-6.880090548154229e-05,-6.2435195211179e-05,-0.10553450376615159,-0.16263314290047712,-0.19162702760234668,-0.13459835786403623,-0.15461723615972428,-0.12461127894327818,-0.15155744380855488,-0.18969394629552216,-0.18536806388705748,-0.14749868045382217,-0.10383242308639293,-0.07727613645395887,-0.05891463929485614,-0.045991081793654714,-0.03661623963606109,-0.03016906057886754,-0.024802584930749237,-0.020599051453545018,-0.017244221556413933,-0.014523162959762734,-0.0070757084857912345,-0.0070757084857912345,-0.0070757084857912345,-0.0070757084857912345,-0.0070757084857912345,-0.0070757084857912345,-0.0070757084857912345,-0.0070757084857912345,-0.0070757084857912345,-0.0070757084857912345,-0.0005555442188794538,-0.0005555442188794538,-0.0005555442188794538,-0.0005555442188794538,-0.0005555442188794538,-0.0005555442188794538,-0.0005555442188794538,-0.0005555442188794538,-0.0005555442188794538,-0.0005555442188794538,-0.0005555442188794538,-0.0005555442188794538,-0.0005555442188794538,-0.0005555442188794538,-0.0005555442188794538,-0.0005555442188794538,-0.0005555442188794538,-0.0005555442188794538,-0.0005555442188794538,0.006520164266911781
0.05555555555555558,0.006520164266911781,0.006520164266911781,0.006520164266911781,0.006520164266911781,0.006520164266911781,0.006520164266911781,0.006520164266911781,0.006520164266911781,0.006520164266911781,0.006520164266911781,0.006520164266911781,0.006520164266911781,0.006520164266911781,0.006520164266911781,0.006520164266911781,0.006520164266911781,0.006520164266911781,0.006520164266911781,0.006520164266911781,0.006520164266911781,0.006520164266911781,0.006520164266911781,0.006520164266911781,0.006520164266911781,0.006520164266911781,0.006520164266911781,0.006520164266911781,0.006520164266911781,0.006520164266911781,0.006520164266911781,-0.007037754026439003,-0.0068115478474277185,-0.005405816635362026,0.00036170543106689077,0.006733323419221925,0.006979327655858385,0.007275490534079765,0.006830088393636029,0.0035284748957479183,-0.0016700745131022921,0.0018474905675748292,0.0004982214351614444,6.737889675207423e-05,-5.93358561980598e-05,-9.274332497435562e-05,-9.795399291930164e-05,-9.467048919586857e-05,-8.887312541041851e-05,-8.239485039285584e-05,-7.580334912955311e-05,-0.06966856195621662,-0.10387761012076684,-0.16037432435983395,-0.19242018561576382,-0.13619058582190557,-0.15836986610642714,-0.12482394186249875,-0.1537661232308702,-0.19077635495989992,-0.18375651754473465,-0.13833507574770026,-0.1021128916382689,-0.07606910601281468,-0.05806026794602521,-0.04592169895307061,-0.036698460345261266,-0.029799056815816013,-0.024505255583549802,-0.020354320908444603,-0.017038523523267082,-0.0070757084857912345,-0.0070757084857912345,-0.0070757084857912345,-0.0070757084857912345,-0.0070757084857912345,-0.0070757084857912345,-0.0070757084857912345,-0.0070757084857912345,-0.0070757084857912345,-0.0070757084857912345,-0.0005555442188794538,-0.0005555442188794538,-0.0005555442188794538,-0.0005555442188794538,-0.0005555442188794538,-0.0005555442188794538,-0.0005555442188794538,-0.0005555442188794538,-0.0005555442188794538,-0.0005555442188794538,-0.0005555442188794538,-0.0005555442188794538,-0.0005555442188794538,-0.0005555442188794538,-0.0005555442188794538,-0.0005555442188794538,-0.0005555442188794538,-0.0005555442188794538,-0.0005555442188794538,0.006520164266911781
0.06565656565656575,0.006520164266911781,0.006520164266911781,0.006520164266911781,0.006520164266911781,0.006520164266911781,0.006520164266911781,0.006520164266911781,0.006520164266911781,0.006520164266911781,0.006520164266911781,0.006520164266911781,0.006520164266911781,0.006520164266911781,0.006520164266911781,0.006520164266911781,0.006520164266911781,0.006520164266911781,0.006520164266911781,0.006520164266911781,0.006520164266911781,0.006520164266911781,0.006520164266911781,0.006520164266911781,0.006520164266911781,0.006520164266911781,0.006520164266911781,0.006520164266911781,0.006520164266911781,0.006520164266911781,0.006520164266911781,-0.0070776693829571235,-0.007050604229781633,-0.006838559256401433,-0.005513652101642873,6.795662467171339e-05,0.006623637189275063,0.007009765806305162,0.007285505491078669,0.006730133839999806,0.003257384725890303,0.00502225034106961,0.0017258635522562095,0.0004520031930986104,4.781632182678531e-05,-7.048221182553847e-05,-0.00010121866803029066,-0.00010550297830434526,-0.00010182372327070867,-9.579501755469873e-05,-8.913851023680482e-05,-0.049366554453360384,-0.06870743138549959,-0.10225290447506372,-0.15810679845520426,-0.1930586966968185,-0.1378805852020629,-0.1578003779908576,-0.12521787876248608,-0.1560074810798554,-0.19171187902837328,-0.1751075994403592,-0.13613686508493794,-0.10042611018407234,-0.07544246002565855,-0.057778376135573906,-0.04530852042358217,-0.03623366577167202,-0.0294355523222768,-0.024213103826769836,-0.02011387711188694,-0.0070757084857912345,-0.0070757084857912345,-0.0070757084857912345,-0.0070757084857912345,-0.0070757084857912345,-0.0070757084857912345,-0.0070757084857912345,-0.0070757084857912345,-0.0070757084857912345,-0.0070757084857912345,-0.0005555442188794538,-0.0005555442188794538,-0.0005555442188794538,-0.0005555442188794538,-0.0005555442188794538,-0.0005555442188794538,-0.0005555442188794538,-0.0005555442188794538,-0.0005555442188794538,-0.0005555442188794538,-0.0005555442188794538,-0.0005555442188794538,-0.0005555442188794538,-0.0005555442188794538,-0.0005555442188794538,-0.0005555442188794538,-0.0005555442188794538,-0.0005555442188794538,-0.0005555442188794538,0.006520164266911781
0.0757575757575758,0.006520164266911781,0.006520164266911781,0.006520164266911781,0.006520164266911781,0.006520164266911781,0.006520164266911781,0.006520164266911781,0.006520164266911781,0.006520164266911781,0.006520164266911781,0.006520164266911781,0.006520164266911781,0.006520164266911781,0.006520164266911781,0.006520164266911781,0.006520164266911781,0.006520164266911781,0.006520164266911781,0.006520164266911781,0.006520164266911781,0.006520164266911781,0.006520164266911781,0.006520164266911781,0.006520164266911781,0.006520164266911781,0.006520164266911781,0.006520164266911781,0.006520164266911781,0.006520164266911781,0.006520164266911781,-0.0070856008971597,-0.007087765914342586,-0.00706263176319551,-0.006863889475396263,-0.0056156223538169625,-0.00022233063420379608,0.006505321842339928,0.0070392289713864095,0.007292820253368632,0.006621765209855219,0.009929718766674906,0.004773034928026654,0.001610595634910944,0.0004085480001674154,2.9451967617374422e-05,-8.094754032052261e-05,-0.00010917898346187512,-0.0001125951968176198,-0.00010854575222518791,-0.00010230114537250092,-0.03702137663975945,-0.04876370930838925,-0.06776502294843162,-0.10065966773800077,-0.15583487350972497,-0.19353919864169508,-0.13966121766159478,-0.15504604229429025,-0.12578191086813856,-0.15827213861459483,-0.1855468162799162,-0.1733266050783379,-0.13451315821267035,-0.0993272840761912,-0.07428450564612481,-0.05695741539124172,-0.04470676140013555,-0.03577715378482877,-0.029078350660411922,-0.023925964035120647,-0.0070757084857912345,-0.0070757084857912345,-0.0070757084857912345,-0.0070757084857912345,-0.0070757084857912345,-0.0070757084857912345,-0.0070757084857912345,-0.0070757084857912345,-0.0070757084857912345,-0.0070757084857912345,-0.0005555442188794538,-0.0005555442188794538,-0.0005555442188794538,-0.0005555442188794538,-0.0005555442188794538,-0.0005555442188794538,-0.0005555442188794538,-0.0005555442188794538,-0.0005555442188794538,-0.0005555442188794538,-0.0005555442188794538,-0.0005555442188794538,-0.0005555442188794538,-0.0005555442188794538,-0.0005555442188794538,-0.0005555442188794538,-0.0005555442188794538,-0.0005555442188794538,-0.0005555442188794538,0.006520164266911781
0.08585858585858586,0.006520164266911781,0.006520164266911781,0.006520164266911781,0.006520164266911781,0.006520164266911781,0.006520164266911781,0.006520164266911781,0.006520164266911781,0.006520164266911781,0.006520164266911781,0.006520164266911781,0.006520164266911781,0.006520164266911781,0.006520164266911781,0.006520164266911781,0.006520164266911781,0.006520164266911781,0.006520164266911781,0.006520164266911781,0.006520164266911781,0.006520164266911781,0.006520164266911781,0.006520164266911781,0.006520164266911781,0.006520164266911781,0.006520164266911781,0.006520164266911781,0.006520164266911781,0.006520164266911781,0.006520164266911781,-0.007088770593912884,-0.007094920775638345,-0.007097208883642714,-0.007073891442486208,-0.00688764411575517,-0.005711993711601642,-0.0005085154704384623,0.006378109703871262,0.007067536484700139,0.007297157271883573,0.013453492264495343,0.00964855110118328,0.004531332618668202,0.0015014292584448654,0.00036769679696919456,1.2212182085270797e-05,-9.077403592303586e-05,-0.00011665607384828422,-0.00011925871981184476,-0.00011486294709063706,-0.02897872626905354,-0.03660581865823279,-0.048171433484282766,-0.0668405850426529,-0.09909715440054141,-0.1535625098510689,-0.19385938998009314,-0.14152520780122907,-0.15134809482066197,-0.126505910837818,-0.15360156782189952,-0.18673044639831995,-0.17202791650891217,-0.13235497839435173,-0.09770494896811546,-0.07315019636341408,-0.05615248671014831,-0.04411610675838922,-0.0353286895443522,-0.02872726539963254,-0.0070757084857912345,-0.0070757084857912345,-0.0070757084857912345,-0.0070757084857912345,-0.0070757084857912345,-0.0070757084857912345,-0.0070757084857912345,-0.0070757084857912345,-0.0070757084857912345,-0.0070757084857912345,-0.0005555442188794538,-0.0005555442188794538,-0.0005555442188794538,-0.0005555442188794538,-0.0005555442188794538,-0.0005555442188794538,-0.0005555442188794538,-0.0005555442188794538,-0.0005555442188794538,-0.0005555442188794538,-0.0005555442188794538,-0.0005555442188794538,-0.0005555442188794538,-0.0005555442188794538,-0.0005555442188794538,-0.0005555442188794538,-0.0005555442188794538,-0.0005555442188794538,-0.0005555442188794538,0.006520164266911781
0.09595959595959602,0.006520164266911781,0.006520164266911781,0.006520164266911781,0.006520164266911781,0.006520164266911781,0.006520164266911781,0.006520164266911781,0.006520164266911781,0.006520164266911781,0.006520164266911781,0.006520164266911781,0.006520164266911781,0.006520164266911781,0.006520164266911781,0.006520164266911781,0.006520164266911781,0.006520164266911781,0.006520164266911781,0.006520164266911781,0.006520164266911781,0.006520164266911781,0.006520164266911781,0.006520164266911781,0.006520164266911781,0.006520164266911781,0.006520164266911781,0.006520164266911781,0.006520164266911781,0.006520164266911781,0.006520164266911781,-0.007091302925231642,-0.007097621370096129,-0.007103634313140822,-0.00710604236332573,-0.007084433920325981,-0.00690992180685599,-0.005803026575344321,-0.0007899987224787065,0.006241767266243128,0.00709450118728759,0.014247031118002944,0.01332745122428138,0.009363398486308622,0.004297344509901592,0.001398108364968586,0.0003292990762668733,-3.9719440167768466e-06,-0.0001000010141032721,-0.00012367952373743544,-0.0001255196517871154,-0.023446997237740637,-0.028668932173775315,-0.036196947910386815,-0.0475891654115413,-0.06593337468653625,-0.09756459152120674,-0.1512933219695589,-0.19401802732837842,-0.14346508195091623,-0.1473897403525036,-0.12098737337601762,-0.15643885864197796,-0.1872000761435944,-0.17010796897457314,-0.13021974152245858,-0.09611424102148207,-0.07203895504784777,-0.05536316281704593,-0.04353625440024153,-0.03488804891823264,-0.0070757084857912345,-0.0070757084857912345,-0.0070757084857912345,-0.0070757084857912345,-0.0070757084857912345,-0.0070757084857912345,-0.0070757084857912345,-0.0070757084857912345,-0.0070757084857912345,-0.0070757084857912345,-0.0005555442188794538,-0.0005555442188794538,-0.0005555442188794538,-0.0005555442188794538,-0.0005555442188794538,-0.0005555442188794538,-0.0005555442188794538,-0.0005555442188794538,-0.0005555442188794538,-0.0005555442188794538,-0.0005555442188794538,-0.0005555442188794538,-0.0005555442188794538,-0.0005555442188794538,-0.0005555442188794538,-0.0005555442188794538,-0.0005555442188794538,-0.0005555442188794538,-0.0005555442188794538,0.006520164266911781
0.10606060606060608,-0.006057489141935352,-0.006057489141935352,-0.006057489141935352,-0.006057489141935352,-0.006057489141935352,-0.006057489141935352,-0.006057489141935352,-0.006057489141935352,-0.006057489141935352,-0.006057489141935352,-0.006057489141935352,-0.006057489141935352,-0.006057489141935352,-0.006057489141935352,-0.006057489141935352,-0.006057489141935352,-0.006057489141935352,-0.006057489141935352,-0.006057489141935352,-0.006057489141935352,-0.006057489141935352,-0.006057489141935352,-0.006057489141935352,-0.006057489141935352,-0.006057489141935352,-0.006057489141935352,-0.006057489141935352,-0.006057489141935352,-0.006057489141935352,-0.006057489141935352,-0.006028984736811886,-0.0060348843765991875,-0.006041035951242037,-0.006046924220414366,-0.006049448801381108,-0.006029447877025943,-0.005865956517111238,-0.0048241165753257365,-1.3690791592484526e-06,0.007160957615019555,0.008184786964800355,0.008360601819890163,0.007308271885196442,0.003191066369161352,-0.0018127206415714948,-0.00458356312016938,-0.005590730263694927,-0.005903107669495687,-0.005992607900548276,-0.006014219645688005,-0.004527469254961819,-0.00825165928443686,-0.0134143684108216,-0.020844815909302202,-0.03206687702077284,-0.05009318342563124,-0.08111170974737945,-0.1340811200912345,-0.17906546109545987,-0.13052373129128533,-0.12858151356861577,-0.11400361591415896,-0.15071309878428146,-0.17950885246894166,-0.16012899443483997,-0.12010842612258389,-0.08655405651114323,-0.06294955006201777,-0.046588363573506784,-0.03496624644634548,-0.11020439105385088,-0.11020439105385088,-0.11020439105385088,-0.11020439105385088,-0.11020439105385088,-0.11020439105385088,-0.11020439105385088,-0.11020439105385088,-0.11020439105385088,-0.11020439105385088,-0.12449277752913646,-0.12449277752913646,-0.12449277752913646,-0.12449277752913646,-0.12449277752913646,-0.12449277752913646,-0.12449277752913646,-0.12449277752913646,-0.12449277752913646,-0.12449277752913646,-0.12449277752913646,-0.12449277752913646,-0.12449277752913646,-0.12449277752913646,-0.12449277752913646,-0.12449277752913646,-0.12449277752913646,-0.12449277752913646,-0.12449277752913646,-0.006057489141935352
0.11616161616161624,-0.006057489141935352,-0.006057489141935352,-0.006057489141935352,-0.006057489141935352,-0.006057489141935352,-0.006057489141935352,-0.006057489141935352,-0.006057489141935352,-0.006057489141935352,-0.006057489141935352,-0.006057489141935352,-0.006057489141935352,-0.006057489141935352,-0.006057489141935352,-0.006057489141935352,-0.006057489141935352,-0.006057489141935352,-0.006057489141935352,-0.006057489141935352,-0.006057489141935352,-0.006057489141935352,-0.006057489141935352,-0.006057489141935352,-0.006057489141935352,-0.006057489141935352,-0.006057489141935352,-0.006057489141935352,-0.006057489141935352,-0.006057489141935352,-0.006057489141935352,-0.006031633647243947,-0.0060370321818981375,-0.00604277063317924,-0.006048769583261265,-0.006054544541565178,-0.006057182050463363,-0.006038693063128591,-0.005885550724589089,-0.004905226732773898,-0.0002718391586406901,0.0070058119835123426,0.008208475436534399,0.008354251625913663,0.007163649214495363,0.0029002129533633437,-0.002030873091014427,-0.00467594913896224,-0.005624640225773638,-0.005917369837366066,-0.006000743367238501,-0.0015793509069125114,-0.0043223433162462325,-0.008009362599895504,-0.013113522667820931,-0.020447879254172324,-0.03150294675563049,-0.04921821897283023,-0.07963665987972948,-0.13182794973070935,-0.17890205550255459,-0.13259436172767833,-0.12500923612670856,-0.11515476636929022,-0.1529705564138954,-0.17965745295410626,-0.1580994713309316,-0.11802380445151928,-0.0850252721896947,-0.061882767181856105,-0.04582902727471324,-0.11020439105385088,-0.11020439105385088,-0.11020439105385088,-0.11020439105385088,-0.11020439105385088,-0.11020439105385088,-0.11020439105385088,-0.11020439105385088,-0.11020439105385088,-0.11020439105385088,-0.12449277752913646,-0.12449277752913646,-0.12449277752913646,-0.12449277752913646,-0.12449277752913646,-0.12449277752913646,-0.12449277752913646,-0.12449277752913646,-0.12449277752913646,-0.12449277752913646,-0.12449277752913646,-0.12449277752913646,-0.12449277752913646,-0.12449277752913646,-0.12449277752913646,-0.12449277752913646,-0.12449277752913646,-0.12449277752913646,-0.12449277752913646,-0.006057489141935352
0.1262626262626263,-0.006057489141935352,-0.006057489141935352,-0.006057489141935352,-0.006057489141935352,-0.006057489141935352,-0.006057489141935352,-0.006057489141935352,-0.006057489141935352,-0.006057489141935352,-0.006057489141935352,-0.006057489141935352,-0.006057489141935352,-0.006057489141935352,-0.006057489141935352,-0.006057489141935352,-0.006057489141935352,-0.006057489141935352,-0.006057489141935352,-0.006057489141935352,-0.006057489141935352,-0.006057489141935352,-0.006057489141935352,-0.006057489141935352,-0.006057489141935352,-0.006057489141935352,-0.006057489141935352,-0.006057489141935352,-0.006057489141935352,-0.006057489141935352,-0.006057489141935352,-0.006034402755019711,-0.006039301092717959,-0.006044549562650402,-0.006050140656051253,-0.006055999946683803,-0.0060616718812386,-0.006064418583359395,-0.006047351528670149,-0.0059039267714775965,-0.004981737953435509,-0.0005360988638305734,0.006841083014333333,0.008230214469838907,0.008343724817666487,0.007009492015637797,0.002607684307729968,-0.0022409960337447907,-0.004763237175850903,-0.005656500679020101,-0.005930757753704444,0.0006719721181935866,-0.0014012678299980352,-0.0041200852197034515,-0.007770195310496579,-0.012816475387528193,-0.02005620061339658,-0.030947416224306364,-0.048358565724308834,-0.07819022350107442,-0.12959105087815265,-0.17859507105350808,-0.1347725874524677,-0.1219773807867598,-0.11643265152414031,-0.15519974686006993,-0.17964560268196136,-0.1560256226394847,-0.11596644907405748,-0.08352674097778709,-0.06083740140514955,-0.11020439105385088,-0.11020439105385088,-0.11020439105385088,-0.11020439105385088,-0.11020439105385088,-0.11020439105385088,-0.11020439105385088,-0.11020439105385088,-0.11020439105385088,-0.11020439105385088,-0.12449277752913646,-0.12449277752913646,-0.12449277752913646,-0.12449277752913646,-0.12449277752913646,-0.12449277752913646,-0.12449277752913646,-0.12449277752913646,-0.12449277752913646,-0.12449277752913646,-0.12449277752913646,-0.12449277752913646,-0.12449277752913646,-0.12449277752913646,-0.12449277752913646,-0.12449277752913646,-0.12449277752913646,-0.12449277752913646,-0.12449277752913646,-0.006057489141935352
0.13636363636363646,-0.006057489141935352,-0.006057489141935352,-0.006057489141935352,-0.006057489141935352,-0.006057489141935352,-0.006057489141935352,-0.006057489141935352,-0.006057489141935352,-0.006057489141935352,-0.006057489141935352,-0.006057489141935352,-0.006057489141935352,-0.006057489141935352,-0.006057489141935352,-0.006057489141935352,-0.006057489141935352,-0.006057489141935352,-0.006057489141935352,-0.006057489141935352,-0.006057489141935352,-0.006057489141935352,-0.006057489141935352,-0.006057489141935352,-0.006057489141935352,-0.006057489141935352,-0.006057489141935352,-0.006057489141935352,-0.006057489141935352,-0.006057489141935352,-0.006057489141935352,-0.0060372965135980184,-0.006041700916697996,-0.006046460855758686,-0.0060515723715628056,-0.006057028703457202,-0.006062760146741556,-0.006068338380081554,-0.006071190458506336,-0.0060554606026356735,-0.005921159965425474,-0.005053881403482242,-0.0007937496011807058,0.0066667160683619355,0.008249784965533417,0.008328700091487236,0.006845698237915529,0.002314276966610128,-0.0024430715496030677,-0.004845666413372441,-0.005686431648178261,0.002431849188649059,0.0008315540686753482,-0.0012255718544676045,-0.0039202557823505915,-0.007533743761108116,-0.012522904986148244,-0.01966981539804177,-0.030401682105154447,-0.04752072969742583,-0.07679788826790454,-0.12746455155868724,-0.1784230052443627,-0.137611071024794,-0.12003646880452266,-0.11783009424704466,-0.15738971208622846,-0.17947471224167294,-0.15391405681085055,-0.11393741919745584,-0.08205796741101505,-0.11020439105385088,-0.11020439105385088,-0.11020439105385088,-0.11020439105385088,-0.11020439105385088,-0.11020439105385088,-0.11020439105385088,-0.11020439105385088,-0.11020439105385088,-0.11020439105385088,-0.12449277752913646,-0.12449277752913646,-0.12449277752913646,-0.12449277752913646,-0.12449277752913646,-0.12449277752913646,-0.12449277752913646,-0.12449277752913646,-0.12449277752913646,-0.12449277752913646,-0.12449277752913646,-0.12449277752913646,-0.12449277752913646,-0.12449277752913646,-0.12449277752913646,-0.12449277752913646,-0.12449277752913646,-0.12449277752913646,-0.12449277752913646,-0.006057489141935352
0.14646464646464652,-0.006057489141935352,-0.006057489141935352,-0.006057489141935352,-0.006057489141935352,-0.006057489141935352,-0.006057489141935352,-0.006057489141935352,-0.006057489141935352,-0.006057489141935352,-0.006057489141935352,-0.006057489141935352,-0.006057489141935352,-0.006057489141935352,-0.006057489141935352,-0.006057489141935352,-0.006057489141935352,-0.006057489141935352,-0.006057489141935352,-0.006057489141935352,-0.006057489141935352,-0.006057489141935352,-0.006057489141935352,-0.006057489141935352,-0.006057489141935352,-0.006057489141935352,-0.006057489141935352,-0.006057489141935352,-0.006057489141935352,-0.006057489141935352,-0.006057489141935352,-0.006040299782679902,-0.006044235023802038,-0.006048513160337949,-0.006053146860455916,-0.006058133361445792,-0.006063466415698446,-0.0060690807839981304,-0.0060745737726271235,-0.0060775273694301584,-0.006063054956316057,-0.005937320761095524,-0.005121880088163329,-0.0010444467407722093,0.00648271114365812,0.008266958590691261,0.008308848358230392,0.006672216276577692,0.0020207866986830915,-0.002637120151954342,-0.004923469856667328,0.003835151752557664,0.0025785003465082492,0.0009890927948448774,-0.0010518721856179068,-0.0037226547313588864,-0.007300498817415045,-0.012235845269938426,-0.019301068722124882,-0.02991129788312993,-0.046857515043571954,-0.07586233565556848,-0.1260718580142977,-0.17866132461824907,-0.1403545067536547,-0.11776397832951307,-0.11934013865669098,-0.1595294258481769,-0.17914716207759973,-0.1517710752813217,-0.111937606518222,-0.11020439105385088,-0.11020439105385088,-0.11020439105385088,-0.11020439105385088,-0.11020439105385088,-0.11020439105385088,-0.11020439105385088,-0.11020439105385088,-0.11020439105385088,-0.11020439105385088,-0.12449277752913646,-0.12449277752913646,-0.12449277752913646,-0.12449277752913646,-0.12449277752913646,-0.12449277752913646,-0.12449277752913646,-0.12449277752913646,-0.12449277752913646,-0.12449277752913646,-0.12449277752913646,-0.12449277752913646,-0.12449277752913646,-0.12449277752913646,-0.12449277752913646,-0.12449277752913646,-0.12449277752913646,-0.12449277752913646,-0.12449277752913646,-0.006057489141935352
0.15656565656565657,-0.006057489141935352,-0.006057489141935352,-0.006057489141935352,-0.006057489141935352,-0.006057489141935352,-0.006057489141935352,-0.006057489141935352,-0.006057489141935352,-0.006057489141935352,-0.006057489141935352,-0.006057489141935352,-0.006057489141935352,-0.006057489141935352,-0.006057489141935352,-0.006057489141935352,-0.006057489141935352,-0.006057489141935352,-0.006057489141935352,-0.006057489141935352,-0.006057489141935352,-0.006057489141935352,-0.006057489141935352,-0.006057489141935352,-0.006057489141935352,-0.006057489141935352,-0.006057489141935352,-0.006057489141935352,-0.006057489141935352,-0.006057489141935352,-0.006057489141935352,-0.006043412102181238,-0.0060468881535481415,-0.006050708219993716,-0.006054872016475813,-0.0060593904246576714,-0.006064262794029268,-0.006069483050249329,-0.006074990176980203,-0.006080405598792096,-0.00608345684906945,-0.006070166821404823,-0.00595247509249331,-0.0051859486913436136,-0.0012878994500464815,0.006289126224540279,0.008281497399032663,0.008283833523883885,0.006489048757014348,0.0017280002192167567,-0.002823197423082411,0.004973429868290528,0.003972630851087077,0.002723287633022332,0.0011446023791301,-0.000881395747064965,-0.0035330458264987465,-0.007092677792350824,-0.012034464339171685,-0.01919527071479916,-0.030008262064097582,-0.046933249195578904,-0.07525176038014304,-0.1242492647128468,-0.17797667721953803,-0.1425747722093968,-0.11563995656527123,-0.12095595356102472,-0.1616078758525501,-0.178666242716769,-0.1496026541492079,-0.11020439105385088,-0.11020439105385088,-0.11020439105385088,-0.11020439105385088,-0.11020439105385088,-0.11020439105385088,-0.11020439105385088,-0.11020439105385088,-0.11020439105385088,-0.11020439105385088,-0.12449277752913646,-0.12449277752913646,-0.12449277752913646,-0.12449277752913646,-0.12449277752913646,-0.12449277752913646,-0.12449277752913646,-0.12449277752913646,-0.12449277752913646,-0.12449277752913646,-0.12449277752913646,-0.12449277752913646,-0.12449277752913646,-0.12449277752913646,-0.12449277752913646,-0.12449277752913646,-0.12449277752913646,-0.12449277752913646,-0.12449277752913646,-0.006057489141935352
0.16666666666666674,-0.006057489141935352,-0.006057489141935352,-0.006057489141935352,-0.006057489141935352,-0.006057489141935352,-0.006057489141935352,-0.006057489141935352,-0.006057489141935352,-0.006057489141935352,-0.006057489141935352,-0.006057489141935352,-0.006057489141935352,-0.006057489141935352,-0.006057489141935352,-0.006057489141935352,-0.006057489141935352,-0.006057489141935352,-0.006057489141935352,-0.006057489141935352,-0.006057489141935352,-0.006057489141935352,-0.006057489141935352,-0.006057489141935352,-0.006057489141935352,-0.006057489141935352,-0.006057489141935352,-0.006057489141935352,-0.006057489141935352,-0.006057489141935352,-0.006057489141935352,-0.006046628070059189,-0.006049659174216255,-0.006053031287960992,-0.006056747095558361,-0.006060807499994729,-0.006065220495167854,-0.006069988662469369,-0.0060751056924477085,-0.006080514561922977,-0.006085859393876139,-0.0060890044536818615,-0.00607682618743411,-0.00596668468047727,-0.0052462934885266045,-0.0015238698008068516,0.006086080125245271,0.00829315352650606,0.008253313502663404,0.006296255925100925,0.0014366872462859377,0.005910571993117584,0.0051042267668881605,0.004107769119207586,0.0028636867530565826,0.0012875207199563364,-0.00075345895067663,-0.003485313605856121,-0.007277716333736392,-0.012532958542768933,-0.019707168172228593,-0.03007487591773852,-0.046348602865274625,-0.07394338049881403,-0.12206038642451773,-0.17702600935231633,-0.14478767307731333,-0.1138627842169231,-0.12267074532902948,-0.1636141536439577,-0.17803608460549986,-0.11020439105385088,-0.11020439105385088,-0.11020439105385088,-0.11020439105385088,-0.11020439105385088,-0.11020439105385088,-0.11020439105385088,-0.11020439105385088,-0.11020439105385088,-0.11020439105385088,-0.12449277752913646,-0.12449277752913646,-0.12449277752913646,-0.12449277752913646,-0.12449277752913646,-0.12449277752913646,-0.12449277752913646,-0.12449277752913646,-0.12449277752913646,-0.12449277752913646,-0.12449277752913646,-0.12449277752913646,-0.12449277752913646,-0.12449277752913646,-0.12449277752913646,-0.12449277752913646,-0.12449277752913646,-0.12449277752913646,-0.12449277752913646,-0.006057489141935352
0.1767676767676768,-0.006057489141935352,-0.006057489141935352,-0.006057489141935352,-0.006057489141935352,-0.006057489141935352,-0.006057489141935352,-0.006057489141935352,-0.006057489141935352,-0.006057489141935352,-0.006057489141935352,-0.006057489141935352,-0.006057489141935352,-0.006057489141935352,-0.006057489141935352,-0.006057489141935352,-0.006057489141935352,-0.006057489141935352,-0.006057489141935352,-0.006057489141935352,-0.006057489141935352,-0.006057489141935352,-0.006057489141935352,-0.006057489141935352,-0.006057489141935352,-0.006057489141935352,-0.006057489141935352,-0.006057489141935352,-0.006057489141935352,-0.006057489141935352,-0.006057489141935352,-0.0060499429120528464,-0.0060525422632085124,-0.006055480409827924,-0.0060587588085605736,-0.006062380284117206,-0.006066347224289299,-0.006070663858402743,-0.0060753368908771106,-0.0060803594446503535,-0.006085678272308588,-0.006090958859551952,-0.006094193928661816,-0.006083060980803275,-0.005980007317579136,-0.005303112324388591,-0.0017521712363916852,0.005873754716574969,0.008301668973143444,0.00821694148057741,0.006093958530647228,0.00669204738177279,0.006035486144354851,0.005228175918079385,0.004221558038199085,0.0029311980501325646,0.001200273217473385,-0.0011680906085260344,-0.004172987484854287,-0.007843591652893908,-0.01266288910499729,-0.019451920112346196,-0.02955701233245228,-0.045529435451362045,-0.07259433952804577,-0.1198875790375982,-0.17594782765899744,-0.14701887850148201,-0.11241577725521916,-0.1244776795619827,-0.16553755066677545,-0.11020439105385088,-0.11020439105385088,-0.11020439105385088,-0.11020439105385088,-0.11020439105385088,-0.11020439105385088,-0.11020439105385088,-0.11020439105385088,-0.11020439105385088,-0.11020439105385088,-0.12449277752913646,-0.12449277752913646,-0.12449277752913646,-0.12449277752913646,-0.12449277752913646,-0.12449277752913646,-0.12449277752913646,-0.12449277752913646,-0.12449277752913646,-0.12449277752913646,-0.12449277752913646,-0.12449277752913646,-0.12449277752913646,-0.12449277752913646,-0.12449277752913646,-0.12449277752913646,-0.12449277752913646,-0.12449277752913646,-0.12449277752913646,-0.006057489141935352
0.18686868686868696,-0.006057489141935352,-0.006057489141935352,-0.006057489141935352,-0.006057489141935352,-0.006057489141935352,-0.006057489141935352,-0.006057489141935352,-0.006057489141935352,-0.006057489141935352,-0.006057489141935352,-0.006057489141935352,-0.006057489141935352,-0.006057489141935352,-0.006057489141935352,-0.006057489141935352,-0.006057489141935352,-0.006057489141935352,-0.006057489141935352,-0.006057489141935352,-0.006057489141935352,-0.006057489141935352,-0.006057489141935352,-0.006057489141935352,-0.006057489141935352,-0.006057489141935352,-0.006057489141935352,-0.006057489141935352,-0.006057489141935352,-0.006057489141935352,-0.006057489141935352,-0.006053352241095107,-0.006055532226981442,-0.006058049377386329,-0.006060904118418794,-0.006064098092095971,-0.006067634270249906,-0.006071516549655927,-0.006075745329418709,-0.0060803315135707185,-0.006085267596360109,-0.006090503900525313,-0.006095726018012626,-0.0060990473582994914,-0.006088897227373948,-0.00599249713204108,-0.005356594646381495,-0.001972666491521063,0.005652396429964525,0.008306775483753777,0.008174367446532374,0.007349505390981992,0.006805130521564439,0.006123527018711214,0.005228552095296131,0.003981369036790822,0.0023256892705731114,0.00045619194935674756,-0.0016392866657551667,-0.004236310219076403,-0.0076645245111545334,-0.012365602546497427,-0.01905552024865055,-0.029015439014970668,-0.04472539085154653,-0.07127997189600874,-0.11775086256045943,-0.17475160810101006,-0.14925733429313862,-0.11127337911244631,-0.12636981113502588,-0.11020439105385088,-0.11020439105385088,-0.11020439105385088,-0.11020439105385088,-0.11020439105385088,-0.11020439105385088,-0.11020439105385088,-0.11020439105385088,-0.11020439105385088,-0.11020439105385088,-0.12449277752913646,-0.12449277752913646,-0.12449277752913646,-0.12449277752913646,-0.12449277752913646,-0.12449277752913646,-0.12449277752913646,-0.12449277752913646,-0.12449277752913646,-0.12449277752913646,-0.12449277752913646,-0.12449277752913646,-0.12449277752913646,-0.12449277752913646,-0.12449277752913646,-0.12449277752913646,-0.12449277752913646,-0.12449277752913646,-0.12449277752913646,-0.006057489141935352
0.19696969696969702,-0.006057489141935352,-0.006057489141935352,-0.006057489141935352,-0.006057489141935352,-0.006057489141935352,-0.006057489141935352,-0.006057489141935352,-0.006057489141935352,-0.006057489141935352,-0.006057489141935352,-0.006057489141935352,-0.006057489141935352,-0.006057489141935352,-0.006057489141935352,-0.006057489141935352,-0.006057489141935352,-0.006057489141935352,-0.006057489141935352,-0.006057489141935352,-0.006057489141935352,-0.006057489141935352,-0.006057489141935352,-0.006057489141935352,-0.006057489141935352,-0.006057489141935352,-0.006057489141935352,-0.006057489141935352,-0.006057489141935352,-0.006057489141935352,-0.006057489141935352,-0.006056852011350955,-0.006058624277997407,-0.006060732612693591,-0.006063176463076539,-0.006065956471732543,-0.006069074468963283,-0.006072533578477408,-0.006076338915670396,-0.006080487921840444,-0.006084994836398325,-0.0060898517775035774,-0.006095012443674896,-0.00610018135116595,-0.006103585301255268,-0.006094359200364531,-0.0060042048327821175,-0.005406921586549325,-0.002185265059461,0.005422316943811401,0.00830819454146443,0.007896310861078488,0.00740575975418927,0.006714837110819009,0.005709023119789386,0.004493468191213226,0.0032878638242427385,0.0020064670241718013,0.00046902544400507574,-0.001480037125209828,-0.004019541920712812,-0.007408785912589822,-0.01206024413504806,-0.01867041915186521,-0.028491785725228206,-0.04394523278703756,-0.07000029334081175,-0.11565002059619428,-0.17344248105257049,-0.151490879226348,-0.11041155241215526,-0.11020439105385088,-0.11020439105385088,-0.11020439105385088,-0.11020439105385088,-0.11020439105385088,-0.11020439105385088,-0.11020439105385088,-0.11020439105385088,-0.11020439105385088,-0.11020439105385088,-0.12449277752913646,-0.12449277752913646,-0.12449277752913646,-0.12449277752913646,-0.12449277752913646,-0.12449277752913646,-0.12449277752913646,-0.12449277752913646,-0.12449277752913646,-0.12449277752913646,-0.12449277752913646,-0.12449277752913646,-0.12449277752913646,-0.12449277752913646,-0.12449277752913646,-0.12449277752913646,-0.12449277752913646,-0.12449277752913646,-0.12449277752913646,-0.006057489141935352
0.20707070707070718,-0.006057489141935352,-0.006057489141935352,-0.006057489141935352,-0.006057489141935352,-0.006057489141935352,-0.006057489141935352,-0.006057489141935352,-0.006057489141935352,-0.006057489141935352,-0.006057489141935352,-0.006057489141935352,-0.006057489141935352,-0.006057489141935352,-0.006057489141935352,-0.006057489141935352,-0.006057489141935352,-0.006057489141935352,-0.006057489141935352,-0.006057489141935352,-0.006057489141935352,-0.006057489141935352,-0.006057489141935352,-0.006057489141935352,-0.006057489141935352,-0.006057489141935352,-0.006057489141935352,-0.006057489141935352,-0.006057489141935352,-0.006057489141935352,-0.006057489141935352,-0.006057489141935352,-0.006057489141935352,-0.006057489141935352,-0.006057489141935352,-0.006057489141935352,-0.006057489141935352,-0.006057489141935352,-0.006057489141935352,-0.006057489141935352,-0.006057489141935352,0.008230897333350232,0.008230897333350232,0.008230897333350232,0.008230897333350232,0.008230897333350232,0.008230897333350232,0.008230897333350232,0.008230897333350232,0.008230897333350232,0.008230897333350232,0.00822766748659828,0.008213204214337824,0.008107512714787476,0.007816202451053666,0.007398857829538993,0.007137679083548374,0.007064714404814277,0.007069777130812356,0.00709617424079471,0.0071264787511757825,-0.11041450995738378,-0.1103865119842406,-0.11036030861645234,-0.11033580766345316,-0.11031287444775947,-0.11029137556889901,-0.11027118865693593,-0.11025220353587009,-0.11023432135434429,-0.1102174533555123,-0.11020439105385088,-0.11020439105385088,-0.11020439105385088,-0.11020439105385088,-0.11020439105385088,-0.11020439105385088,-0.11020439105385088,-0.11020439105385088,-0.11020439105385088,-0.11020439105385088,-0.12449277752913646,-0.12449277752913646,-0.12449277752913646,-0.12449277752913646,-0.12449277752913646,-0.12449277752913646,-0.12449277752913646,-0.12449277752913646,-0.12449277752913646,-0.12449277752913646,-0.12449277752913646,-0.12449277752913646,-0.12449277752913646,-0.12449277752913646,-0.12449277752913646,-0.12449277752913646,-0.12449277752913646,-0.12449277752913646,-0.12449277752913646,-0.006057489141935352
0.21717171717171724,-0.006057489141935352,-0.006057489141935352,-0.006057489141935352,-0.006057489141935352,-0.006057489141935352,-0.006057489141935352,-0.006057489141935352,-0.006057489141935352,-0.006057489141935352,-0.006057489141935352,-0.006057489141935352,-0.006057489141935352,-0.006057489141935352,-0.006057489141935352,-0.006057489141935352,-0.006057489141935352,-0.006057489141935352,-0.006057489141935352,-0.006057489141935352,-0.006057489141935352,-0.006057489141935352,-0.006057489141935352,-0.006057489141935352,-0.006057489141935352,-0.006057489141935352,-0.006057489141935352,-0.006057489141935352,-0.006057489141935352,-0.006057489141935352,-0.006057489141935352,-0.006057489141935352,-0.006057489141935352,-0.006057489141935352,-0.006057489141935352,-0.006057489141935352,-0.006057489141935352,-0.006057489141935352,-0.006057489141935352,-0.006057489141935352,-0.006057489141935352,0.008230897333350232,0.008230897333350232,0.008230897333350232,0.008230897333350232,0.008230897333350232,0.008230897333350232,0.008230897333350232,0.008230897333350232,0.008230897333350232,0.008230897333350232,0.008080967785810762,0.008230742267488841,0.008214589972482787,0.008101542248463316,0.007798888450687825,0.007383036346165793,0.007133912791008848,0.007067562779683164,0.007074615221509725,0.007101419223217948,-0.11043895299223758,-0.11040941047238789,-0.11038155318043001,-0.11035548625004006,-0.1103311129189206,-0.11030829811777004,-0.11028690903981468,-0.11026682407984156,-0.11024793379807808,-0.1102301400091826,-0.11020439105385088,-0.11020439105385088,-0.11020439105385088,-0.11020439105385088,-0.11020439105385088,-0.11020439105385088,-0.11020439105385088,-0.11020439105385088,-0.11020439105385088,-0.11020439105385088,-0.12449277752913646,-0.12449277752913646,-0.12449277752913646,-0.12449277752913646,-0.12449277752913646,-0.12449277752913646,-0.12449277752913646,-0.12449277752913646,-0.12449277752913646,-0.12449277752913646,-0.12449277752913646,-0.12449277752913646,-0.12449277752913646,-0.12449277752913646,-0.12449277752913646,-0.12449277752913646,-0.12449277752913646,-0.12449277752913646,-0.12449277752913646,-0.006057489141935352
0.2272727272727273,-0.006057489141935352,-0.006057489141935352,-0.006057489141935352,-0.006057489141935352,-0.006057489141935352,-0.006057489141935352,-0.006057489141935352,-0.006057489141935352,-0.006057489141935352,-0.006057489141935352,-0.006057489141935352,-0.006057489141935352,-0.006057489141935352,-0.006057489141935352,-0.006057489141935352,-0.006057489141935352,-0.006057489141935352,-0.006057489141935352,-0.006057489141935352,-0.006057489141935352,-0.006057489141935352,-0.006057489141935352,-0.006057489141935352,-0.006057489141935352,-0.006057489141935352,-0.006057489141935352,-0.006057489141935352,-0.006057489141935352,-0.006057489141935352,-0.006057489141935352,-0.006057489141935352,-0.006057489141935352,-0.006057489141935352,-0.006057489141935352,-0.006057489141935352,-0.006057489141935352,-0.006057489141935352,-0.006057489141935352,-0.006057489141935352,-0.006057489141935352,0.008230897333350232,0.008230897333350232,0.008230897333350232,0.008230897333350232,0.008230897333350232,0.008230897333350232,0.008230897333350232,0.008230897333350232,0.008230897333350232,0.008230897333350232,0.007507072890976043,0.008073971914466063,0.008233554615646494,0.008215615020130863,0.00809487594326346,0.007781040202222324,0.007367683158448102,0.00713056695108471,0.007070488924710775,0.007079392371020289,-0.1104640898979261,-0.1104338369524397,-0.11040441851342288,-0.11037670027791258,-0.11035076779526544,-0.11032652011950794,-0.1103038218787232,-0.11028254087286049,-0.11026255625582995,-0.11024375931464667,-0.11020439105385088,-0.11020439105385088,-0.11020439105385088,-0.11020439105385088,-0.11020439105385088,-0.11020439105385088,-0.11020439105385088,-0.11020439105385088,-0.11020439105385088,-0.11020439105385088,-0.12449277752913646,-0.12449277752913646,-0.12449277752913646,-0.12449277752913646,-0.12449277752913646,-0.12449277752913646,-0.12449277752913646,-0.12449277752913646,-0.12449277752913646,-0.12449277752913646,-0.12449277752913646,-0.12449277752913646,-0.12449277752913646,-0.12449277752913646,-0.12449277752913646,-0.12449277752913646,-0.12449277752913646,-0.12449277752913646,-0.12449277752913646,-0.006057489141935352
0.23737373737373746,-0.006057489141935352,-0.006057489141935352,-0.006057489141935352,-0.006057489141935352,-0.006057489141935352,-0.006057489141935352,-0.006057489141935352,-0.006057489141935352,-0.006057489141935352,-0.006057489141935352,-0.006057489141935352,-0.006057489141935352,-0.006057489141935352,-0.006057489141935352,-0.006057489141935352,-0.006057489141935352,-0.006057489141935352,-0.006057489141935352,-0.006057489141935352,-0.006057489141935352,-0.006057489141935352,-0.006057489141935352,-0.006057489141935352,-0.006057489141935352,-0.006057489141935352,-0.006057489141935352,-0.006057489141935352,-0.006057489141935352,-0.006057489141935352,-0.006057489141935352,-0.006057489141935352,-0.006057489141935352,-0.006057489141935352,-0.006057489141935352,-0.006057489141935352,-0.006057489141935352,-0.006057489141935352,-0.006057489141935352,-0.006057489141935352,-0.006057489141935352,0.008230897333350232,0.008230897333350232,0.008230897333350232,0.008230897333350232,0.008230897333350232,0.008230897333350232,0.008230897333350232,0.008230897333350232,0.008230897333350232,0.008230897333350232,0.0070877034261852805,0.007489010501904263,0.008066241306189496,0.008236101343025187,0.008216270512721755,0.008087502439518958,0.007762709558245713,0.007352831852841171,0.00712762465292865,0.007073485183488482,-0.11048654581918028,-0.11045903981820425,-0.110428824256386,-0.11039953008960995,-0.11037194932948241,-0.11034614937874282,-0.11032202546842194,-0.11029944200658612,-0.11027826741165994,-0.11025838159114147,-0.11020439105385088,-0.11020439105385088,-0.11020439105385088,-0.11020439105385088,-0.11020439105385088,-0.11020439105385088,-0.11020439105385088,-0.11020439105385088,-0.11020439105385088,-0.11020439105385088,-0.12449277752913646,-0.12449277752913646,-0.12449277752913646,-0.12449277752913646,-0.12449277752913646,-0.12449277752913646,-0.12449277752913646,-0.12449277752913646,-0.12449277752913646,-0.12449277752913646,-0.12449277752913646,-0.12449277752913646,-0.12449277752913646,-0.12449277752913646,-0.12449277752913646,-0.12449277752913646,-0.12449277752913646,-0.12449277752913646,-0.12449277752913646,-0.006057489141935352
0.24747474747474751,-0.006057489141935352,-0.006057489141935352,-0.006057489141935352,-0.006057489141935352,-0.006057489141935352,-0.006057489141935352,-0.006057489141935352,-0.006057489141935352,-0.006057489141935352,-0.006057489141935352,-0.006057489141935352,-0.006057489141935352,-0.006057489141935352,-0.006057489141935352,-0.006057489141935352,-0.006057489141935352,-0.006057489141935352,-0.006057489141935352,-0.006057489141935352,-0.006057489141935352,-0.006057489141935352,-0.006057489141935352,-0.006057489141935352,-0.006057489141935352,-0.006057489141935352,-0.006057489141935352,-0.006057489141935352,-0.006057489141935352,-0.006057489141935352,-0.006057489141935352,-0.006057489141935352,-0.006057489141935352,-0.006057489141935352,-0.006057489141935352,-0.006057489141935352,-0.006057489141935352,-0.006057489141935352,-0.006057489141935352,-0.006057489141935352,-0.006057489141935352,0.008230897333350232,0.008230897333350232,0.008230897333350232,0.008230897333350232,0.008230897333350232,0.008230897333350232,0.008230897333350232,0.008230897333350232,0.008230897333350232,0.008230897333350232,0.007050884560608268,0.007087030612490186,0.007471166213843917,0.008057767990047109,0.008238378425508638,0.008216546660863307,0.0080794114231304,0.007743951703127212,0.0073385111594983605,0.007125068539775089,-0.1104941107177262,-0.11048188866271053,-0.11045408246140538,-0.11042391120789259,-0.1103947414181718,-0.11036729659385802,-0.11034162732874905,-0.1103176253660747,-0.11029515497033096,-0.11027408518898191,-0.11020439105385088,-0.11020439105385088,-0.11020439105385088,-0.11020439105385088,-0.11020439105385088,-0.11020439105385088,-0.11020439105385088,-0.11020439105385088,-0.11020439105385088,-0.11020439105385088,-0.12449277752913646,-0.12449277752913646,-0.12449277752913646,-0.12449277752913646,-0.12449277752913646,-0.12449277752913646,-0.12449277752913646,-0.12449277752913646,-0.12449277752913646,-0.12449277752913646,-0.12449277752913646,-0.12449277752913646,-0.12449277752913646,-0.12449277752913646,-0.12449277752913646,-0.12449277752913646,-0.12449277752913646,-0.12449277752913646,-0.12449277752913646,-0.006057489141935352
0.2575757575757577,-0.006057489141935352,-0.006057489141935352,-0.006057489141935352,-0.006057489141935352,-0.006057489141935352,-0.006057489141935352,-0.006057489141935352,-0.006057489141935352,-0.006057489141935352,-0.006057489141935352,-0.006057489141935352,-0.006057489141935352,-0.006057489141935352,-0.006057489141935352,-0.006057489141935352,-0.006057489141935352,-0.006057489141935352,-0.006057489141935352,-0.006057489141935352,-0.006057489141935352,-0.006057489141935352,-0.006057489141935352,-0.006057489141935352,-0.006057489141935352,-0.006057489141935352,-0.006057489141935352,-0.006057489141935352,-0.006057489141935352,-0.006057489141935352,-0.006057489141935352,-0.006057489141935352,-0.006057489141935352,-0.006057489141935352,-0.006057489141935352,-0.006057489141935352,-0.006057489141935352,-0.006057489141935352,-0.006057489141935352,-0.006057489141935352,-0.006057489141935352,0.008230897333350232,0.008230897333350232,0.008230897333350232,0.008230897333350232,0.008230897333350232,0.008230897333350232,0.008230897333350232,0.008230897333350232,0.008230897333350232,0.008230897333350232,0.007090876562827195,0.0070560665823956115,0.007086639488187437,0.007453597311518863,0.00804854555338839,0.008240381005235024,0.008216432754665654,0.00807059390872933,0.007724824790656916,0.0073247450060193306,-0.1104477740357262,-0.11049099557899135,-0.1104772905315514,-0.11044921487362717,-0.11041909429848713,-0.11039004891089388,-0.11036273852232788,-0.11033719816218913,-0.11031331639737595,-0.11029095741953059,-0.11020439105385088,-0.11020439105385088,-0.11020439105385088,-0.11020439105385088,-0.11020439105385088,-0.11020439105385088,-0.11020439105385088,-0.11020439105385088,-0.11020439105385088,-0.11020439105385088,-0.12449277752913646,-0.12449277752913646,-0.12449277752913646,-0.12449277752913646,-0.12449277752913646,-0.12449277752913646,-0.12449277752913646,-0.12449277752913646,-0.12449277752913646,-0.12449277752913646,-0.12449277752913646,-0.12449277752913646,-0.12449277752913646,-0.12449277752913646,-0.12449277752913646,-0.12449277752913646,-0.12449277752913646,-0.12449277752913646,-0.12449277752913646,-0.006057489141935352
0.26767676767676774,-0.006057489141935352,-0.006057489141935352,-0.006057489141935352,-0.006057489141935352,-0.006057489141935352,-0.006057489141935352,-0.006057489141935352,-0.006057489141935352,-0.006057489141935352,-0.006057489141935352,-0.006057489141935352,-0.006057489141935352,-0.006057489141935352,-0.006057489141935352,-0.006057489141935352,-0.006057489141935352,-0.006057489141935352,-0.006057489141935352,-0.006057489141935352,-0.006057489141935352,-0.006057489141935352,-0.006057489141935352,-0.006057489141935352,-0.006057489141935352,-0.006057489141935352,-0.006057489141935352,-0.006057489141935352,-0.006057489141935352,-0.006057489141935352,-0.006057489141935352,-0.006057489141935352,-0.006057489141935352,-0.006057489141935352,-0.006057489141935352,-0.006057489141935352,-0.006057489141935352,-0.006057489141935352,-0.006057489141935352,-0.006057489141935352,-0.006057489141935352,0.008230897333350232,0.008230897333350232,0.008230897333350232,0.008230897333350232,0.008230897333350232,0.008230897333350232,0.008230897333350232,0.008230897333350232,0.008230897333350232,0.008230897333350232,0.0071352753358672315,0.007096654322657617,0.00706117461856125,0.007086514853888558,0.007436357231137565,0.008038569451196485,0.00824210339168451,0.008215917192111953,0.008061042534262538,0.007705389516031313,-0.11025910239433548,-0.11044961075724377,-0.1104878308776418,-0.11047275076041965,-0.11044443423789037,-0.1104143701953636,-0.11038544916164378,-0.11035827174643331,-0.1103328585725702,-0.11030909532000552,-0.11020439105385088,-0.11020439105385088,-0.11020439105385088,-0.11020439105385088,-0.11020439105385088,-0.11020439105385088,-0.11020439105385088,-0.11020439105385088,-0.11020439105385088,-0.11020439105385088,-0.12449277752913646,-0.12449277752913646,-0.12449277752913646,-0.12449277752913646,-0.12449277752913646,-0.12449277752913646,-0.12449277752913646,-0.12449277752913646,-0.12449277752913646,-0.12449277752913646,-0.12449277752913646,-0.12449277752913646,-0.12449277752913646,-0.12449277752913646,-0.12449277752913646,-0.12449277752913646,-0.12449277752913646,-0.12449277752913646,-0.12449277752913646,-0.006057489141935352
0.2777777777777778,-0.006057489141935352,-0.006057489141935352,-0.006057489141935352,-0.006057489141935352,-0.006057489141935352,-0.006057489141935352,-0.006057489141935352,-0.006057489141935352,-0.006057489141935352,-0.006057489141935352,-0.006057489141935352,-0.006057489141935352,-0.006057489141935352,-0.006057489141935352,-0.006057489141935352,-0.006057489141935352,-0.006057489141935352,-0.006057489141935352,-0.006057489141935352,-0.006057489141935352,-0.006057489141935352,-0.006057489141935352,-0.006057489141935352,-0.006057489141935352,-0.006057489141935352,-0.006057489141935352,-0.006057489141935352,-0.006057489141935352,-0.006057489141935352,-0.006057489141935352,-0.006057489141935352,-0.006057489141935352,-0.006057489141935352,-0.006057489141935352,-0.006057489141935352,-0.006057489141935352,-0.006057489141935352,-0.006057489141935352,-0.006057489141935352,-0.006057489141935352,0.008230897333350232,0.008230897333350232,0.008230897333350232,0.008230897333350232,0.008230897333350232,0.008230897333350232,0.008230897333350232,0.008230897333350232,0.008230897333350232,0.008230897333350232,0.007175672022413333,0.0071409598458203345,0.007102303030547676,0.00706621004193464,0.00708664167585155,0.007419495226766315,0.00802783731983835,0.008243539062036178,0.008214987512539242,0.008050751864192698,-0.1098849463947149,-0.11027170628295181,-0.11045111434960916,-0.11048462268206152,-0.11046826867114821,-0.11043973786559588,-0.11040973573027757,-0.11038093893485235,-0.11035389306659507,-0.11032860541889379,-0.11020439105385088,-0.11020439105385088,-0.11020439105385088,-0.11020439105385088,-0.11020439105385088,-0.11020439105385088,-0.11020439105385088,-0.11020439105385088,-0.11020439105385088,-0.11020439105385088,-0.12449277752913646,-0.12449277752913646,-0.12449277752913646,-0.12449277752913646,-0.12449277752913646,-0.12449277752913646,-0.12449277752913646,-0.12449277752913646,-0.12449277752913646,-0.12449277752913646,-0.12449277752913646,-0.12449277752913646,-0.12449277752913646,-0.12449277752913646,-0.12449277752913646,-0.12449277752913646,-0.12449277752913646,-0.12449277752913646,-0.12449277752913646,-0.006057489141935352
0.28787878787878796,-0.006057489141935352,-0.006057489141935352,-0.006057489141935352,-0.006057489141935352,-0.006057489141935352,-0.006057489141935352,-0.006057489141935352,-0.006057489141935352,-0.006057489141935352,-0.006057489141935352,-0.006057489141935352,-0.006057489141935352,-0.006057489141935352,-0.006057489141935352,-0.006057489141935352,-0.006057489141935352,-0.006057489141935352,-0.006057489141935352,-0.006057489141935352,-0.006057489141935352,-0.006057489141935352,-0.006057489141935352,-0.006057489141935352,-0.006057489141935352,-0.006057489141935352,-0.006057489141935352,-0.006057489141935352,-0.006057489141935352,-0.006057489141935352,-0.006057489141935352,-0.006057489141935352,-0.006057489141935352,-0.006057489141935352,-0.006057489141935352,-0.006057489141935352,-0.006057489141935352,-0.006057489141935352,-0.006057489141935352,-0.006057489141935352,-0.006057489141935352,0.008230897333350232,0.008230897333350232,0.008230897333350232,0.008230897333350232,0.008230897333350232,0.008230897333350232,0.008230897333350232,0.008230897333350232,0.008230897333350232,0.008230897333350232,0.007211745669721876,0.0071812090803384625,0.007146509200276079,0.007107827840293979,0.007071174176084515,0.0070870051744285675,0.007403056106047796,0.00801634929095193,0.008244680661327958,0.008213630436353356,-0.10953093632616942,-0.10990480862527194,-0.11028371129095782,-0.110452302362992,-0.11048137668681317,-0.11046384357340115,-0.11043512318868041,-0.11040518788929692,-0.11037651515487158,-0.1103495994416009,-0.11020439105385088,-0.11020439105385088,-0.11020439105385088,-0.11020439105385088,-0.11020439105385088,-0.11020439105385088,-0.11020439105385088,-0.11020439105385088,-0.11020439105385088,-0.11020439105385088,-0.12449277752913646,-0.12449277752913646,-0.12449277752913646,-0.12449277752913646,-0.12449277752913646,-0.12449277752913646,-0.12449277752913646,-0.12449277752913646,-0.12449277752913646,-0.12449277752913646,-0.12449277752913646,-0.12449277752913646,-0.12449277752913646,-0.12449277752913646,-0.12449277752913646,-0.12449277752913646,-0.12449277752913646,-0.12449277752913646,-0.12449277752913646,-0.006057489141935352
0.297979797979798,-0.006057489141935352,-0.006057489141935352,-0.006057489141935352,-0.006057489141935352,-0.006057489141935352,-0.006057489141935352,-0.006057489141935352,-0.006057489141935352,-0.006057489141935352,-0.006057489141935352,-0.006057489141935352,-0.006057489141935352,-0.006057489141935352,-0.006057489141935352,-0.006057489141935352,-0.006057489141935352,-0.006057489141935352,-0.006057489141935352,-0.006057489141935352,-0.006057489141935352,-0.006057489141935352,-0.006057489141935352,-0.006057489141935352,-0.006057489141935352,-0.006057489141935352,-0.006057489141935352,-0.006057489141935352,-0.006057489141935352,-0.006057489141935352,-0.006057489141935352,-0.006057489141935352,-0.006057489141935352,-0.006057489141935352,-0.006057489141935352,-0.006057489141935352,-0.006057489141935352,-0.006057489141935352,-0.006057489141935352,-0.006057489141935352,-0.006057489141935352,0.008230897333350232,0.008230897333350232,0.008230897333350232,0.008230897333350232,0.008230897333350232,0.008230897333350232,0.008230897333350232,0.008230897333350232,0.008230897333350232,0.008230897333350232,0.007244001665695542,0.007217151371079812,0.007186610413811962,0.007151929062169347,0.0071132336106866844,0.00707606830227122,0.007087590897548379,0.007387080037645099,0.008004108300446896,0.008245520002987195,-0.10935882311178304,-0.10954271264591807,-0.10992478698795304,-0.11029511109811042,-0.11045319209415257,-0.11047809822514192,-0.11045947476559173,-0.11043058775240151,-0.11040072380333114,-0.11037217489613159,-0.11020439105385088,-0.11020439105385088,-0.11020439105385088,-0.11020439105385088,-0.11020439105385088,-0.11020439105385088,-0.11020439105385088,-0.11020439105385088,-0.11020439105385088,-0.11020439105385088,-0.12449277752913646,-0.12449277752913646,-0.12449277752913646,-0.12449277752913646,-0.12449277752913646,-0.12449277752913646,-0.12449277752913646,-0.12449277752913646,-0.12449277752913646,-0.12449277752913646,-0.12449277752913646,-0.12449277752913646,-0.12449277752913646,-0.12449277752913646,-0.12449277752913646,-0.12449277752913646,-0.12449277752913646,-0.12449277752913646,-0.12449277752913646,-0.006057489141935352
0.3080808080808082,0.0018338362953554815,0.0018338362953554815,0.0018338362953554815,0.0018338362953554815,0.0018338362953554815,0.0018338362953554815,0.0018338362953554815,0.0018338362953554815,0.0018338362953554815,0.0018338362953554815,0.0018338362953554815,0.0018338362953554815,0.0018338362953554815,0.0018338362953554815,0.0018338362953554815,0.0018338362953554815,0.0018338362953554815,0.0018338362953554815,0.0018338362953554815,0.0018338362953554815,0.0018338362953554815,0.0018338362953554815,0.0018338362953554815,0.0018338362953554815,0.0018338362953554815,0.0018338362953554815,0.0018338362953554815,0.0018338362953554815,0.0018338362953554815,0.0018338362953554815,0.0018338362953554815,0.0018338362953554815,0.0018338362953554815,0.0018338362953554815,0.0018338362953554815,0.0018338362953554815,0.0018338362953554815,0.0018338362953554815,0.0018338362953554815,0.0018338362953554815,0.0018338362953554815,0.0018338362953554815,0.0018338362953554815,0.0018338362953554815,0.0018338362953554815,0.0018338362953554815,0.0018338362953554815,0.0018338362953554815,0.0018338362953554815,0.0018338362953554815,0.0016644985249038664,0.001640847833768866,0.0016139722470769854,0.0015834329139485434,0.0015487758739256535,0.0015100760393096744,0.001472444777274594,0.0014799358928071463,0.0017631535427674982,0.00238267149897484,0.002637599182439429,0.002601128284553413,0.002406976208581735,0.00201739020577676,0.0016563029538128498,0.0015084056361776125,0.001487413853579043,0.001507044600081632,0.001536076927341011,0.0015658653966621324,0.0026537774977464586,0.0026537774977464586,0.0026537774977464586,0.0026537774977464586,0.0026537774977464586,0.0026537774977464586,0.0026537774977464586,0.0026537774977464586,0.0026537774977464586,-0.009418553422143266,0.0026537774977464586,0.0026537774977464586,0.0026537774977464586,0.0026537774977464586,0.0026537774977464586,0.0026537774977464586,0.0026537774977464586,0.0026537774977464586,0.0026537774977464586,0.0026537774977464586,0.0026537774977464586,0.0026537774977464586,0.0026537774977464586,0.0026537774977464586,0.0026537774977464586,0.0026537774977464586,0.0026537774977464586,0.0026537774977464586,0.0026537774977464586,0.0018338362953554815
0.31818181818181823,0.0018338362953554815,0.0018338362953554815,0.0018338362953554815,0.0018338362953554815,0.0018338362953554815,0.0018338362953554815,0.0018338362953554815,0.0018338362953554815,0.0018338362953554815,0.0018338362953554815,0.0018338362953554815,0.0018338362953554815,0.0018338362953554815,0.0018338362953554815,0.0018338362953554815,0.0018338362953554815,0.0018338362953554815,0.0018338362953554815,0.0018338362953554815,0.0018338362953554815,0.0018338362953554815,0.0018338362953554815,0.0018338362953554815,0.0018338362953554815,0.0018338362953554815,0.0018338362953554815,0.0018338362953554815,0.0018338362953554815,0.0018338362953554815,0.0018338362953554815,0.0018338362953554815,0.0018338362953554815,0.0018338362953554815,0.0018338362953554815,0.0018338362953554815,0.0018338362953554815,0.0018338362953554815,0.0018338362953554815,0.0018338362953554815,0.0018338362953554815,0.0018338362953554815,0.0018338362953554815,0.0018338362953554815,0.0018338362953554815,0.0018338362953554815,0.0018338362953554815,0.0018338362953554815,0.0018338362953554815,0.0018338362953554815,0.0018338362953554815,0.001690566693364565,0.0016697013676621308,0.0016460065247252762,0.0016191119356132795,0.0015885797922327004,0.0015539524335911746,0.001515257233896422,0.0014772025896917533,0.001480924306991054,0.0017482049964674142,0.002368946084887015,0.002637806131854686,0.0025984019114270243,0.0023937232998988193,0.0019973759609311498,0.0016461176129192554,0.0015080620110174488,0.0014907426255527949,0.001511302972333266,0.0015404608260089195,0.0026537774977464586,0.0026537774977464586,0.0026537774977464586,0.0026537774977464586,0.0026537774977464586,0.0026537774977464586,0.0026537774977464586,0.0026537774977464586,-0.009418553422143266,-0.009418553422143266,0.0026537774977464586,0.0026537774977464586,0.0026537774977464586,0.0026537774977464586,0.0026537774977464586,0.0026537774977464586,0.0026537774977464586,0.0026537774977464586,0.0026537774977464586,0.0026537774977464586,0.0026537774977464586,0.0026537774977464586,0.0026537774977464586,0.0026537774977464586,0.0026537774977464586,0.0026537774977464586,0.0026537774977464586,0.0026537774977464586,-4.981416120354397e-05,0.0018338362953554815
0.3282828282828284,0.0018338362953554815,0.0018338362953554815,0.0018338362953554815,0.0018338362953554815,0.0018338362953554815,0.0018338362953554815,0.0018338362953554815,0.0018338362953554815,0.0018338362953554815,0.0018338362953554815,0.0018338362953554815,0.0018338362953554815,0.0018338362953554815,0.0018338362953554815,0.0018338362953554815,0.0018338362953554815,0.0018338362953554815,0.0018338362953554815,0.0018338362953554815,0.0018338362953554815,0.0018338362953554815,0.0018338362953554815,0.0018338362953554815,0.0018338362953554815,0.0018338362953554815,0.0018338362953554815,0.0018338362953554815,0.0018338362953554815,0.0018338362953554815,0.0018338362953554815,0.0018338362953554815,0.0018338362953554815,0.0018338362953554815,0.0018338362953554815,0.0018338362953554815,0.0018338362953554815,0.0018338362953554815,0.0018338362953554815,0.0018338362953554815,0.0018338362953554815,0.0018338362953554815,0.0018338362953554815,0.0018338362953554815,0.0018338362953554815,0.0018338362953554815,0.0018338362953554815,0.0018338362953554815,0.0018338362953554815,0.0018338362953554815,0.0018338362953554815,0.0017141208609213238,0.0016956932298542592,0.0016747671601641963,0.0016510348042567456,0.0016241270589313014,0.0015936072786728232,0.0015590145897836562,0.0015203324029346146,0.001481894036357705,0.0014820940958707417,0.0017338113167318608,0.0023544962342570033,0.0026376812982288177,0.002595187913201801,0.0023797435198808494,0.0019774407983513902,0.0016365348437139813,0.0015079670918011622,0.0014940898941378149,0.0015155072157407845,0.0026537774977464586,0.0026537774977464586,0.0026537774977464586,0.0026537774977464586,0.0026537774977464586,0.0026537774977464586,0.0026537774977464586,-0.009418553422143266,-0.009418553422143266,-0.009418553422143266,0.0026537774977464586,0.0026537774977464586,0.0026537774977464586,0.0026537774977464586,0.0026537774977464586,0.0026537774977464586,0.0026537774977464586,0.0026537774977464586,0.0026537774977464586,0.0026537774977464586,0.0026537774977464586,0.0026537774977464586,0.0026537774977464586,0.0026537774977464586,0.0026537774977464586,0.0026537774977464586,0.0026537774977464586,-4.981416120354397e-05,-4.981416120354397e-05,0.0018338362953554815
0.33838383838383845,0.0018338362953554815,0.0018338362953554815,0.0018338362953554815,0.0018338362953554815,0.0018338362953554815,0.0018338362953554815,0.0018338362953554815,0.0018338362953554815,0.0018338362953554815,0.0018338362953554815,0.0018338362953554815,0.0018338362953554815,0.0018338362953554815,0.0018338362953554815,0.0018338362953554815,0.0018338362953554815,0.0018338362953554815,0.0018338362953554815,0.0018338362953554815,0.0018338362953554815,0.0018338362953554815,0.0018338362953554815,0.0018338362953554815,0.0018338362953554815,0.0018338362953554815,0.0018338362953554815,0.0018338362953554815,0.0018338362953554815,0.0018338362953554815,0.0018338362953554815,0.0018338362953554815,0.0018338362953554815,0.0018338362953554815,0.0018338362953554815,0.0018338362953554815,0.0018338362953554815,0.0018338362953554815,0.0018338362953554815,0.0018338362953554815,0.0018338362953554815,0.0018338362953554815,0.0018338362953554815,0.0018338362953554815,0.0018338362953554815,0.0018338362953554815,0.0018338362953554815,0.0018338362953554815,0.0018338362953554815,0.0018338362953554815,0.0018338362953554815,0.0017354675340699377,0.0017191848767004246,0.001700681785855913,0.0016797019603900915,0.0016559382645931259,0.0016290228017000114,0.0015985201966792846,0.0015639668137001385,0.0015253054237119152,0.001486520277041411,0.0014834326035505655,0.0017199935944355342,0.0023393388787001186,0.0026372132035781953,0.0025914698136054013,0.002365049300150755,0.0019576476066938313,0.0016275476008700484,0.0015081053206781497,0.0014974516308632715,0.0026537774977464586,0.0026537774977464586,0.0026537774977464586,0.0026537774977464586,0.0026537774977464586,0.0026537774977464586,-0.009418553422143266,-0.009418553422143266,-0.009418553422143266,-0.009418553422143266,0.0026537774977464586,0.0026537774977464586,0.0026537774977464586,0.0026537774977464586,0.0026537774977464586,0.0026537774977464586,0.0026537774977464586,0.0026537774977464586,0.0026537774977464586,0.0026537774977464586,0.0026537774977464586,0.0026537774977464586,0.0026537774977464586,0.0026537774977464586,0.0026537774977464586,0.0026537774977464586,-4.981416120354397e-05,-4.981416120354397e-05,-4.981416120354397e-05,0.0018338362953554815
0.3484848484848485,0.0018338362953554815,0.0018338362953554815,0.0018338362953554815,0.0018338362953554815,0.0018338362953554815,0.0018338362953554815,0.0018338362953554815,0.0018338362953554815,0.0018338362953554815,0.0018338362953554815,0.0018338362953554815,0.0018338362953554815,0.0018338362953554815,0.0018338362953554815,0.0018338362953554815,0.0018338362953554815,0.0018338362953554815,0.0018338362953554815,0.0018338362953554815,0.0018338362953554815,0.0018338362953554815,0.0018338362953554815,0.0018338362953554815,0.0018338362953554815,0.0018338362953554815,0.0018338362953554815,0.0018338362953554815,0.0018338362953554815,0.0018338362953554815,0.0018338362953554815,0.0018338362953554815,0.0018338362953554815,0.0018338362953554815,0.0018338362953554815,0.0018338362953554815,0.0018338362953554815,0.0018338362953554815,0.0018338362953554815,0.0018338362953554815,0.0018338362953554815,0.0018338362953554815,0.0018338362953554815,0.0018338362953554815,0.0018338362953554815,0.0018338362953554815,0.0018338362953554815,0.0018338362953554815,0.0018338362953554815,0.0018338362953554815,0.0018338362953554815,0.0017548664916888469,0.0017404810807886708,0.001724109751798792,0.001705538536950469,0.001684511454438858,0.0016607221640975898,0.0016338040472042438,0.0016033230963924598,0.0015688133298684733,0.0015301799694513974,0.0014910824490263755,0.0014849276940454654,0.0017067683395234855,0.0023234950050288164,0.002636389569563631,0.002587230754513156,0.00234965697199299,0.001938057200561953,0.001619146284681329,0.0015084616922208156,0.0026537774977464586,0.0026537774977464586,0.0026537774977464586,0.0026537774977464586,0.0026537774977464586,-0.009418553422143266,-0.009418553422143266,-0.009418553422143266,-0.009418553422143266,-0.009418553422143266,0.0026537774977464586,0.0026537774977464586,0.0026537774977464586,0.0026537774977464586,0.0026537774977464586,0.0026537774977464586,0.0026537774977464586,0.0026537774977464586,0.0026537774977464586,0.0026537774977464586,0.0026537774977464586,0.0026537774977464586,0.0026537774977464586,0.0026537774977464586,0.0026537774977464586,-4.981416120354397e-05,-4.981416120354397e-05,-4.981416120354397e-05,-4.981416120354397e-05,0.0018338362953554815
0.3585858585858587,0.0018338362953554815,0.0018338362953554815,0.0018338362953554815,0.0018338362953554815,0.0018338362953554815,0.0018338362953554815,0.0018338362953554815,0.0018338362953554815,0.0018338362953554815,0.0018338362953554815,0.0018338362953554815,0.0018338362953554815,0.0018338362953554815,0.0018338362953554815,0.0018338362953554815,0.0018338362953554815,0.0018338362953554815,0.0018338362953554815,0.0018338362953554815,0.0018338362953554815,0.0018338362953554815,0.0018338362953554815,0.0018338362953554815,0.0018338362953554815,0.0018338362953554815,0.0018338362953554815,0.0018338362953554815,0.0018338362953554815,0.0018338362953554815,0.0018338362953554815,0.0018338362953554815,0.0018338362953554815,0.0018338362953554815,0.0018338362953554815,0.0018338362953554815,0.0018338362953554815,0.0018338362953554815,0.0018338362953554815,0.0018338362953554815,0.0018338362953554815,0.0018338362953554815,0.0018338362953554815,0.0018338362953554815,0.0018338362953554815,0.0018338362953554815,0.0018338362953554815,0.0018338362953554815,0.0018338362953554815,0.0018338362953554815,0.0018338362953554815,0.001772539082409323,0.0017598402025271996,0.0017453541086978842,0.0017289017925460055,0.0017102692751705415,0.0016892009851554096,0.0016653914522519813,0.001638475399293867,0.0016080202740729722,0.0015735581332210352,0.0015349595230809655,0.001495581669081282,0.0014865677635813685,0.0016941476638494574,0.002306989796765738,0.0026351973348370714,0.0025824536135049276,0.0023335869519562685,0.0019187277806759547,0.0016113190566833724,0.0026537774977464586,0.0026537774977464586,0.0026537774977464586,0.0026537774977464586,-0.009418553422143266,-0.009418553422143266,-0.009418553422143266,-0.009418553422143266,-0.009418553422143266,-0.009418553422143266,0.0026537774977464586,0.0026537774977464586,0.0026537774977464586,0.0026537774977464586,0.0026537774977464586,0.0026537774977464586,0.0026537774977464586,0.0026537774977464586,0.0026537774977464586,0.0026537774977464586,0.0026537774977464586,0.0026537774977464586,0.0026537774977464586,0.0026537774977464586,-4.981416120354397e-05,-4.981416120354397e-05,-4.981416120354397e-05,-4.981416120354397e-05,-4.981416120354397e-05,0.0018338362953554815
0.36868686868686873,0.0018338362953554815,0.0018338362953554815,0.0018338362953554815,0.0018338362953554815,0.0018338362953554815,0.0018338362953554815,0.0018338362953554815,0.0018338362953554815,0.0018338362953554815,0.0018338362953554815,0.0018338362953554815,0.0018338362953554815,0.0018338362953554815,0.0018338362953554815,0.0018338362953554815,0.0018338362953554815,0.0018338362953554815,0.0018338362953554815,0.0018338362953554815,0.0018338362953554815,0.0018338362953554815,0.0018338362953554815,0.0018338362953554815,0.0018338362953554815,0.0018338362953554815,0.0018338362953554815,0.0018338362953554815,0.0018338362953554815,0.0018338362953554815,0.0018338362953554815,0.0018338362953554815,0.0018338362953554815,0.0018338362953554815,0.0018338362953554815,0.0018338362953554815,0.0018338362953554815,0.0018338362953554815,0.0018338362953554815,0.0018338362953554815,0.0018338362953554815,0.0018338362953554815,0.0018338362953554815,0.0018338362953554815,0.0018338362953554815,0.0018338362953554815,0.0018338362953554815,0.0018338362953554815,0.0018338362953554815,0.0018338362953554815,0.0018338362953554815,0.0017886748574456857,0.0017774824252455655,0.0017646718075302631,0.0017500930679992133,0.0017335669088942454,0.001714879438877503,0.0016937755781130618,0.001669950792396635,0.001643041202412179,0.0016126157898378977,0.0015782050047447398,0.0015396473898606686,0.001500019035006564,0.0014883417467184956,0.0016821395052502453,0.0022898527225720974,0.002633622678164299,0.0025771211373108597,0.002316863881791666,0.0018997144428443782,0.0026537774977464586,0.0026537774977464586,0.0026537774977464586,-0.009418553422143266,-0.009418553422143266,-0.009418553422143266,-0.009418553422143266,-0.009418553422143266,-0.009418553422143266,-0.009418553422143266,0.0026537774977464586,0.0026537774977464586,0.0026537774977464586,0.0026537774977464586,0.0026537774977464586,0.0026537774977464586,0.0026537774977464586,0.0026537774977464586,0.0026537774977464586,0.0026537774977464586,0.0026537774977464586,0.0026537774977464586,0.0026537774977464586,-4.981416120354397e-05,-4.981416120354397e-05,-4.981416120354397e-05,-4.981416120354397e-05,-4.981416120354397e-05,-4.981416120354397e-05,0.0018338362953554815
0.3787878787878789,0.0018338362953554815,0.0018338362953554815,0.0018338362953554815,0.0018338362953554815,0.0018338362953554815,0.0018338362953554815,0.0018338362953554815,0.0018338362953554815,0.0018338362953554815,0.0018338362953554815,0.0018338362953554815,0.0018338362953554815,0.0018338362953554815,0.0018338362953554815,0.0018338362953554815,0.0018338362953554815,0.0018338362953554815,0.0018338362953554815,0.0018338362953554815,0.0018338362953554815,0.0018338362953554815,0.0018338362953554815,0.0018338362953554815,0.0018338362953554815,0.0018338362953554815,0.0018338362953554815,0.0018338362953554815,0.0018338362953554815,0.0018338362953554815,0.0018338362953554815,0.0018338362953554815,0.0018338362953554815,0.0018338362953554815,0.0018338362953554815,0.0018338362953554815,0.0018338362953554815,0.0018338362953554815,0.0018338362953554815,0.0018338362953554815,0.0018338362953554815,0.0018338362953554815,0.0018338362953554815,0.0018338362953554815,0.0018338362953554815,0.0018338362953554815,0.0018338362953554815,0.0018338362953554815,0.0018338362953554815,0.0018338362953554815,0.0018338362953554815,0.0018034369019012462,0.0017935963390650653,0.0017822818728625376,0.0017693679139539117,0.001754703998509294,0.001738110645667558,0.0017193741398465936,0.0016982399652341867,0.001674404582458222,0.0016475055598981715,0.0016171134839063233,0.0015827575258449886,0.0015442467089786624,0.0015043956268305147,0.0014902391172065528,0.0016707478850950842,0.002272117565185367,0.0026316510483408635,0.0025712160920911323,0.0022995167156514883,0.0026537774977464586,0.0026537774977464586,-0.009418553422143266,-0.009418553422143266,-0.009418553422143266,-0.009418553422143266,-0.009418553422143266,-0.009418553422143266,-0.009418553422143266,-0.009418553422143266,0.0026537774977464586,0.0026537774977464586,0.0026537774977464586,0.0026537774977464586,0.0026537774977464586,0.0026537774977464586,0.0026537774977464586,0.0026537774977464586,0.0026537774977464586,0.0026537774977464586,0.0026537774977464586,0.0026537774977464586,-4.981416120354397e-05,-4.981416120354397e-05,-4.981416120354397e-05,-4.981416120354397e-05,-4.981416120354397e-05,-4.981416120354397e-05,-4.981416120354397e-05,0.0018338362953554815
0.38888888888888895,0.0018338362953554815,0.0018338362953554815,0.0018338362953554815,0.0018338362953554815,0.0018338362953554815,0.0018338362953554815,0.0018338362953554815,0.0018338362953554815,0.0018338362953554815,0.0018338362953554815,0.0018338362953554815,0.0018338362953554815,0.0018338362953554815,0.0018338362953554815,0.0018338362953554815,0.0018338362953554815,0.0018338362953554815,0.0018338362953554815,0.0018338362953554815,0.0018338362953554815,0.0018338362953554815,0.0018338362953554815,0.0018338362953554815,0.0018338362953554815,0.0018338362953554815,0.0018338362953554815,0.0018338362953554815,0.0018338362953554815,0.0018338362953554815,0.0018338362953554815,0.0018338362953554815,0.0018338362953554815,0.0018338362953554815,0.0018338362953554815,0.0018338362953554815,0.0018338362953554815,0.0018338362953554815,0.0018338362953554815,0.0018338362953554815,0.0018338362953554815,0.0018338362953554815,0.0018338362953554815,0.0018338362953554815,0.0018338362953554815,0.0018338362953554815,0.0018338362953554815,0.0018338362953554815,0.0018338362953554815,0.0018338362953554815,0.0018338362953554815,0.0018169661475945862,0.0018083442339681388,0.0017983719381806087,0.001786944202893245,0.0017739347034586403,0.0017591925624063428,0.001742538210856971,0.0017237581878615578,0.0017025986062973691,0.0016787569738717528,0.0016518723507349836,0.0016215169914994304,0.0015872190915460997,0.0015487604642143555,0.0015087125077174622,0.0014922498843921944,0.0016599731915762767,0.0022538223854050555,0.0026292672019783,0.002564721431305288,0.0026537774977464586,-0.009418553422143266,-0.009418553422143266,-0.009418553422143266,-0.009418553422143266,-0.009418553422143266,-0.009418553422143266,-0.009418553422143266,-0.009418553422143266,-0.009418553422143266,0.0026537774977464586,0.0026537774977464586,0.0026537774977464586,0.0026537774977464586,0.0026537774977464586,0.0026537774977464586,0.0026537774977464586,0.0026537774977464586,0.0026537774977464586,0.0026537774977464586,0.0026537774977464586,-4.981416120354397e-05,-4.981416120354397e-05,-4.981416120354397e-05,-4.981416120354397e-05,-4.981416120354397e-05,-4.981416120354397e-05,-4.981416120354397e-05,-4.981416120354397e-05,0.0018338362953554815
0.3989898989898991,0.0018338362953554815,0.0018338362953554815,0.0018338362953554815,0.0018338362953554815,0.0018338362953554815,0.0018338362953554815,0.0018338362953554815,0.0018338362953554815,0.0018338362953554815,0.0018338362953554815,0.0018338362953554815,0.0018338362953554815,0.0018338362953554815,0.0018338362953554815,0.0018338362953554815,0.0018338362953554815,0.0018338362953554815,0.0018338362953554815,0.0018338362953554815,0.0018338362953554815,0.0018338362953554815,0.0018338362953554815,0.0018338362953554815,0.0018338362953554815,0.0018338362953554815,0.0018338362953554815,0.0018338362953554815,0.0018338362953554815,0.0018338362953554815,0.0018338362953554815,0.0018338362953554815,0.0018338362953554815,0.0018338362953554815,0.0018338362953554815,0.0018338362953554815,0.0018338362953554815,0.0018338362953554815,0.0018338362953554815,0.0018338362953554815,0.0018338362953554815,0.0018338362953554815,0.0018338362953554815,0.0018338362953554815,0.0018338362953554815,0.0018338362953554815,0.0018338362953554815,0.0018338362953554815,0.0018338362953554815,0.0018338362953554815,0.0018338362953554815,0.001829384883821446,0.001821866382608032,0.0018131035010450452,0.0018030086163436517,0.0017914757509302338,0.0017783779664827422,0.0017635640738453762,0.0017468545012839906,0.0017280361130836489,0.0017068557085499942,0.0016830118888789367,0.0016561452448973933,0.0016258297565242574,0.001591592922637513,0.0015531914937567026,0.0015129707246409757,0.0014943645859142314,0.0016498124812661683,0.0022350094169148074,0.0026264552502906578,-0.009418553422143266,-0.009418553422143266,-0.009418553422143266,-0.009418553422143266,-0.009418553422143266,-0.009418553422143266,-0.009418553422143266,-0.009418553422143266,-0.009418553422143266,-0.009418553422143266,0.0026537774977464586,0.0026537774977464586,0.0026537774977464586,0.0026537774977464586,0.0026537774977464586,0.0026537774977464586,0.0026537774977464586,0.0026537774977464586,0.0026537774977464586,0.0026537774977464586,-4.981416120354397e-05,-4.981416120354397e-05,-4.981416120354397e-05,-4.981416120354397e-05,-4.981416120354397e-05,-4.981416120354397e-05,-4.981416120354397e-05,-4.981416120354397e-05,-4.981416120354397e-05,0.0018338362953554815
0.40909090909090917,0.0018338362953554815,0.0018338362953554815,0.0018338362953554815,0.0018338362953554815,0.0018338362953554815,0.0018338362953554815,0.0018338362953554815,0.0018338362953554815,0.0018338362953554815,0.0018338362953554815,0.0018338362953554815,0.0018338362953554815,0.0018338362953554815,0.0018338362953554815,0.0018338362953554815,0.0018338362953554815,0.0018338362953554815,0.0018338362953554815,0.0018338362953554815,0.0018338362953554815,0.0018338362953554815,0.0018338362953554815,0.0018338362953554815,0.0018338362953554815,0.0018338362953554815,0.0018338362953554815,0.0018338362953554815,0.0018338362953554815,0.0018338362953554815,0.0018338362953554815,0.0018338362953554815,0.0018338362953554815,0.0018338362953554815,0.0018338362953554815,0.0018338362953554815,0.0018338362953554815,0.0018338362953554815,0.0018338362953554815,0.0018338362953554815,0.0018338362953554815,0.0018338362953554815,0.0018338362953554815,0.0018338362953554815,0.0018338362953554815,0.0018338362953554815,0.0018338362953554815,0.0018338362953554815,0.0018338362953554815,0.0018338362953554815,0.0018338362953554815,0.0018338362953554815,0.0018338362953554815,0.0018338362953554815,0.0018338362953554815,0.0018338362953554815,0.0018338362953554815,0.0018338362953554815,0.0018338362953554815,0.0018338362953554815,0.0018338362953554815,0.0026537774977464586,0.0026537774977464586,0.0026537774977464586,0.0026537774977464586,0.0026537774977464586,0.0026537774977464586,0.0026537774977464586,0.0026537774977464586,0.0026537774977464586,-0.009418553422143266,-0.009418553422143266,-0.009418553422143266,-0.009418553422143266,-0.009418553422143266,-0.009418553422143266,-0.009418553422143266,-0.009418553422143266,-0.009418553422143266,-0.009418553422143266,-0.009418553422143266,0.0026537774977464586,0.0026537774977464586,0.0026537774977464586,0.0026537774977464586,0.0026537774977464586,0.0026537774977464586,0.0026537774977464586,0.0026537774977464586,0.0026537774977464586,-4.981416120354397e-05,-4.981416120354397e-05,-4.981416120354397e-05,-4.981416120354397e-05,-4.981416120354397e-05,-4.981416120354397e-05,-4.981416120354397e-05,-4.981416120354397e-05,-4.981416120354397e-05,-4.981416120354397e-05,0.0018338362953554815
0.4191919191919192,0.0018338362953554815,0.0018338362953554815,0.0018338362953554815,0.0018338362953554815,0.0018338362953554815,0.0018338362953554815,0.0018338362953554815,0.0018338362953554815,0.0018338362953554815,0.0018338362953554815,0.0018338362953554815,0.0018338362953554815,0.0018338362953554815,0.0018338362953554815,0.0018338362953554815,0.0018338362953554815,0.0018338362953554815,0.0018338362953554815,0.0018338362953554815,0.0018338362953554815,0.0018338362953554815,0.0018338362953554815,0.0018338362953554815,0.0018338362953554815,0.0018338362953554815,0.0018338362953554815,0.0018338362953554815,0.0018338362953554815,0.0018338362953554815,0.0018338362953554815,0.0018338362953554815,0.0018338362953554815,0.0018338362953554815,0.0018338362953554815,0.0018338362953554815,0.0018338362953554815,0.0018338362953554815,0.0018338362953554815,0.0018338362953554815,0.0018338362953554815,0.0018338362953554815,0.0018338362953554815,0.0018338362953554815,0.0018338362953554815,0.0018338362953554815,0.0018338362953554815,0.0018338362953554815,0.0018338362953554815,0.0018338362953554815,0.0018338362953554815,0.0018338362953554815,0.0018338362953554815,0.0018338362953554815,0.0018338362953554815,0.0018338362953554815,0.0018338362953554815,0.0018338362953554815,0.0018338362953554815,0.0018338362953554815,0.0018338362953554815,0.0026537774977464586,0.0026537774977464586,0.0026537774977464586,0.0026537774977464586,0.0026537774977464586,0.0026537774977464586,0.0026537774977464586,0.0026537774977464586,-0.009418553422143266,-0.009418553422143266,-0.009418553422143266,-0.009418553422143266,-0.009418553422143266,-0.009418553422143266,-0.009418553422143266,-0.009418553422143266,-0.009418553422143266,-0.009418553422143266,-0.009418553422143266,-0.009418553422143266,0.0026537774977464586,0.0026537774977464586,0.0026537774977464586,0.0026537774977464586,0.0026537774977464586,0.0026537774977464586,0.0026537774977464586,0.0026537774977464586,-4.981416120354397e-05,-4.981416120354397e-05,-4.981416120354397e-05,-4.981416120354397e-05,-4.981416120354397e-05,-4.981416120354397e-05,-4.981416120354397e-05,-4.981416120354397e-05,-4.981416120354397e-05,-4.981416120354397e-05,-4.981416120354397e-05,0.0018338362953554815
0.4292929292929294,0.0018338362953554815,0.0018338362953554815,0.0018338362953554815,0.0018338362953554815,0.0018338362953554815,0.0018338362953554815,0.0018338362953554815,0.0018338362953554815,0.0018338362953554815,0.0018338362953554815,0.0018338362953554815,0.0018338362953554815,0.0018338362953554815,0.0018338362953554815,0.0018338362953554815,0.0018338362953554815,0.0018338362953554815,0.0018338362953554815,0.0018338362953554815,0.0018338362953554815,0.0018338362953554815,0.0018338362953554815,0.0018338362953554815,0.0018338362953554815,0.0018338362953554815,0.0018338362953554815,0.0018338362953554815,0.0018338362953554815,0.0018338362953554815,0.0018338362953554815,0.0018338362953554815,0.0018338362953554815,0.0018338362953554815,0.0018338362953554815,0.0018338362953554815,0.0018338362953554815,0.0018338362953554815,0.0018338362953554815,0.0018338362953554815,0.0018338362953554815,0.0018338362953554815,0.0018338362953554815,0.0018338362953554815,0.0018338362953554815,0.0018338362953554815,0.0018338362953554815,0.0018338362953554815,0.0018338362953554815,0.0018338362953554815,0.0018338362953554815,0.0018338362953554815,0.0018338362953554815,0.0018338362953554815,0.0018338362953554815,0.0018338362953554815,0.0018338362953554815,0.0018338362953554815,0.0018338362953554815,0.0018338362953554815,0.0018338362953554815,0.0026537774977464586,0.0026537774977464586,0.0026537774977464586,0.0026537774977464586,0.0026537774977464586,0.0026537774977464586,0.0026537774977464586,-0.009418553422143266,-0.009418553422143266,-0.009418553422143266,-0.009418553422143266,-0.009418553422143266,-0.009418553422143266,-0.009418553422143266,-0.009418553422143266,-0.009418553422143266,-0.009418553422143266,-0.009418553422143266,-0.009418553422143266,-0.009418553422143266,0.0026537774977464586,0.0026537774977464586,0.0026537774977464586,0.0026537774977464586,0.0026537774977464586,0.0026537774977464586,0.0026537774977464586,-4.981416120354397e-05,-4.981416120354397e-05,-4.981416120354397e-05,-4.981416120354397e-05,-4.981416120354397e-05,-4.981416120354397e-05,-4.981416120354397e-05,-4.981416120354397e-05,-4.981416120354397e-05,-4.981416120354397e-05,-4.981416120354397e-05,-4.981416120354397e-05,0.0018338362953554815
0.43939393939393945,0.0018338362953554815,0.0018338362953554815,0.0018338362953554815,0.0018338362953554815,0.0018338362953554815,0.0018338362953554815,0.0018338362953554815,0.0018338362953554815,0.0018338362953554815,0.0018338362953554815,0.0018338362953554815,0.0018338362953554815,0.0018338362953554815,0.0018338362953554815,0.0018338362953554815,0.0018338362953554815,0.0018338362953554815,0.0018338362953554815,0.0018338362953554815,0.0018338362953554815,0.0018338362953554815,0.0018338362953554815,0.0018338362953554815,0.0018338362953554815,0.0018338362953554815,0.0018338362953554815,0.0018338362953554815,0.0018338362953554815,0.0018338362953554815,0.0018338362953554815,0.0018338362953554815,0.0018338362953554815,0.0018338362953554815,0.0018338362953554815,0.0018338362953554815,0.0018338362953554815,0.0018338362953554815,0.0018338362953554815,0.0018338362953554815,0.0018338362953554815,0.0018338362953554815,0.0018338362953554815,0.0018338362953554815,0.0018338362953554815,0.0018338362953554815,0.0018338362953554815,0.0018338362953554815,0.0018338362953554815,0.0018338362953554815,0.0018338362953554815,0.0018338362953554815,0.0018338362953554815,0.0018338362953554815,0.0018338362953554815,0.0018338362953554815,0.0018338362953554815,0.0018338362953554815,0.0018338362953554815,0.0018338362953554815,0.0018338362953554815,0.0026537774977464586,0.0026537774977464586,0.0026537774977464586,0.0026537774977464586,0.0026537774977464586,0.0026537774977464586,-0.009418553422143266,-0.009418553422143266,-0.009418553422143266,-0.009418553422143266,-0.009418553422143266,-0.009418553422143266,-0.009418553422143266,-0.009418553422143266,-0.009418553422143266,-0.009418553422143266,-0.009418553422143266,-0.009418553422143266,-0.009418553422143266,-0.009418553422143266,0.0026537774977464586,0.0026537774977464586,0.0026537774977464586,0.0026537774977464586,0.0026537774977464586,0.0026537774977464586,-4.981416120354397e-05,-4.981416120354397e-05,-4.981416120354397e-05,-4.981416120354397e-05,-4.981416120354397e-05,-4.981416120354397e-05,-4.981416120354397e-05,-4.981416120354397e-05,-4.981416120354397e-05,-4.981416120354397e-05,-4.981416120354397e-05,-4.981416120354397e-05,-4.981416120354397e-05,0.0018338362953554815
0.4494949494949496,0.0018338362953554815,0.0018338362953554815,0.0018338362953554815,0.0018338362953554815,0.0018338362953554815,0.0018338362953554815,0.0018338362953554815,0.0018338362953554815,0.0018338362953554815,0.0018338362953554815,0.0018338362953554815,0.0018338362953554815,0.0018338362953554815,0.0018338362953554815,0.0018338362953554815,0.0018338362953554815,0.0018338362953554815,0.0018338362953554815,0.0018338362953554815,0.0018338362953554815,0.0018338362953554815,0.0018338362953554815,0.0018338362953554815,0.0018338362953554815,0.0018338362953554815,0.0018338362953554815,0.0018338362953554815,0.0018338362953554815,0.0018338362953554815,0.0018338362953554815,0.0018338362953554815,0.0018338362953554815,0.0018338362953554815,0.0018338362953554815,0.0018338362953554815,0.0018338362953554815,0.0018338362953554815,0.0018338362953554815,0.0018338362953554815,0.0018338362953554815,0.0018338362953554815,0.0018338362953554815,0.0018338362953554815,0.0018338362953554815,0.0018338362953554815,0.0018338362953554815,0.0018338362953554815,0.0018338362953554815,0.0018338362953554815,0.0018338362953554815,0.0018338362953554815,0.0018338362953554815,0.0018338362953554815,0.0018338362953554815,0.0018338362953554815,0.0018338362953554815,0.0018338362953554815,0.0018338362953554815,0.0018338362953554815,0.0018338362953554815,0.0026537774977464586,0.0026537774977464586,0.0026537774977464586,0.0026537774977464586,0.0026537774977464586,-0.009418553422143266,-0.009418553422143266,-0.009418553422143266,-0.009418553422143266,-0.009418553422143266,-0.009418553422143266,-0.009418553422143266,-0.009418553422143266,-0.009418553422143266,-0.009418553422143266,-0.009418553422143266,-0.009418553422143266,-0.009418553422143266,-0.009418553422143266,-0.009418553422143266,0.0026537774977464586,0.0026537774977464586,0.0026537774977464586,0.0026537774977464586,0.0026537774977464586,-4.981416120354397e-05,-4.981416120354397e-05,-4.981416120354397e-05,-4.981416120354397e-05,-4.981416120354397e-05,-4.981416120354397e-05,-4.981416120354397e-05,-4.981416120354397e-05,-4.981416120354397e-05,-4.981416120354397e-05,-4.981416120354397e-05,-4.981416120354397e-05,-4.981416120354397e-05,-4.981416120354397e-05,0.0018338362953554815
0.45959595959595967,0.0018338362953554815,0.0018338362953554815,0.0018338362953554815,0.0018338362953554815,0.0018338362953554815,0.0018338362953554815,0.0018338362953554815,0.0018338362953554815,0.0018338362953554815,0.0018338362953554815,0.0018338362953554815,0.0018338362953554815,0.0018338362953554815,0.0018338362953554815,0.0018338362953554815,0.0018338362953554815,0.0018338362953554815,0.0018338362953554815,0.0018338362953554815,0.0018338362953554815,0.0018338362953554815,0.0018338362953554815,0.0018338362953554815,0.0018338362953554815,0.0018338362953554815,0.0018338362953554815,0.0018338362953554815,0.0018338362953554815,0.0018338362953554815,0.0018338362953554815,0.0018338362953554815,0.0018338362953554815,0.0018338362953554815,0.0018338362953554815,0.0018338362953554815,0.0018338362953554815,0.0018338362953554815,0.0018338362953554815,0.0018338362953554815,0.0018338362953554815,0.0018338362953554815,0.0018338362953554815,0.0018338362953554815,0.0018338362953554815,0.0018338362953554815,0.0018338362953554815,0.0018338362953554815,0.0018338362953554815,0.0018338362953554815,0.0018338362953554815,0.0018338362953554815,0.0018338362953554815,0.0018338362953554815,0.0018338362953554815,0.0018338362953554815,0.0018338362953554815,0.0018338362953554815,0.0018338362953554815,0.0018338362953554815,0.0018338362953554815,0.0026537774977464586,0.0026537774977464586,0.0026537774977464586,0.0026537774977464586,-0.009418553422143266,-0.009418553422143266,-0.009418553422143266,-0.009418553422143266,-0.009418553422143266,-0.009418553422143266,-0.009418553422143266,-0.009418553422143266,-0.009418553422143266,-0.009418553422143266,-0.009418553422143266,-0.009418553422143266,-0.009418553422143266,-0.009418553422143266,-0.009418553422143266,-0.009418553422143266,0.0026537774977464586,0.0026537774977464586,0.0026537774977464586,0.0026537774977464586,-4.981416120354397e-05,-4.981416120354397e-05,-4.981416120354397e-05,-4.981416120354397e-05,-4.981416120354397e-05,-4.981416120354397e-05,-4.981416120354397e-05,-4.981416120354397e-05,-4.981416120354397e-05,-4.981416120354397e-05,-4.981416120354397e-05,-4.981416120354397e-05,-4.981416120354397e-05,-4.981416120354397e-05,-4.981416120354397e-05,0.0018338362953554815
0.4696969696969697,0.0018338362953554815,0.0018338362953554815,0.0018338362953554815,0.0018338362953554815,0.0018338362953554815,0.0018338362953554815,0.0018338362953554815,0.0018338362953554815,0.0018338362953554815,0.0018338362953554815,0.0018338362953554815,0.0018338362953554815,0.0018338362953554815,0.0018338362953554815,0.0018338362953554815,0.0018338362953554815,0.0018338362953554815,0.0018338362953554815,0.0018338362953554815,0.0018338362953554815,0.0018338362953554815,0.0018338362953554815,0.0018338362953554815,0.0018338362953554815,0.0018338362953554815,0.0018338362953554815,0.0018338362953554815,0.0018338362953554815,0.0018338362953554815,0.0018338362953554815,0.0018338362953554815,0.0018338362953554815,0.0018338362953554815,0.0018338362953554815,0.0018338362953554815,0.0018338362953554815,0.0018338362953554815,0.0018338362953554815,0.0018338362953554815,0.0018338362953554815,0.0018338362953554815,0.0018338362953554815,0.0018338362953554815,0.0018338362953554815,0.0018338362953554815,0.0018338362953554815,0.0018338362953554815,0.0018338362953554815,0.0018338362953554815,0.0018338362953554815,0.0018338362953554815,0.0018338362953554815,0.0018338362953554815,0.0018338362953554815,0.0018338362953554815,0.0018338362953554815,0.0018338362953554815,0.0018338362953554815,0.0018338362953554815,0.0018338362953554815,0.0026537774977464586,0.0026537774977464586,0.0026537774977464586,-0.009418553422143266,-0.009418553422143266,-0.009418553422143266,-0.009418553422143266,-0.009418553422143266,-0.009418553422143266,-0.009418553422143266,-0.009418553422143266,-0.009418553422143266,-0.009418553422143266,-0.009418553422143266,-0.009418553422143266,-0.009418553422143266,-0.009418553422143266,-0.009418553422143266,-0.009418553422143266,-0.009418553422143266,0.0026537774977464586,0.0026537774977464586,0.0026537774977464586,-4.981416120354397e-05,-4.981416120354397e-05,-4.981416120354397e-05,-4.981416120354397e-05,-4.981416120354397e-05,-4.981416120354397e-05,-4.981416120354397e-05,-4.981416120354397e-05,-4.981416120354397e-05,-4.981416120354397e-05,-4.981416120354397e-05,-4.981416120354397e-05,-4.981416120354397e-05,-4.981416120354397e-05,-4.981416120354397e-05,-4.981416120354397e-05,0.0018338362953554815
0.4797979797979799,0.0018338362953554815,0.0018338362953554815,0.0018338362953554815,0.0018338362953554815,0.0018338362953554815,0.0018338362953554815,0.0018338362953554815,0.0018338362953554815,0.0018338362953554815,0.0018338362953554815,0.0018338362953554815,0.0018338362953554815,0.0018338362953554815,0.0018338362953554815,0.0018338362953554815,0.0018338362953554815,0.0018338362953554815,0.0018338362953554815,0.0018338362953554815,0.0018338362953554815,0.0018338362953554815,0.0018338362953554815,0.0018338362953554815,0.0018338362953554815,0.0018338362953554815,0.0018338362953554815,0.0018338362953554815,0.0018338362953554815,0.0018338362953554815,0.0018338362953554815,0.0018338362953554815,0.0018338362953554815,0.0018338362953554815,0.0018338362953554815,0.0018338362953554815,0.0018338362953554815,0.0018338362953554815,0.0018338362953554815,0.0018338362953554815,0.0018338362953554815,0.0018338362953554815,0.0018338362953554815,0.0018338362953554815,0.0018338362953554815,0.0018338362953554815,0.0018338362953554815,0.0018338362953554815,0.0018338362953554815,0.0018338362953554815,0.0018338362953554815,0.0018338362953554815,0.0018338362953554815,0.0018338362953554815,0.0018338362953554815,0.0018338362953554815,0.0018338362953554815,0.0018338362953554815,0.0018338362953554815,0.0018338362953554815,0.0018338362953554815,0.0026537774977464586,0.0026537774977464586,-0.009418553422143266,-0.009418553422143266,-0.009418553422143266,-0.009418553422143266,-0.009418553422143266,-0.009418553422143266,-0.009418553422143266,-0.009418553422143266,-0.009418553422143266,-0.009418553422143266,-0.009418553422143266,-0.009418553422143266,-0.009418553422143266,-0.009418553422143266,-0.009418553422143266,-0.009418553422143266,-0.009418553422143266,-0.009418553422143266,0.0026537774977464586,0.0026537774977464586,-4.981416120354397e-05,-4.981416120354397e-05,-4.981416120354397e-05,-4.981416120354397e-05,-4.981416120354397e-05,-4.981416120354397e-05,-4.981416120354397e-05,-4.981416120354397e-05,-4.981416120354397e-05,-4.981416120354397e-05,-4.981416120354397e-05,-4.981416120354397e-05,-4.981416120354397e-05,-4.981416120354397e-05,-4.981416120354397e-05,-4.981416120354397e-05,-4.981416120354397e-05,0.0018338362953554815
0.48989898989898994,0.0018338362953554815,0.0018338362953554815,0.0018338362953554815,0.0018338362953554815,0.0018338362953554815,0.0018338362953554815,0.0018338362953554815,0.0018338362953554815,0.0018338362953554815,0.0018338362953554815,0.0018338362953554815,0.0018338362953554815,0.0018338362953554815,0.0018338362953554815,0.0018338362953554815,0.0018338362953554815,0.0018338362953554815,0.0018338362953554815,0.0018338362953554815,0.0018338362953554815,0.0018338362953554815,0.0018338362953554815,0.0018338362953554815,0.0018338362953554815,0.0018338362953554815,0.0018338362953554815,0.0018338362953554815,0.0018338362953554815,0.0018338362953554815,0.0018338362953554815,0.0018338362953554815,0.0018338362953554815,0.0018338362953554815,0.0018338362953554815,0.0018338362953554815,0.0018338362953554815,0.0018338362953554815,0.0018338362953554815,0.0018338362953554815,0.0018338362953554815,0.0018338362953554815,0.0018338362953554815,0.0018338362953554815,0.0018338362953554815,0.0018338362953554815,0.0018338362953554815,0.0018338362953554815,0.0018338362953554815,0.0018338362953554815,0.0018338362953554815,0.0018338362953554815,0.0018338362953554815,0.0018338362953554815,0.0018338362953554815,0.0018338362953554815,0.0018338362953554815,0.0018338362953554815,0.0018338362953554815,0.0018338362953554815,0.0018338362953554815,0.0026537774977464586,-0.009418553422143266,-0.009418553422143266,-0.009418553422143266,-0.009418553422143266,-0.009418553422143266,-0.009418553422143266,-0.009418553422143266,-0.009418553422143266,-0.009418553422143266,-0.009418553422143266,-0.009418553422143266,-0.009418553422143266,-0.009418553422143266,-0.009418553422143266,-0.009418553422143266,-0.009418553422143266,-0.009418553422143266,-0.009418553422143266,-0.009418553422143266,0.0026537774977464586,-4.981416120354397e-05,-4.981416120354397e-05,-4.981416120354397e-05,-4.981416120354397e-05,-4.981416120354397e-05,-4.981416120354397e-05,-4.981416120354397e-05,-4.981416120354397e-05,-4.981416120354397e-05,-4.981416120354397e-05,-4.981416120354397e-05,-4.981416120354397e-05,-4.981416120354397e-05,-4.981416120354397e-05,-4.981416120354397e-05,-4.981416120354397e-05,-4.981416120354397e-05,-4.981416120354397e-05,0.0018338362953554815
0.5,0.0023133593010607237,0.0023133593010607237,0.0023133593010607237,0.0023133593010607237,0.0023133593010607237,0.0023133593010607237,0.0023133593010607237,0.0023133593010607237,0.0023133593010607237,0.0023133593010607237,0.0023133593010607237,0.0023133593010607237,0.0023133593010607237,0.0023133593010607237,0.0023133593010607237,0.0023133593010607237,0.0023133593010607237,0.0023133593010607237,0.0023133593010607237,0.0023133593010607237,0.0023133593010607237,0.0023133593010607237,0.0023133593010607237,0.0023133593010607237,0.0023133593010607237,0.0023133593010607237,0.0023133593010607237,0.0023133593010607237,0.0023133593010607237,0.0023133593010607237,0.0023133593010607237,0.0023133593010607237,0.0023133593010607237,0.0023133593010607237,0.0023133593010607237,0.0023133593010607237,0.0023133593010607237,0.0023133593010607237,0.0023133593010607237,0.0023133593010607237,0.0023133593010607237,0.0023133593010607237,0.0023133593010607237,0.0023133593010607237,0.0023133593010607237,0.0023133593010607237,0.0023133593010607237,0.0023133593010607237,0.0023133593010607237,0.0023133593010607237,0.0023133593010607237,0.0023133593010607237,0.0023133593010607237,0.0023133593010607237,0.0023133593010607237,0.0023133593010607237,0.0023133593010607237,0.0023133593010607237,0.0023133593010607237,0.0023133593010607237,-0.009758971618829,-0.009758971618829,-0.009758971618829,-0.009758971618829,-0.009758971618829,-0.009758971618829,-0.009758971618829,-0.009758971618829,-0.009758971618829,-0.009758971618829,-0.009758971618829,-0.009758971618829,-0.009758971618829,-0.009758971618829,-0.009758971618829,-0.009758971618829,-0.009758971618829,-0.009758971618829,-0.009758971618829,-0.009758971618829,-0.00039023235788927866,-0.00039023235788927866,-0.00039023235788927866,-0.00039023235788927866,-0.00039023235788927866,-0.00039023235788927866,-0.00039023235788927866,-0.00039023235788927866,-0.00039023235788927866,-0.00039023235788927866,-0.00039023235788927866,-0.00039023235788927866,-0.00039023235788927866,-0.00039023235788927866,-0.00039023235788927866,-0.00039023235788927866,-0.00039023235788927866,-0.00039023235788927866,-0.00039023235788927866,0.0023133593010607237
