,-0.5,-0.4898989898989899,-0.4797979797979798,-0.4696969696969697,-0.4595959595959596,-0.4494949494949495,-0.4393939393939394,-0.4292929292929293,-0.41919191919191917,-0.40909090909090906,-0.398989898989899,-0.3888888888888889,-0.3787878787878788,-0.3686868686868687,-0.35858585858585856,-0.3484848484848485,-0.33838383838383834,-0.3282828282828283,-0.3181818181818182,-0.30808080808080807,-0.29797979797979796,-0.28787878787878785,-0.2777777777777778,-0.2676767676767676,-0.25757575757575757,-0.24747474747474746,-0.23737373737373735,-0.22727272727272724,-0.21717171717171713,-0.20707070707070707,-0.19696969696969696,-0.18686868686868685,-0.17676767676767674,-0.16666666666666663,-0.15656565656565652,-0.1464646464646464,-0.13636363636363635,-0.12626262626262624,-0.11616161616161613,-0.10606060606060602,-0.09595959595959591,-0.0858585858585858,-0.07575757575757575,-0.06565656565656564,-0.055555555555555525,-0.045454545454545414,-0.035353535353535304,-0.025252525252525193,-0.015151515151515138,-0.0050505050505050275,0.005050505050505083,0.015151515151515249,0.025252525252525304,0.03535353535353536,0.045454545454545525,0.05555555555555558,0.06565656565656575,0.0757575757575758,0.08585858585858586,0.09595959595959602,0.10606060606060608,0.11616161616161624,0.1262626262626263,0.13636363636363646,0.14646464646464652,0.15656565656565657,0.16666666666666674,0.1767676767676768,0.18686868686868696,0.19696969696969702,0.20707070707070718,0.21717171717171724,0.2272727272727273,0.23737373737373746,0.24747474747474751,0.2575757575757577,0.26767676767676774,0.2777777777777778,0.28787878787878796,0.297979797979798,0.3080808080808082,0.31818181818181823,0.3282828282828284,0.33838383838383845,0.3484848484848485,0.3585858585858587,0.36868686868686873,0.3787878787878789,0.38888888888888895,0.3989898989898991,0.40909090909090917,0.4191919191919192,0.4292929292929294,0.43939393939393945,0.4494949494949496,0.45959595959595967,0.4696969696969697,0.4797979797979799,0.48989898989898994,0.5
-0.5,19.116190969440662,19.116190969440662,19.116190969440662,19.116190969440662,19.116190969440662,19.116190969440662,19.116190969440662,19.116190969440662,19.116190969440662,19.116190969440662,19.116190969440662,19.116190969440662,19.116190969440662,19.116190969440662,19.116190969440662,19.116190969440662,19.116190969440662,19.116190969440662,19.116190969440662,19.116190969440662,19.116190969440662,19.116190969440662,19.116190969440662,19.116190969440662,19.116190969440662,19.116190969440662,19.116190969440662,19.116190969440662,19.116190969440662,19.116190969440662,19.116190969440662,19.116190969440662,19.116190969440662,19.116190969440662,19.116190969440662,19.116190969440662,19.116190969440662,19.116190969440662,19.116190969440662,19.116190969440662,19.116190969440662,19.116190969440662,19.116190969440662,19.116190969440662,19.116190969440662,19.116190969440662,19.116190969440662,19.116190969440662,19.116190969440662,19.116190969440662,19.116190969440662,19.116190969440662,19.116190969440662,19.116190969440662,19.116190969440662,19.116190969440662,19.116190969440662,19.116190969440662,19.116190969440662,19.116190969440662,19.19237042770327,19.19237042770327,19.19237042770327,19.19237042770327,19.19237042770327,19.19237042770327,19.19237042770327,19.19237042770327,19.19237042770327,19.19237042770327,19.19237042770327,19.19237042770327,19.19237042770327,19.19237042770327,19.19237042770327,19.19237042770327,19.19237042770327,19.19237042770327,19.19237042770327,19.19237042770327,18.19177257404772,18.19177257404772,18.19177257404772,18.19177257404772,18.19177257404772,18.19177257404772,18.19177257404772,18.19177257404772,18.19177257404772,18.19177257404772,18.19177257404772,18.19177257404772,18.19177257404772,18.19177257404772,18.19177257404772,18.19177257404772,18.19177257404772,18.19177257404772,18.19177257404772,19.116190969440662
-0.4898989898989899,19.116190969440662,19.116190969440662,19.116190969440662,19.116190969440662,19.116190969440662,19.116190969440662,19.116190969440662,19.116190969440662,19.116190969440662,19.116190969440662,19.116190969440662,19.116190969440662,19.116190969440662,19.116190969440662,19.116190969440662,19.116190969440662,19.116190969440662,19.116190969440662,19.116190969440662,19.116190969440662,19.116190969440662,19.116190969440662,19.116190969440662,19.116190969440662,19.116190969440662,19.116190969440662,19.116190969440662,19.116190969440662,19.116190969440662,19.116190969440662,19.116190969440662,19.116190969440662,19.116190969440662,19.116190969440662,19.116190969440662,19.116190969440662,19.116190969440662,19.116190969440662,19.116190969440662,19.116190969440662,19.116190969440662,19.116190969440662,19.116190969440662,19.116190969440662,19.116190969440662,19.116190969440662,19.116190969440662,19.116190969440662,19.116190969440662,19.116190969440662,19.116190969440662,19.116190969440662,19.116190969440662,19.116190969440662,19.116190969440662,19.116190969440662,19.116190969440662,19.116190969440662,19.116190969440662,19.19237042770327,19.19237042770327,19.19237042770327,19.19237042770327,19.19237042770327,19.19237042770327,19.19237042770327,19.19237042770327,19.19237042770327,19.19237042770327,19.19237042770327,19.19237042770327,19.19237042770327,19.19237042770327,19.19237042770327,19.19237042770327,19.19237042770327,19.19237042770327,19.19237042770327,19.19237042770327,17.30389356793829,18.19177257404772,18.19177257404772,18.19177257404772,18.19177257404772,18.19177257404772,18.19177257404772,18.19177257404772,18.19177257404772,18.19177257404772,18.19177257404772,18.19177257404772,18.19177257404772,18.19177257404772,18.19177257404772,18.19177257404772,18.19177257404772,18.19177257404772,18.19177257404772,18.19177257404772,19.116190969440662
-0.4797979797979798,19.116190969440662,19.116190969440662,19.116190969440662,19.116190969440662,19.116190969440662,19.116190969440662,19.116190969440662,19.116190969440662,19.116190969440662,19.116190969440662,19.116190969440662,19.116190969440662,19.116190969440662,19.116190969440662,19.116190969440662,19.116190969440662,19.116190969440662,19.116190969440662,19.116190969440662,19.116190969440662,19.116190969440662,19.116190969440662,19.116190969440662,19.116190969440662,19.116190969440662,19.116190969440662,19.116190969440662,19.116190969440662,19.116190969440662,19.116190969440662,19.116190969440662,19.116190969440662,19.116190969440662,19.116190969440662,19.116190969440662,19.116190969440662,19.116190969440662,19.116190969440662,19.116190969440662,19.116190969440662,19.116190969440662,19.116190969440662,19.116190969440662,19.116190969440662,19.116190969440662,19.116190969440662,19.116190969440662,19.116190969440662,19.116190969440662,19.116190969440662,19.116190969440662,19.116190969440662,19.116190969440662,19.116190969440662,19.116190969440662,19.116190969440662,19.116190969440662,19.116190969440662,19.19237042770327,19.19237042770327,19.19237042770327,19.19237042770327,19.19237042770327,19.19237042770327,19.19237042770327,19.19237042770327,19.19237042770327,19.19237042770327,19.19237042770327,19.19237042770327,19.19237042770327,19.19237042770327,19.19237042770327,19.19237042770327,19.19237042770327,19.19237042770327,19.19237042770327,19.19237042770327,17.30389356793829,17.30389356793829,18.19177257404772,18.19177257404772,18.19177257404772,18.19177257404772,18.19177257404772,18.19177257404772,18.19177257404772,18.19177257404772,18.19177257404772,18.19177257404772,18.19177257404772,18.19177257404772,18.19177257404772,18.19177257404772,18.19177257404772,18.19177257404772,18.19177257404772,18.15499901243184,18.15499901243184,19.116190969440662
-0.4696969696969697,19.116190969440662,19.116190969440662,19.116190969440662,19.116190969440662,19.116190969440662,19.116190969440662,19.116190969440662,19.116190969440662,19.116190969440662,19.116190969440662,19.116190969440662,19.116190969440662,19.116190969440662,19.116190969440662,19.116190969440662,19.116190969440662,19.116190969440662,19.116190969440662,19.116190969440662,19.116190969440662,19.116190969440662,19.116190969440662,19.116190969440662,19.116190969440662,19.116190969440662,19.116190969440662,19.116190969440662,19.116190969440662,19.116190969440662,19.116190969440662,19.116190969440662,19.116190969440662,19.116190969440662,19.116190969440662,19.116190969440662,19.116190969440662,19.116190969440662,19.116190969440662,19.116190969440662,19.116190969440662,19.116190969440662,19.116190969440662,19.116190969440662,19.116190969440662,19.116190969440662,19.116190969440662,19.116190969440662,19.116190969440662,19.116190969440662,19.116190969440662,19.116190969440662,19.116190969440662,19.116190969440662,19.116190969440662,19.116190969440662,19.116190969440662,19.116190969440662,19.19237042770327,19.19237042770327,19.19237042770327,19.19237042770327,19.19237042770327,19.19237042770327,19.19237042770327,19.19237042770327,19.19237042770327,19.19237042770327,19.19237042770327,19.19237042770327,19.19237042770327,19.19237042770327,19.19237042770327,19.19237042770327,19.19237042770327,19.19237042770327,19.19237042770327,19.19237042770327,17.30389356793829,17.30389356793829,17.30389356793829,18.19177257404772,18.19177257404772,18.19177257404772,18.19177257404772,18.19177257404772,18.19177257404772,18.19177257404772,18.19177257404772,18.19177257404772,18.19177257404772,18.19177257404772,18.19177257404772,18.19177257404772,18.19177257404772,18.19177257404772,18.19177257404772,18.19177257404772,18.15499901243184,18.15499901243184,19.116190969440662
-0.4595959595959596,19.116190969440662,19.116190969440662,19.116190969440662,19.116190969440662,19.116190969440662,19.116190969440662,19.116190969440662,19.116190969440662,19.116190969440662,19.116190969440662,19.116190969440662,19.116190969440662,19.116190969440662,19.116190969440662,19.116190969440662,19.116190969440662,19.116190969440662,19.116190969440662,19.116190969440662,19.116190969440662,19.116190969440662,19.116190969440662,19.116190969440662,19.116190969440662,19.116190969440662,19.116190969440662,19.116190969440662,19.116190969440662,19.116190969440662,19.116190969440662,19.116190969440662,19.116190969440662,19.116190969440662,19.116190969440662,19.116190969440662,19.116190969440662,19.116190969440662,19.116190969440662,19.116190969440662,19.116190969440662,19.116190969440662,19.116190969440662,19.116190969440662,19.116190969440662,19.116190969440662,19.116190969440662,19.116190969440662,19.116190969440662,19.116190969440662,19.116190969440662,19.116190969440662,19.116190969440662,19.116190969440662,19.116190969440662,19.116190969440662,19.116190969440662,19.19237042770327,19.19237042770327,19.19237042770327,19.19237042770327,19.19237042770327,19.19237042770327,19.19237042770327,19.19237042770327,19.19237042770327,19.19237042770327,19.19237042770327,19.19237042770327,19.19237042770327,19.19237042770327,19.19237042770327,19.19237042770327,19.19237042770327,19.19237042770327,19.19237042770327,19.19237042770327,17.30389356793829,17.30389356793829,17.30389356793829,17.30389356793829,18.19177257404772,18.19177257404772,18.19177257404772,18.19177257404772,18.19177257404772,18.19177257404772,18.19177257404772,18.19177257404772,18.19177257404772,18.19177257404772,18.19177257404772,18.19177257404772,18.19177257404772,18.19177257404772,18.19177257404772,18.19177257404772,18.15499901243184,18.15499901243184,18.15499901243184,19.116190969440662
-0.4494949494949495,19.116190969440662,19.116190969440662,19.116190969440662,19.116190969440662,19.116190969440662,19.116190969440662,19.116190969440662,19.116190969440662,19.116190969440662,19.116190969440662,19.116190969440662,19.116190969440662,19.116190969440662,19.116190969440662,19.116190969440662,19.116190969440662,19.116190969440662,19.116190969440662,19.116190969440662,19.116190969440662,19.116190969440662,19.116190969440662,19.116190969440662,19.116190969440662,19.116190969440662,19.116190969440662,19.116190969440662,19.116190969440662,19.116190969440662,19.116190969440662,19.116190969440662,19.116190969440662,19.116190969440662,19.116190969440662,19.116190969440662,19.116190969440662,19.116190969440662,19.116190969440662,19.116190969440662,19.116190969440662,19.116190969440662,19.116190969440662,19.116190969440662,19.116190969440662,19.116190969440662,19.116190969440662,19.116190969440662,19.116190969440662,19.116190969440662,19.116190969440662,19.116190969440662,19.116190969440662,19.116190969440662,19.116190969440662,19.116190969440662,19.19237042770327,19.19237042770327,19.19237042770327,19.19237042770327,19.19237042770327,19.19237042770327,19.19237042770327,19.19237042770327,19.19237042770327,19.19237042770327,19.19237042770327,19.19237042770327,19.19237042770327,19.19237042770327,19.19237042770327,19.19237042770327,19.19237042770327,19.19237042770327,19.19237042770327,19.19237042770327,17.30389356793829,17.30389356793829,17.30389356793829,17.30389356793829,17.30389356793829,18.19177257404772,18.19177257404772,18.19177257404772,18.19177257404772,18.19177257404772,18.19177257404772,18.19177257404772,18.19177257404772,18.19177257404772,18.19177257404772,18.19177257404772,18.19177257404772,18.19177257404772,18.19177257404772,18.15499901243184,18.15499901243184,18.15499901243184,18.15499901243184,18.15499901243184,19.116190969440662
-0.4393939393939394,19.116190969440662,19.116190969440662,19.116190969440662,19.116190969440662,19.116190969440662,19.116190969440662,19.116190969440662,19.116190969440662,19.116190969440662,19.116190969440662,19.116190969440662,19.116190969440662,19.116190969440662,19.116190969440662,19.116190969440662,19.116190969440662,19.116190969440662,19.116190969440662,19.116190969440662,19.116190969440662,19.116190969440662,19.116190969440662,19.116190969440662,19.116190969440662,19.116190969440662,19.116190969440662,19.116190969440662,19.116190969440662,19.116190969440662,19.116190969440662,19.116190969440662,19.116190969440662,19.116190969440662,19.116190969440662,19.116190969440662,19.116190969440662,19.116190969440662,19.116190969440662,19.116190969440662,19.116190969440662,19.116190969440662,19.116190969440662,19.116190969440662,19.116190969440662,19.116190969440662,19.116190969440662,19.116190969440662,19.116190969440662,19.116190969440662,19.116190969440662,19.116190969440662,19.116190969440662,19.116190969440662,19.116190969440662,19.19237042770327,19.19237042770327,19.19237042770327,19.19237042770327,19.19237042770327,19.19237042770327,19.19237042770327,19.19237042770327,19.19237042770327,19.19237042770327,19.19237042770327,19.19237042770327,19.19237042770327,19.19237042770327,19.19237042770327,19.19237042770327,19.19237042770327,19.19237042770327,19.19237042770327,19.19237042770327,17.30389356793829,17.30389356793829,17.30389356793829,17.30389356793829,17.30389356793829,17.30389356793829,18.19177257404772,18.19177257404772,18.19177257404772,18.19177257404772,18.19177257404772,18.19177257404772,18.19177257404772,18.19177257404772,18.19177257404772,18.19177257404772,18.19177257404772,18.19177257404772,18.19177257404772,18.15499901243184,18.15499901243184,18.15499901243184,18.15499901243184,18.15499901243184,18.15499901243184,19.116190969440662
-0.4292929292929293,19.116190969440662,19.116190969440662,19.116190969440662,19.116190969440662,19.116190969440662,19.116190969440662,19.116190969440662,19.116190969440662,19.116190969440662,19.116190969440662,19.116190969440662,19.116190969440662,19.116190969440662,19.116190969440662,19.116190969440662,19.116190969440662,19.116190969440662,19.116190969440662,19.116190969440662,19.116190969440662,19.116190969440662,19.116190969440662,19.116190969440662,19.116190969440662,19.116190969440662,19.116190969440662,19.116190969440662,19.116190969440662,19.116190969440662,19.116190969440662,19.116190969440662,19.116190969440662,19.116190969440662,19.116190969440662,19.116190969440662,19.116190969440662,19.116190969440662,19.116190969440662,19.116190969440662,19.116190969440662,19.116190969440662,19.116190969440662,19.116190969440662,19.116190969440662,19.116190969440662,19.116190969440662,19.116190969440662,19.116190969440662,19.116190969440662,19.116190969440662,19.116190969440662,19.116190969440662,19.116190969440662,19.19237042770327,19.19237042770327,19.19237042770327,19.19237042770327,19.19237042770327,19.19237042770327,19.19237042770327,19.19237042770327,19.19237042770327,19.19237042770327,19.19237042770327,19.19237042770327,19.19237042770327,19.19237042770327,19.19237042770327,19.19237042770327,19.19237042770327,19.19237042770327,19.19237042770327,19.19237042770327,17.30389356793829,17.30389356793829,17.30389356793829,17.30389356793829,17.30389356793829,17.30389356793829,17.30389356793829,18.19177257404772,18.19177257404772,18.19177257404772,18.19177257404772,18.19177257404772,18.19177257404772,18.19177257404772,18.19177257404772,18.19177257404772,18.19177257404772,18.19177257404772,18.19177257404772,18.19177257404772,18.15499901243184,18.15499901243184,18.15499901243184,18.15499901243184,18.15499901243184,18.15499901243184,19.116190969440662
-0.41919191919191917,19.116190969440662,19.116190969440662,19.116190969440662,19.116190969440662,19.116190969440662,19.116190969440662,19.116190969440662,19.116190969440662,19.116190969440662,19.116190969440662,19.116190969440662,19.116190969440662,19.116190969440662,19.116190969440662,19.116190969440662,19.116190969440662,19.116190969440662,19.116190969440662,19.116190969440662,19.116190969440662,19.116190969440662,19.116190969440662,19.116190969440662,19.116190969440662,19.116190969440662,19.116190969440662,19.116190969440662,19.116190969440662,19.116190969440662,19.116190969440662,19.116190969440662,19.116190969440662,19.116190969440662,19.116190969440662,19.116190969440662,19.116190969440662,19.116190969440662,19.116190969440662,19.116190969440662,19.116190969440662,19.116190969440662,19.116190969440662,19.116190969440662,19.116190969440662,19.116190969440662,19.116190969440662,19.116190969440662,19.116190969440662,19.116190969440662,19.116190969440662,19.116190969440662,19.116190969440662,19.19237042770327,19.19237042770327,19.19237042770327,19.19237042770327,19.19237042770327,19.19237042770327,19.19237042770327,19.19237042770327,19.19237042770327,19.19237042770327,19.19237042770327,19.19237042770327,19.19237042770327,19.19237042770327,19.19237042770327,19.19237042770327,19.19237042770327,19.19237042770327,19.19237042770327,19.19237042770327,17.30389356793829,17.30389356793829,17.30389356793829,17.30389356793829,17.30389356793829,17.30389356793829,17.30389356793829,17.30389356793829,18.19177257404772,18.19177257404772,18.19177257404772,18.19177257404772,18.19177257404772,18.19177257404772,18.19177257404772,18.19177257404772,18.19177257404772,18.19177257404772,18.19177257404772,18.19177257404772,18.15499901243184,18.15499901243184,18.15499901243184,18.15499901243184,18.15499901243184,18.15499901243184,18.15499901243184,19.116190969440662
-0.40909090909090906,19.116190969440662,19.116190969440662,19.116190969440662,19.116190969440662,19.116190969440662,19.116190969440662,19.116190969440662,19.116190969440662,19.116190969440662,19.116190969440662,19.116190969440662,19.116190969440662,19.116190969440662,19.116190969440662,19.116190969440662,19.116190969440662,19.116190969440662,19.116190969440662,19.116190969440662,19.116190969440662,19.116190969440662,19.116190969440662,19.116190969440662,19.116190969440662,19.116190969440662,19.116190969440662,19.116190969440662,19.116190969440662,19.116190969440662,19.116190969440662,19.116190969440662,19.116190969440662,19.116190969440662,19.116190969440662,19.116190969440662,19.116190969440662,19.116190969440662,19.116190969440662,19.116190969440662,19.116190969440662,19.116190969440662,19.116190969440662,19.116190969440662,19.116190969440662,19.116190969440662,19.116190969440662,19.116190969440662,19.116190969440662,19.116190969440662,19.116190969440662,19.116190969440662,19.19237042770327,19.19237042770327,19.19237042770327,19.19237042770327,19.19237042770327,19.19237042770327,19.19237042770327,19.19237042770327,19.19237042770327,19.19237042770327,19.19237042770327,19.19237042770327,19.19237042770327,19.19237042770327,19.19237042770327,19.19237042770327,19.19237042770327,19.19237042770327,19.19237042770327,19.19237042770327,17.30389356793829,17.30389356793829,17.30389356793829,17.30389356793829,17.30389356793829,17.30389356793829,17.30389356793829,17.30389356793829,17.30389356793829,18.19177257404772,18.19177257404772,18.19177257404772,18.19177257404772,18.19177257404772,18.19177257404772,18.19177257404772,18.19177257404772,18.19177257404772,18.19177257404772,18.15499901243184,18.15499901243184,18.15499901243184,18.15499901243184,18.15499901243184,18.15499901243184,18.15499901243184,18.15499901243184,18.15499901243184,19.116190969440662
-0.398989898989899,19.116190969440662,19.116190969440662,19.116190969440662,19.116190969440662,19.116190969440662,19.116190969440662,19.116190969440662,19.116190969440662,19.116190969440662,19.116190969440662,19.116190969440662,19.116190969440662,19.116190969440662,19.116190969440662,19.116190969440662,19.116190969440662,19.116190969440662,19.116190969440662,19.116190969440662,19.116190969440662,19.116190969440662,19.116190969440662,19.116190969440662,19.116190969440662,19.116190969440662,19.116190969440662,19.116190969440662,19.116190969440662,19.116190969440662,19.116190969440662,19.116190969440662,19.116190969440662,19.116190969440662,19.116190969440662,19.116190969440662,19.116190969440662,19.116190969440662,19.116190969440662,19.116190969440662,19.116190969440662,19.116190969440662,19.116190969440662,19.116190969440662,19.116190969440662,19.116190969440662,19.116190969440662,19.116190969440662,19.116190969440662,19.116190969440662,19.116190969440662,19.19237042770327,19.19237042770327,19.19237042770327,19.19237042770327,19.19237042770327,19.19237042770327,19.19237042770327,19.19237042770327,19.19237042770327,19.19237042770327,19.19237042770327,19.19237042770327,19.19237042770327,19.19237042770327,19.19237042770327,19.19237042770327,19.19237042770327,19.19237042770327,19.19237042770327,19.19237042770327,17.30389356793829,17.30389356793829,17.30389356793829,17.30389356793829,17.30389356793829,17.30389356793829,17.30389356793829,17.30389356793829,17.30389356793829,17.30389356793829,18.19177257404772,18.19177257404772,18.19177257404772,18.19177257404772,18.19177257404772,18.19177257404772,18.19177257404772,18.19177257404772,18.19177257404772,18.19177257404772,18.15499901243184,18.15499901243184,18.15499901243184,18.15499901243184,18.15499901243184,18.15499901243184,18.15499901243184,18.15499901243184,18.15499901243184,19.116190969440662
-0.3888888888888889,19.116190969440662,19.116190969440662,19.116190969440662,19.116190969440662,19.116190969440662,19.116190969440662,19.116190969440662,19.116190969440662,19.116190969440662,19.116190969440662,19.116190969440662,19.116190969440662,19.116190969440662,19.116190969440662,19.116190969440662,19.116190969440662,19.116190969440662,19.116190969440662,19.116190969440662,19.116190969440662,19.116190969440662,19.116190969440662,19.116190969440662,19.116190969440662,19.116190969440662,19.116190969440662,19.116190969440662,19.116190969440662,19.116190969440662,19.116190969440662,19.104947172512603,19.116190969440662,19.116190969440662,19.116190969440662,19.116190969440662,19.116190969440662,19.116190969440662,19.116190969440662,19.116190969440662,19.116190969440662,19.116190969440662,19.116190969440662,19.116190969440662,19.116190969440662,19.116190969440662,19.116190969440662,19.116190969440662,19.116190969440662,19.116190969440662,19.19237042770327,19.20584820857195,19.19237042770327,19.19237042770327,19.19237042770327,19.19237042770327,19.19237042770327,19.19237042770327,19.19237042770327,19.19237042770327,19.19237042770327,19.19237042770327,19.19237042770327,19.19237042770327,19.19237042770327,19.19237042770327,19.19237042770327,19.19237042770327,19.19237042770327,19.19237042770327,17.30389356793829,17.30389356793829,17.30389356793829,17.30389356793829,17.30389356793829,17.30389356793829,17.30389356793829,17.30389356793829,17.30389356793829,17.30389356793829,17.30389356793829,18.19177257404772,18.19177257404772,18.19177257404772,18.19177257404772,18.19177257404772,18.19177257404772,18.19177257404772,18.19177257404772,18.19177257404772,18.15499901243184,18.15499901243184,18.15499901243184,18.15499901243184,18.15499901243184,18.15499901243184,18.15499901243184,18.15499901243184,18.15499901243184,18.15499901243184,19.116190969440662
-0.3787878787878788,19.116190969440662,19.116190969440662,19.116190969440662,19.116190969440662,19.116190969440662,19.116190969440662,19.116190969440662,19.116190969440662,19.116190969440662,19.116190969440662,19.116190969440662,19.116190969440662,19.116190969440662,19.116190969440662,19.116190969440662,19.116190969440662,19.116190969440662,19.116190969440662,19.116190969440662,19.116190969440662,19.116190969440662,19.116190969440662,19.116190969440662,19.116190969440662,19.116190969440662,19.116190969440662,19.116190969440662,19.116190969440662,19.116190969440662,19.116190969440662,19.09931523640138,19.08686520244161,19.116190969440662,19.116190969440662,19.116190969440662,19.116190969440662,19.116190969440662,19.116190969440662,19.116190969440662,19.116190969440662,19.116190969440662,19.116190969440662,19.116190969440662,19.116190969440662,19.116190969440662,19.116190969440662,19.116190969440662,19.116190969440662,19.19237042770327,19.19237042770327,19.218558689057556,19.220161542669658,19.19237042770327,19.19237042770327,19.19237042770327,19.19237042770327,19.19237042770327,19.19237042770327,19.19237042770327,19.19237042770327,19.19237042770327,19.19237042770327,19.19237042770327,19.19237042770327,19.19237042770327,19.19237042770327,19.19237042770327,19.19237042770327,17.30389356793829,17.30389356793829,17.30389356793829,17.30389356793829,17.30389356793829,17.30389356793829,17.30389356793829,17.30389356793829,17.30389356793829,17.30389356793829,17.30389356793829,17.30389356793829,18.19177257404772,18.19177257404772,18.19177257404772,18.19177257404772,18.19177257404772,18.19177257404772,18.19177257404772,18.15499901243184,18.15499901243184,18.15499901243184,18.15499901243184,18.15499901243184,18.15499901243184,18.15499901243184,18.15499901243184,18.15499901243184,18.15499901243184,18.15499901243184,18.15499901243184,19.116190969440662
-0.3686868686868687,19.116190969440662,19.116190969440662,19.116190969440662,19.116190969440662,19.116190969440662,19.116190969440662,19.116190969440662,19.116190969440662,19.116190969440662,19.116190969440662,19.116190969440662,19.116190969440662,19.116190969440662,19.116190969440662,19.116190969440662,19.116190969440662,19.116190969440662,19.116190969440662,19.116190969440662,19.116190969440662,19.116190969440662,19.116190969440662,19.116190969440662,19.116190969440662,19.116190969440662,19.116190969440662,19.116190969440662,19.116190969440662,19.116190969440662,19.116190969440662,19.094453871426992,19.08251020977008,19.071182186149976,19.116190969440662,19.116190969440662,19.116190969440662,19.116190969440662,19.116190969440662,19.116190969440662,19.116190969440662,19.116190969440662,19.116190969440662,19.116190969440662,19.116190969440662,19.116190969440662,19.116190969440662,19.116190969440662,19.19237042770327,19.19237042770327,19.19237042770327,19.231929088034327,19.233994603962806,19.236490436721688,19.19237042770327,19.19237042770327,19.19237042770327,19.19237042770327,19.19237042770327,19.19237042770327,19.19237042770327,19.19237042770327,19.19237042770327,19.19237042770327,19.19237042770327,19.19237042770327,19.19237042770327,19.19237042770327,17.30389356793829,17.30389356793829,17.30389356793829,17.30389356793829,17.30389356793829,17.30389356793829,17.30389356793829,17.30389356793829,17.30389356793829,17.30389356793829,17.30389356793829,17.30389356793829,17.30389356793829,18.19177257404772,18.19177257404772,18.19177257404772,18.19177257404772,18.19177257404772,18.19177257404772,18.15499901243184,18.15499901243184,18.15499901243184,18.15499901243184,18.15499901243184,18.15499901243184,18.15499901243184,18.15499901243184,18.15499901243184,18.15499901243184,18.15499901243184,18.15499901243184,18.15499901243184,19.116190969440662
-0.35858585858585856,19.116190969440662,19.116190969440662,19.116190969440662,19.116190969440662,19.116190969440662,19.116190969440662,19.116190969440662,19.116190969440662,19.116190969440662,19.116190969440662,19.116190969440662,19.116190969440662,19.116190969440662,19.116190969440662,19.116190969440662,19.116190969440662,19.116190969440662,19.116190969440662,19.116190969440662,19.116190969440662,19.116190969440662,19.116190969440662,19.116190969440662,19.116190969440662,19.116190969440662,19.116190969440662,19.116190969440662,19.116190969440662,19.116190969440662,19.116190969440662,19.090376468910215,19.078958777861562,19.068170806381893,19.058012328665814,19.116190969440662,19.116190969440662,19.116190969440662,19.116190969440662,19.116190969440662,19.116190969440662,19.116190969440662,19.116190969440662,19.116190969440662,19.116190969440662,19.116190969440662,19.116190969440662,19.19237042770327,19.19237042770327,19.19237042770327,19.19237042770327,19.24599689259046,19.24855373509226,19.251562384899152,19.255037098586108,19.19237042770327,19.19237042770327,19.19237042770327,19.19237042770327,19.19237042770327,19.19237042770327,19.19237042770327,19.19237042770327,19.19237042770327,19.19237042770327,19.19237042770327,19.19237042770327,17.30389356793829,17.30389356793829,17.30389356793829,17.30389356793829,17.30389356793829,17.30389356793829,17.30389356793829,17.30389356793829,17.30389356793829,17.30389356793829,17.30389356793829,17.30389356793829,17.30389356793829,17.30389356793829,18.19177257404772,18.19177257404772,18.19177257404772,18.19177257404772,18.19177257404772,18.19177257404772,18.15499901243184,18.15499901243184,18.15499901243184,18.15499901243184,18.15499901243184,18.15499901243184,18.15499901243184,18.15499901243184,18.15499901243184,18.15499901243184,18.15499901243184,18.15499901243184,18.15499901243184,19.116190969440662
-0.3484848484848485,19.116190969440662,19.116190969440662,19.116190969440662,19.116190969440662,19.116190969440662,19.116190969440662,19.116190969440662,19.116190969440662,19.116190969440662,19.116190969440662,19.116190969440662,19.116190969440662,19.116190969440662,19.116190969440662,19.116190969440662,19.116190969440662,19.116190969440662,19.116190969440662,19.116190969440662,19.116190969440662,19.116190969440662,19.116190969440662,19.116190969440662,19.116190969440662,19.116190969440662,19.116190969440662,19.116190969440662,19.116190969440662,19.116190969440662,19.116190969440662,19.087107148056354,19.076243674633343,19.066031712105236,19.056478429447633,19.04759876969991,19.116190969440662,19.116190969440662,19.116190969440662,19.116190969440662,19.116190969440662,19.116190969440662,19.116190969440662,19.116190969440662,19.116190969440662,19.116190969440662,19.19237042770327,19.19237042770327,19.19237042770327,19.19237042770327,19.19237042770327,19.260803582490357,19.263883469879396,19.267439017942923,19.271486325270427,19.276042981719502,19.19237042770327,19.19237042770327,19.19237042770327,19.19237042770327,19.19237042770327,19.19237042770327,19.19237042770327,19.19237042770327,19.19237042770327,19.19237042770327,17.30389356793829,17.30389356793829,17.30389356793829,17.30389356793829,17.30389356793829,17.30389356793829,17.30389356793829,17.30389356793829,17.30389356793829,17.30389356793829,17.30389356793829,17.30389356793829,17.30389356793829,17.30389356793829,17.30389356793829,18.19177257404772,18.19177257404772,18.19177257404772,18.19177257404772,18.19177257404772,18.15499901243184,18.15499901243184,18.15499901243184,18.15499901243184,18.15499901243184,18.15499901243184,18.15499901243184,18.15499901243184,18.15499901243184,18.15499901243184,18.15499901243184,18.15499901243184,18.15499901243184,18.15499901243184,19.116190969440662
-0.33838383838383834,19.116190969440662,19.116190969440662,19.116190969440662,19.116190969440662,19.116190969440662,19.116190969440662,19.116190969440662,19.116190969440662,19.116190969440662,19.116190969440662,19.116190969440662,19.116190969440662,19.116190969440662,19.116190969440662,19.116190969440662,19.116190969440662,19.116190969440662,19.116190969440662,19.116190969440662,19.116190969440662,19.116190969440662,19.116190969440662,19.116190969440662,19.116190969440662,19.116190969440662,19.116190969440662,19.116190969440662,19.116190969440662,19.116190969440662,19.116190969440662,19.0846836976975,19.07441422381156,19.064828562855535,19.055944017548985,19.04778837380465,19.04040260202709,19.116190969440662,19.116190969440662,19.116190969440662,19.116190969440662,19.116190969440662,19.116190969440662,19.116190969440662,19.116190969440662,19.19237042770327,19.19237042770327,19.19237042770327,19.19237042770327,19.19237042770327,19.19237042770327,19.27639515742994,19.2800332810084,19.284173614609976,19.288834364146503,19.294035438592818,19.29979861785914,19.19237042770327,19.19237042770327,19.19237042770327,19.19237042770327,19.19237042770327,19.19237042770327,19.19237042770327,19.19237042770327,17.30389356793829,17.30389356793829,17.30389356793829,17.30389356793829,17.30389356793829,17.30389356793829,17.30389356793829,17.30389356793829,17.30389356793829,17.30389356793829,17.30389356793829,17.30389356793829,17.30389356793829,17.30389356793829,17.30389356793829,17.30389356793829,18.19177257404772,18.19177257404772,18.19177257404772,18.15499901243184,18.15499901243184,18.15499901243184,18.15499901243184,18.15499901243184,18.15499901243184,18.15499901243184,18.15499901243184,18.15499901243184,18.15499901243184,18.15499901243184,18.15499901243184,18.15499901243184,18.15499901243184,18.15499901243184,18.15499901243184,19.116190969440662
-0.3282828282828283,19.116190969440662,19.116190969440662,19.116190969440662,19.116190969440662,19.116190969440662,19.116190969440662,19.116190969440662,19.116190969440662,19.116190969440662,19.116190969440662,19.116190969440662,19.116190969440662,19.116190969440662,19.116190969440662,19.116190969440662,19.116190969440662,19.116190969440662,19.116190969440662,19.116190969440662,19.116190969440662,19.116190969440662,19.116190969440662,19.116190969440662,19.116190969440662,19.116190969440662,19.116190969440662,19.116190969440662,19.116190969440662,19.116190969440662,19.116190969440662,19.083161942029754,19.073542096092833,19.064653144139097,19.056526811550697,19.04920969885133,19.042767867501098,19.037293612375823,19.116190969440662,19.116190969440662,19.116190969440662,19.116190969440662,19.116190969440662,19.116190969440662,19.19237042770327,19.19237042770327,19.19237042770327,19.19237042770327,19.19237042770327,19.19237042770327,19.19237042770327,19.292822754681804,19.297058271054137,19.301825635713175,19.307145476221773,19.31304037531946,19.31953507207304,19.326656690565844,19.19237042770327,19.19237042770327,19.19237042770327,19.19237042770327,19.19237042770327,19.19237042770327,17.30389356793829,17.30389356793829,17.30389356793829,17.30389356793829,17.30389356793829,17.30389356793829,17.30389356793829,17.30389356793829,17.30389356793829,17.30389356793829,17.30389356793829,17.30389356793829,17.30389356793829,17.30389356793829,17.30389356793829,17.30389356793829,17.30389356793829,18.19177257404772,18.19177257404772,18.19177257404772,18.15499901243184,18.15499901243184,18.15499901243184,18.15499901243184,18.15499901243184,18.15499901243184,18.15499901243184,18.15499901243184,18.15499901243184,18.15499901243184,18.15499901243184,18.15499901243184,18.15499901243184,18.15499901243184,18.15499901243184,18.15499901243184,19.116190969440662
-0.3181818181818182,19.116190969440662,19.116190969440662,19.116190969440662,19.116190969440662,19.116190969440662,19.116190969440662,19.116190969440662,19.116190969440662,19.116190969440662,19.116190969440662,19.116190969440662,19.116190969440662,19.116190969440662,19.116190969440662,19.116190969440662,19.116190969440662,19.116190969440662,19.116190969440662,19.116190969440662,19.116190969440662,19.116190969440662,19.116190969440662,19.116190969440662,19.116190969440662,19.116190969440662,19.116190969440662,19.116190969440662,19.116190969440662,19.116190969440662,19.116190969440662,19.082622331209254,19.073730194645698,19.065637515006475,19.058397386356816,19.052085162250812,19.046806533869074,19.04270985464523,19.040005481588118,19.116190969440662,19.116190969440662,19.116190969440662,19.116190969440662,19.19237042770327,19.19237042770327,19.19237042770327,19.19237042770327,19.19237042770327,19.19237042770327,19.19237042770327,19.19237042770327,19.310143375812228,19.3150199881734,19.320461641847224,19.326491760366174,19.333136024058152,19.340422611968442,19.34838247665459,19.35704965283,19.19237042770327,19.19237042770327,19.19237042770327,19.19237042770327,17.30389356793829,17.30389356793829,17.30389356793829,17.30389356793829,17.30389356793829,17.30389356793829,17.30389356793829,17.30389356793829,17.30389356793829,17.30389356793829,17.30389356793829,17.30389356793829,17.30389356793829,17.30389356793829,17.30389356793829,17.30389356793829,17.30389356793829,17.30389356793829,18.19177257404772,18.19177257404772,18.15499901243184,18.15499901243184,18.15499901243184,18.15499901243184,18.15499901243184,18.15499901243184,18.15499901243184,18.15499901243184,18.15499901243184,18.15499901243184,18.15499901243184,18.15499901243184,18.15499901243184,18.15499901243184,18.15499901243184,18.15499901243184,18.15499901243184,19.116190969440662
-0.30808080808080807,19.116190969440662,19.116190969440662,19.116190969440662,19.116190969440662,19.116190969440662,19.116190969440662,19.116190969440662,19.116190969440662,19.116190969440662,19.116190969440662,19.116190969440662,19.116190969440662,19.116190969440662,19.116190969440662,19.116190969440662,19.116190969440662,19.116190969440662,19.116190969440662,19.116190969440662,19.116190969440662,19.116190969440662,19.116190969440662,19.116190969440662,19.116190969440662,19.116190969440662,19.116190969440662,19.116190969440662,19.116190969440662,19.116190969440662,19.116190969440662,19.08318012973883,19.075126675879012,19.067973633842726,19.06180718332812,19.05674875994363,19.052970018459153,19.05071666351619,19.050347812183606,19.05240386060492,19.116190969440662,19.116190969440662,19.19237042770327,19.19237042770327,19.19237042770327,19.19237042770327,19.19237042770327,19.19237042770327,19.19237042770327,19.19237042770327,19.19237042770327,19.328420745739095,19.333987393644563,19.340156385792937,19.346954389671314,19.35441069165845,19.362557486853607,19.371430200327545,19.38106781297859,19.39151306705028,19.19237042770327,19.19237042770327,17.30389356793829,17.30389356793829,17.30389356793829,17.30389356793829,17.30389356793829,17.30389356793829,17.30389356793829,17.30389356793829,17.30389356793829,17.30389356793829,17.30389356793829,17.30389356793829,17.30389356793829,17.30389356793829,17.30389356793829,17.30389356793829,17.30389356793829,17.30389356793829,17.30389356793829,18.15499901243184,18.15499901243184,18.15499901243184,18.15499901243184,18.15499901243184,18.15499901243184,18.15499901243184,18.15499901243184,18.15499901243184,18.15499901243184,18.15499901243184,18.15499901243184,18.15499901243184,18.15499901243184,18.15499901243184,18.15499901243184,18.15499901243184,18.15499901243184,18.15499901243184,19.116190969440662
-0.29797979797979796,19.951473102270356,19.951473102270356,19.951473102270356,19.951473102270356,19.951473102270356,19.951473102270356,19.951473102270356,19.951473102270356,19.951473102270356,19.951473102270356,19.951473102270356,19.951473102270356,19.951473102270356,19.951473102270356,19.951473102270356,19.951473102270356,19.951473102270356,19.951473102270356,19.951473102270356,19.951473102270356,19.951473102270356,19.951473102270356,19.951473102270356,19.951473102270356,19.951473102270356,19.951473102270356,19.951473102270356,19.951473102270356,19.951473102270356,19.951473102270356,19.48162565162132,19.47457190154341,19.468570452359945,19.463761337283813,19.46034405738107,19.458607160727734,19.458978004896725,19.462110388721676,19.4690471343988,19.481539535199577,19.588991513030248,19.588991513030248,19.588991513030248,19.588991513030248,19.588991513030248,19.588991513030248,19.588991513030248,19.588991513030248,19.588991513030248,19.588991513030248,19.347726333265534,19.354038015341317,19.360994119248403,19.368625093983443,19.376964438886482,19.386049033041477,19.3959194350542,19.406619918716746,19.41819730311554,19.430694871171156,17.30389356793829,17.30389356793829,17.30389356793829,17.30389356793829,17.30389356793829,17.30389356793829,17.30389356793829,17.30389356793829,17.30389356793829,17.30389356793829,17.30389356793829,17.30389356793829,17.30389356793829,17.30389356793829,17.30389356793829,17.30389356793829,17.30389356793829,17.30389356793829,17.30389356793829,17.26713058784275,18.593563939320166,18.593563939320166,18.593563939320166,18.593563939320166,18.593563939320166,18.593563939320166,18.593563939320166,18.593563939320166,18.593563939320166,18.593563939320166,18.593563939320166,18.593563939320166,18.593563939320166,18.593563939320166,18.593563939320166,18.593563939320166,18.593563939320166,18.593563939320166,18.593563939320166,19.951473102270356
-0.28787878787878785,19.951473102270356,19.951473102270356,19.951473102270356,19.951473102270356,19.951473102270356,19.951473102270356,19.951473102270356,19.951473102270356,19.951473102270356,19.951473102270356,19.951473102270356,19.951473102270356,19.951473102270356,19.951473102270356,19.951473102270356,19.951473102270356,19.951473102270356,19.951473102270356,19.951473102270356,19.951473102270356,19.951473102270356,19.951473102270356,19.951473102270356,19.951473102270356,19.951473102270356,19.951473102270356,19.951473102270356,19.951473102270356,19.951473102270356,19.951473102270356,19.48495515429635,19.479141390249744,19.474615903711072,19.47161167140069,19.470469537487723,19.47170169212296,19.476105985471424,19.48498335230342,19.500576369977992,19.527006507497077,19.572368513327643,19.588991513030248,19.588991513030248,19.588991513030248,19.588991513030248,19.588991513030248,19.588991513030248,19.588991513030248,19.588991513030248,19.588991513030248,19.368140569578102,19.37525932925867,19.38307016008087,19.391607929147103,19.400911029221028,19.411021612239185,19.4219852931815,19.433848598829595,19.446647392486703,18.496298020826696,18.51065879277737,17.30389356793829,17.30389356793829,17.30389356793829,17.30389356793829,17.30389356793829,17.30389356793829,17.30389356793829,17.30389356793829,17.30389356793829,17.30389356793829,17.30389356793829,17.30389356793829,17.30389356793829,17.30389356793829,17.30389356793829,17.30389356793829,17.30389356793829,17.30389356793829,17.26713058784275,18.593563939320166,18.593563939320166,18.593563939320166,18.593563939320166,18.593563939320166,18.593563939320166,18.593563939320166,18.593563939320166,18.593563939320166,18.593563939320166,18.593563939320166,18.593563939320166,18.593563939320166,18.593563939320166,18.593563939320166,18.593563939320166,18.593563939320166,18.593563939320166,18.501976134490288,19.951473102270356
-0.2777777777777778,19.951473102270356,19.951473102270356,19.951473102270356,19.951473102270356,19.951473102270356,19.951473102270356,19.951473102270356,19.951473102270356,19.951473102270356,19.951473102270356,19.951473102270356,19.951473102270356,19.951473102270356,19.951473102270356,19.951473102270356,19.951473102270356,19.951473102270356,19.951473102270356,19.951473102270356,19.951473102270356,19.951473102270356,19.951473102270356,19.951473102270356,19.951473102270356,19.951473102270356,19.951473102270356,19.951473102270356,19.951473102270356,19.951473102270356,19.951473102270356,19.49016114788899,19.485960055349302,19.483430506777456,19.482977688964233,19.48522023698892,19.491140962444916,19.502380990386516,19.521848746748585,19.555051172844088,19.613089914619543,19.71876698682195,19.897959492866274,19.588991513030248,19.588991513030248,19.588991513030248,19.588991513030248,19.588991513030248,19.588991513030248,19.588991513030248,19.588991513030248,19.389754309059903,19.397750414978574,19.40649274854894,19.41602126500652,19.42637966873115,19.437614488332272,19.44976997823041,19.46286649149704,18.512752260106037,18.527011840530008,18.539284147268127,18.540607617471807,17.30389356793829,17.30389356793829,17.30389356793829,17.30389356793829,17.30389356793829,17.30389356793829,17.30389356793829,17.30389356793829,17.30389356793829,17.30389356793829,17.30389356793829,17.30389356793829,17.30389356793829,17.30389356793829,17.30389356793829,17.30389356793829,17.26713058784275,17.26713058784275,18.593563939320166,18.593563939320166,18.593563939320166,18.593563939320166,18.593563939320166,18.593563939320166,18.593563939320166,18.593563939320166,18.593563939320166,18.593563939320166,18.593563939320166,18.593563939320166,18.593563939320166,18.593563939320166,18.593563939320166,18.593563939320166,18.593563939320166,18.501976134490288,18.501976134490288,19.951473102270356
-0.2676767676767676,19.951473102270356,19.951473102270356,19.951473102270356,19.951473102270356,19.951473102270356,19.951473102270356,19.951473102270356,19.951473102270356,19.951473102270356,19.951473102270356,19.951473102270356,19.951473102270356,19.951473102270356,19.951473102270356,19.951473102270356,19.951473102270356,19.951473102270356,19.951473102270356,19.951473102270356,19.951473102270356,19.951473102270356,19.951473102270356,19.951473102270356,19.951473102270356,19.951473102270356,19.951473102270356,19.951473102270356,19.951473102270356,19.951473102270356,19.951473102270356,19.497821494086818,19.495840532557306,19.49619183589796,19.499628922221742,19.50737477822158,19.521524430045314,19.545899768061854,19.587952637359653,19.662997541244792,19.800693163830804,19.908429091288035,20.533325575690018,21.76215911973251,19.588991513030248,19.588991513030248,19.588991513030248,19.588991513030248,19.588991513030248,19.588991513030248,19.588991513030248,19.41267057477008,19.421623887881406,19.431385010128185,19.441999049820257,19.453512583654398,19.46596388284308,19.47934292101543,18.529371409537102,18.543133316089246,18.552341017568455,18.541070316049282,18.457730508175935,18.202935613742024,17.30389356793829,17.30389356793829,17.30389356793829,17.30389356793829,17.30389356793829,17.30389356793829,17.30389356793829,17.30389356793829,17.30389356793829,17.30389356793829,17.30389356793829,17.30389356793829,17.30389356793829,17.26713058784275,17.26713058784275,17.26713058784275,17.26713058784275,18.593563939320166,18.593563939320166,18.593563939320166,18.593563939320166,18.593563939320166,18.593563939320166,18.593563939320166,18.593563939320166,18.593563939320166,18.593563939320166,18.593563939320166,18.593563939320166,18.593563939320166,18.593563939320166,18.593563939320166,18.593563939320166,18.501976134490288,18.501976134490288,18.501976134490288,19.951473102270356
-0.25757575757575757,19.951473102270356,19.951473102270356,19.951473102270356,19.951473102270356,19.951473102270356,19.951473102270356,19.951473102270356,19.951473102270356,19.951473102270356,19.951473102270356,19.951473102270356,19.951473102270356,19.951473102270356,19.951473102270356,19.951473102270356,19.951473102270356,19.951473102270356,19.951473102270356,19.951473102270356,19.951473102270356,19.951473102270356,19.951473102270356,19.951473102270356,19.951473102270356,19.951473102270356,19.951473102270356,19.951473102270356,19.951473102270356,19.951473102270356,19.951473102270356,19.50888973954921,19.510185582980405,19.515046778823063,19.525011876227722,19.542789088033718,19.573467735667634,19.62724327612071,19.725144181489327,19.897536331064256,19.342196740791852,21.08363305842122,22.295813207756122,22.908106678206575,22.616203420747617,19.588991513030248,19.588991513030248,19.588991513030248,19.588991513030248,19.588991513030248,19.588991513030248,19.437006540716283,19.44700771235534,19.457885230997366,19.469684051304522,19.482429587266868,19.496054201111797,18.546046632893646,18.55857995971423,18.561927031799613,18.52852739323224,18.381614177306226,18.041562950093745,17.66970241635326,17.47085254479574,17.30389356793829,17.30389356793829,17.30389356793829,17.30389356793829,17.30389356793829,17.30389356793829,17.30389356793829,17.30389356793829,17.30389356793829,17.30389356793829,17.30389356793829,17.30389356793829,17.26713058784275,17.26713058784275,17.26713058784275,17.26713058784275,18.593563939320166,18.593563939320166,18.593563939320166,18.593563939320166,18.593563939320166,18.593563939320166,18.593563939320166,18.593563939320166,18.593563939320166,18.593563939320166,18.593563939320166,18.593563939320166,18.593563939320166,18.593563939320166,18.593563939320166,18.501976134490288,18.501976134490288,18.501976134490288,18.501976134490288,19.951473102270356
-0.24747474747474746,19.951473102270356,19.951473102270356,19.951473102270356,19.951473102270356,19.951473102270356,19.951473102270356,19.951473102270356,19.951473102270356,19.951473102270356,19.951473102270356,19.951473102270356,19.951473102270356,19.951473102270356,19.951473102270356,19.951473102270356,19.951473102270356,19.951473102270356,19.951473102270356,19.951473102270356,19.951473102270356,19.951473102270356,19.951473102270356,19.951473102270356,19.951473102270356,19.951473102270356,19.951473102270356,19.951473102270356,19.951473102270356,19.951473102270356,19.951473102270356,19.52504964240316,19.531624064577226,19.544317611790397,19.566677076961245,19.605567303569355,19.67504090923959,19.803018954708115,19.960018946198332,20.385243220977753,21.636926491588117,22.705145497844814,22.86650468577291,22.37916290433838,21.822851907247873,21.369457763869917,19.588991513030248,19.588991513030248,19.588991513030248,19.588991513030248,19.588991513030248,19.462894960904983,19.474043542874288,19.486132036211274,19.4991603486805,19.51295347407329,18.56257363495202,18.57254649126065,18.56511908261871,18.49467264442249,18.26385699160502,17.873033220784258,17.56975545120307,17.43866089989442,17.39162298724554,17.371659811702262,17.30389356793829,17.30389356793829,17.30389356793829,17.30389356793829,17.30389356793829,17.30389356793829,17.30389356793829,17.30389356793829,17.30389356793829,17.26713058784275,17.26713058784275,17.26713058784275,17.26713058784275,17.26713058784275,17.26713058784275,18.593563939320166,18.593563939320166,18.593563939320166,18.593563939320166,18.593563939320166,18.593563939320166,18.593563939320166,18.593563939320166,18.593563939320166,18.593563939320166,18.593563939320166,18.593563939320166,18.593563939320166,18.593563939320166,18.501976134490288,18.501976134490288,18.501976134490288,18.501976134490288,18.501976134490288,19.951473102270356
-0.23737373737373735,19.951473102270356,19.951473102270356,19.951473102270356,19.951473102270356,19.951473102270356,19.951473102270356,19.951473102270356,19.951473102270356,19.951473102270356,19.951473102270356,19.951473102270356,19.951473102270356,19.951473102270356,19.951473102270356,19.951473102270356,19.951473102270356,19.951473102270356,19.951473102270356,19.951473102270356,19.951473102270356,19.951473102270356,19.951473102270356,19.951473102270356,19.951473102270356,19.951473102270356,19.951473102270356,19.951473102270356,19.951473102270356,19.951473102270356,19.951473102270356,19.549552631795404,19.565640866823017,19.59386856578396,19.64360343981897,19.73419763502714,19.89756839434225,19.45606304422304,20.965935310026452,22.18644886950631,22.91335191652004,22.697923673821983,22.135516332868534,21.619196770296618,21.213920862286937,20.899846267102205,20.65160659669122,19.588991513030248,19.588991513030248,19.588991513030248,19.588991513030248,19.490478841921927,19.50285703191655,19.51613819874029,19.529949231239442,18.578575261197106,18.583590467650513,18.557038439683133,18.42903665146363,18.109476224159476,17.72573502734092,17.505596299366985,17.4220936233191,17.390966100161215,17.375520075011096,17.364504178723884,17.35477599039762,17.30389356793829,17.30389356793829,17.30389356793829,17.30389356793829,17.30389356793829,17.30389356793829,17.30389356793829,17.26713058784275,17.26713058784275,17.26713058784275,17.26713058784275,17.26713058784275,17.26713058784275,17.26713058784275,18.593563939320166,18.593563939320166,18.593563939320166,18.593563939320166,18.593563939320166,18.593563939320166,18.593563939320166,18.593563939320166,18.593563939320166,18.593563939320166,18.593563939320166,18.593563939320166,18.593563939320166,18.501976134490288,18.501976134490288,18.501976134490288,18.501976134490288,18.501976134490288,18.501976134490288,19.951473102270356
-0.22727272727272724,19.951473102270356,19.951473102270356,19.951473102270356,19.951473102270356,19.951473102270356,19.951473102270356,19.951473102270356,19.951473102270356,19.951473102270356,19.951473102270356,19.951473102270356,19.951473102270356,19.951473102270356,19.951473102270356,19.951473102270356,19.951473102270356,19.951473102270356,19.951473102270356,19.951473102270356,19.951473102270356,19.951473102270356,19.951473102270356,19.951473102270356,19.951473102270356,19.951473102270356,19.951473102270356,19.951473102270356,19.951473102270356,19.951473102270356,19.951473102270356,19.58944642671492,19.625295590552643,19.689521941897883,19.808185774181858,19.98401143043325,20.199066400455557,21.51328056079385,22.639294284069198,22.918139251456978,22.46885889280207,21.9051856018047,21.43807927404547,21.076271604937503,20.79383367664138,20.56815299274141,20.383503201172697,20.229259061280718,19.588991513030248,19.588991513030248,19.588991513030248,19.519854454054553,19.53332444471943,19.546868558141128,18.593363966998307,18.58918214111948,18.53013877081746,18.322846616956202,17.94017812527765,17.615614834148595,17.468178779085783,17.41504797678936,17.393144798647462,17.380234021106986,17.369872022448288,17.36028488580042,17.35098949171702,17.34185355174358,17.30389356793829,17.30389356793829,17.30389356793829,17.30389356793829,17.30389356793829,17.26713058784275,17.26713058784275,17.26713058784275,17.26713058784275,17.26713058784275,17.26713058784275,17.26713058784275,17.26713058784275,18.593563939320166,18.593563939320166,18.593563939320166,18.593563939320166,18.593563939320166,18.593563939320166,18.593563939320166,18.593563939320166,18.593563939320166,18.593563939320166,18.593563939320166,18.593563939320166,18.501976134490288,18.501976134490288,18.501976134490288,18.501976134490288,18.501976134490288,18.501976134490288,18.501976134490288,19.951473102270356
-0.21717171717171713,19.951473102270356,19.951473102270356,19.951473102270356,19.951473102270356,19.951473102270356,19.951473102270356,19.951473102270356,19.951473102270356,19.951473102270356,19.951473102270356,19.951473102270356,19.951473102270356,19.951473102270356,19.951473102270356,19.951473102270356,19.951473102270356,19.951473102270356,19.951473102270356,19.951473102270356,19.951473102270356,19.951473102270356,19.951473102270356,19.951473102270356,19.951473102270356,19.951473102270356,19.951473102270356,19.951473102270356,19.951473102270356,19.951473102270356,19.951473102270356,19.66224653412438,19.745971262531416,19.899346687505393,19.742486726185962,20.84963649728002,22.071659380558504,22.90521435456058,22.776847906082885,22.224881569191975,21.69599193764866,21.277865120666707,20.95413420047012,20.698915836937676,20.49275921736885,20.322441513994143,20.17898914634394,20.056174541599198,19.949558934271618,19.588991513030248,19.588991513030248,19.550642379324138,19.56339088083221,18.60570288906206,18.585041366834904,18.474324895772867,18.17706491047688,17.7852708588914,17.542992013238134,17.448443167076196,17.41362760104858,17.396978714636,17.385474018585388,17.375455872277275,17.365924694691575,17.356608056796137,17.34743070728397,17.33837080620326,17.329421015054564,17.30389356793829,17.30389356793829,17.30389356793829,17.26713058784275,17.26713058784275,17.26713058784275,17.26713058784275,17.26713058784275,17.26713058784275,17.26713058784275,17.26713058784275,17.26713058784275,18.593563939320166,18.593563939320166,18.593563939320166,18.593563939320166,18.593563939320166,18.593563939320166,18.593563939320166,18.593563939320166,18.593563939320166,18.593563939320166,18.593563939320166,18.501976134490288,18.501976134490288,18.501976134490288,18.501976134490288,18.501976134490288,18.501976134490288,18.501976134490288,18.501976134490288,19.951473102270356
-0.20707070707070707,19.951473102270356,19.951473102270356,19.951473102270356,19.951473102270356,19.951473102270356,19.951473102270356,19.951473102270356,19.951473102270356,19.951473102270356,19.951473102270356,19.951473102270356,19.951473102270356,19.951473102270356,19.951473102270356,19.951473102270356,19.951473102270356,19.951473102270356,19.951473102270356,19.951473102270356,19.951473102270356,19.951473102270356,19.951473102270356,19.951473102270356,19.951473102270356,19.951473102270356,19.951473102270356,19.951473102270356,19.951473102270356,19.951473102270356,19.951473102270356,19.816312828037034,19.99585435457942,19.943340126898356,21.392490547524698,22.561228832465048,22.960788887305284,22.559003711425326,21.99039750231463,21.50949382800658,21.13619631584751,20.845375528725015,20.613606292563592,20.4244253534381,20.26671026091222,20.13284755180019,20.017491069474918,19.916786275395584,19.827886163386975,19.748642606861292,19.588991513030248,19.57892976979799,18.613408173783284,18.564379609789444,18.37973505823794,18.00919999750304,17.664963273650965,17.499706136875584,17.439619196224616,17.41548715532581,17.401793877866726,17.391055793764608,17.381206435038276,17.37168276016464,17.362330743614176,17.353107163399557,17.34399883174314,17.335000735833223,17.326110117108293,17.31732486490459,17.30389356793829,17.26713058784275,17.26713058784275,17.26713058784275,17.26713058784275,17.26713058784275,17.26713058784275,17.26713058784275,17.26713058784275,17.26713058784275,17.26713058784275,18.593563939320166,18.593563939320166,18.593563939320166,18.593563939320166,18.593563939320166,18.593563939320166,18.593563939320166,18.593563939320166,18.593563939320166,18.593563939320166,18.501976134490288,18.501976134490288,18.501976134490288,18.501976134490288,18.501976134490288,18.501976134490288,18.501976134490288,18.501976134490288,18.501976134490288,19.951473102270356
-0.19696969696969696,19.951473102270356,19.951473102270356,19.951473102270356,19.951473102270356,19.951473102270356,19.951473102270356,19.951473102270356,19.951473102270356,19.951473102270356,19.951473102270356,19.951473102270356,19.951473102270356,19.951473102270356,19.951473102270356,19.951473102270356,19.951473102270356,19.951473102270356,19.951473102270356,19.951473102270356,19.951473102270356,19.951473102270356,19.951473102270356,19.951473102270356,19.951473102270356,19.951473102270356,19.951473102270356,19.951473102270356,19.951473102270356,19.951473102270356,19.951473102270356,19.951559356138496,19.411254952045546,21.061298494587014,22.278496546738243,22.958014166880453,22.708869652574236,22.142863472745315,21.631104896507228,21.230252132115837,20.91930739571793,20.67315267185257,20.47349757894932,20.30795491657392,20.168093792497828,20.04803746017046,19.94357878994851,19.851630029305234,19.76987436277362,19.696539419614258,19.630246061550242,18.61890730890453,18.58914631009094,18.453041675054923,18.124285467584436,17.744530333073044,17.532827509230973,17.453056373577983,17.422859570534957,17.407426652653577,17.396167960395463,17.386131839693864,17.376512851156154,17.367091215324063,17.357805886877696,17.348638827221507,17.339583684856457,17.33063731487375,17.321797479376674,17.31306222225154,17.267666720477976,17.26713058784275,17.26713058784275,17.26713058784275,17.26713058784275,17.26713058784275,17.26713058784275,17.26713058784275,17.26713058784275,17.26713058784275,17.26713058784275,18.593563939320166,18.593563939320166,18.593563939320166,18.593563939320166,18.593563939320166,18.593563939320166,18.593563939320166,18.593563939320166,18.593563939320166,18.501976134490288,18.501976134490288,18.501976134490288,18.501976134490288,18.501976134490288,18.501976134490288,18.501976134490288,18.501976134490288,18.501976134490288,18.501976134490288,19.951473102270356
-0.18686868686868685,19.951473102270356,19.951473102270356,19.951473102270356,19.951473102270356,19.951473102270356,19.951473102270356,19.951473102270356,19.951473102270356,19.951473102270356,19.951473102270356,19.951473102270356,19.951473102270356,19.951473102270356,19.951473102270356,19.951473102270356,19.951473102270356,19.951473102270356,19.951473102270356,19.951473102270356,19.951473102270356,19.951473102270356,19.951473102270356,19.951473102270356,19.951473102270356,19.951473102270356,19.951473102270356,19.951473102270356,19.951473102270356,19.951473102270356,19.951473102270356,20.591485299158943,19.95407044378536,19.365342421034818,21.098959283276727,22.31199515406414,22.93934270605256,22.656394341506093,22.08841514931172,21.58275235888895,21.18764018487914,20.88098124594277,20.63795234928079,20.44062702673924,20.276874442770183,20.138429820796237,20.019524118246547,19.916021647019793,19.82488335755603,19.743826525603712,18.707041722697927,18.565143688374196,18.600947880292217,18.568097162737292,18.42340410949177,18.085572687076482,17.71149317993648,17.509430312706023,17.434084536803613,17.405376093837834,17.39047507608641,17.379475362566502,17.369621671607202,17.36016248548806,17.350892698877928,17.341755283565014,17.33273333224418,17.32382084225662,17.31501480423125,17.269550087422108,17.260950738643952,17.26713058784275,17.26713058784275,17.26713058784275,17.26713058784275,17.26713058784275,17.26713058784275,17.26713058784275,17.26713058784275,17.26713058784275,17.26713058784275,18.593563939320166,18.593563939320166,18.593563939320166,18.593563939320166,18.593563939320166,18.593563939320166,18.593563939320166,18.593563939320166,18.501976134490288,18.501976134490288,18.501976134490288,18.501976134490288,18.501976134490288,18.501976134490288,18.501976134490288,18.501976134490288,18.501976134490288,18.501976134490288,18.501976134490288,19.951473102270356
-0.17676767676767674,19.951473102270356,19.951473102270356,19.951473102270356,19.951473102270356,19.951473102270356,19.951473102270356,19.951473102270356,19.951473102270356,19.951473102270356,19.951473102270356,19.951473102270356,19.951473102270356,19.951473102270356,19.951473102270356,19.951473102270356,19.951473102270356,19.951473102270356,19.951473102270356,19.951473102270356,19.951473102270356,19.951473102270356,19.951473102270356,19.951473102270356,19.951473102270356,19.951473102270356,19.951473102270356,19.951473102270356,19.951473102270356,19.951473102270356,19.951473102270356,22.536610467352894,20.657181007093616,19.96016410767601,19.410820665266804,21.137574696130766,22.344346103921914,22.918414241133043,22.603862246248987,22.034808724135555,21.5353128665382,21.145856800553382,20.843402324306183,20.603439454818727,20.40840090458635,20.246406541520297,20.10935384205971,19.991579052292646,19.889016417667996,18.834613915145773,18.75424325774992,18.22394007680594,18.52588525657988,18.583262177911525,18.547103058793653,18.393499221380274,18.047080336397567,17.67937349510548,17.4867224114848,17.415562486532195,17.388252538469434,17.373853820368588,17.363101483866725,17.353423681995913,17.344119212101926,17.334996658809455,17.326002742193257,17.31712161124148,17.271584629012022,17.262914839979768,17.25434718893735,17.26713058784275,17.26713058784275,17.26713058784275,17.26713058784275,17.26713058784275,17.26713058784275,17.26713058784275,17.26713058784275,17.26713058784275,17.26713058784275,18.593563939320166,18.593563939320166,18.593563939320166,18.593563939320166,18.593563939320166,18.593563939320166,18.593563939320166,18.501976134490288,18.501976134490288,18.501976134490288,18.501976134490288,18.501976134490288,18.501976134490288,18.501976134490288,18.501976134490288,18.501976134490288,18.501976134490288,18.501976134490288,18.501976134490288,19.951473102270356
-0.16666666666666663,19.951473102270356,19.951473102270356,19.951473102270356,19.951473102270356,19.951473102270356,19.951473102270356,19.951473102270356,19.951473102270356,19.951473102270356,19.951473102270356,19.951473102270356,19.951473102270356,19.951473102270356,19.951473102270356,19.951473102270356,19.951473102270356,19.951473102270356,19.951473102270356,19.951473102270356,19.951473102270356,19.951473102270356,19.951473102270356,19.951473102270356,19.951473102270356,19.951473102270356,19.951473102270356,19.951473102270356,19.951473102270356,19.951473102270356,19.951473102270356,22.879829509718355,22.584139938480774,20.723603695004968,19.97009116294573,19.522871406191406,21.177202889364814,22.37533509983416,22.89530141684787,22.551337744876772,21.982036383846207,21.488760763268633,21.104875301352703,20.80654556506556,20.569590460613306,20.376796864446284,20.216529770703264,20.080845139709695,19.000122659563843,18.898483324678093,18.808923982626176,17.639071340426096,18.170422070535114,18.48901968873236,18.565831487597823,18.52613484606584,18.363310045572486,18.00885249789357,17.64816404669099,17.464676019094167,17.397472271023503,17.37147633929464,17.35755216771407,17.347036282332848,17.33752816793451,17.328373570459817,17.319393846345566,17.273776261369367,17.265031859571074,17.256392313135887,17.247854859793186,17.26713058784275,17.26713058784275,17.26713058784275,17.26713058784275,17.26713058784275,17.26713058784275,17.26713058784275,17.26713058784275,17.26713058784275,17.26713058784275,18.593563939320166,18.593563939320166,18.593563939320166,18.593563939320166,18.593563939320166,18.593563939320166,18.501976134490288,18.501976134490288,18.501976134490288,18.501976134490288,18.501976134490288,18.501976134490288,18.501976134490288,18.501976134490288,18.501976134490288,18.501976134490288,18.501976134490288,18.501976134490288,18.501976134490288,19.951473102270356
-0.15656565656565652,19.951473102270356,19.951473102270356,19.951473102270356,19.951473102270356,19.951473102270356,19.951473102270356,19.951473102270356,19.951473102270356,19.951473102270356,19.951473102270356,19.951473102270356,19.951473102270356,19.951473102270356,19.951473102270356,19.951473102270356,19.951473102270356,19.951473102270356,19.951473102270356,19.951473102270356,19.951473102270356,19.951473102270356,19.951473102270356,19.951473102270356,19.951473102270356,19.951473102270356,19.951473102270356,19.951473102270356,19.951473102270356,19.951473102270356,19.951473102270356,22.025152921298528,22.854055753460205,22.63347688468295,20.792238879321783,19.98416201885547,19.660522255276405,21.217863257241277,22.404756642548175,22.870087679052308,22.498881246663963,21.930089689169414,21.44307140594273,21.064670307304368,20.77038718879428,20.536383073151196,20.345793744047413,19.22316638461297,19.08882546302685,18.97325484739103,18.872524185232955,17.43013670791696,17.593843523504923,18.11921242372607,18.45451540543996,18.54863727444866,18.50516341480287,18.332823028734744,17.970934229513908,17.61785502238152,17.4432642438334,17.379796861648437,17.355035563329807,17.341559914790583,17.331270186612745,17.32192587562594,17.27615359125592,17.26731249612562,17.258593123361603,17.24998152946294,17.241472629411508,17.26713058784275,17.26713058784275,17.26713058784275,17.26713058784275,17.26713058784275,17.26713058784275,17.26713058784275,17.26713058784275,17.26713058784275,17.26713058784275,18.593563939320166,18.593563939320166,18.593563939320166,18.593563939320166,18.593563939320166,18.501976134490288,18.501976134490288,18.501976134490288,18.501976134490288,18.501976134490288,18.501976134490288,18.501976134490288,18.501976134490288,18.501976134490288,18.501976134490288,18.501976134490288,18.501976134490288,18.501976134490288,18.501976134490288,19.951473102270356
-0.1464646464646464,19.951473102270356,19.951473102270356,19.951473102270356,19.951473102270356,19.951473102270356,19.951473102270356,19.951473102270356,19.951473102270356,19.951473102270356,19.951473102270356,19.951473102270356,19.951473102270356,19.951473102270356,19.951473102270356,19.951473102270356,19.951473102270356,19.951473102270356,19.951473102270356,19.951473102270356,19.951473102270356,19.951473102270356,19.951473102270356,19.951473102270356,19.951473102270356,19.951473102270356,19.951473102270356,19.951473102270356,19.951473102270356,19.951473102270356,19.951473102270356,21.354946627700812,21.998126565009557,22.831780097114255,22.68500908424937,20.864446967715455,20.00276466829013,19.794525521877354,21.259542324424164,22.432416096676068,22.842865607543278,22.446549146789202,21.87895963181504,21.39822110565997,21.02521764931105,20.734904613279117,19.53974253266433,19.351315571680693,19.19441196883157,19.06139346323973,18.946898142003075,17.383779023585422,17.396713230149558,17.551917574108007,18.07037077817242,18.422399154434743,18.531661121119864,18.484159707566562,18.30202825763338,17.93337096485946,17.58843424024566,17.422461109360437,17.362520102318435,17.338918870205937,17.325867340555746,17.279031130963197,17.26984504347172,17.260976560516063,17.252270070935644,17.243682101660685,17.235199569409613,17.26713058784275,17.26713058784275,17.26713058784275,17.26713058784275,17.26713058784275,17.26713058784275,17.26713058784275,17.26713058784275,17.26713058784275,17.26713058784275,18.593563939320166,18.593563939320166,18.593563939320166,18.593563939320166,18.501976134490288,18.501976134490288,18.501976134490288,18.501976134490288,18.501976134490288,18.501976134490288,18.501976134490288,18.501976134490288,18.501976134490288,18.501976134490288,18.501976134490288,18.501976134490288,18.501976134490288,18.501976134490288,18.501976134490288,19.951473102270356
-0.13636363636363635,19.951473102270356,19.951473102270356,19.951473102270356,19.951473102270356,19.951473102270356,19.951473102270356,19.951473102270356,19.951473102270356,19.951473102270356,19.951473102270356,19.951473102270356,19.951473102270356,19.951473102270356,19.951473102270356,19.951473102270356,19.951473102270356,19.951473102270356,19.951473102270356,19.951473102270356,19.951473102270356,19.951473102270356,19.951473102270356,19.951473102270356,19.951473102270356,19.951473102270356,19.951473102270356,19.951473102270356,19.951473102270356,19.951473102270356,19.951473102270356,20.91548992059468,21.339705562687026,21.976334258457157,22.81373687508588,22.73929590314135,20.94157408000597,20.02639123788574,19.912577813958045,21.30219818549663,22.45813163229143,22.813735284864485,22.394393830358073,21.828636691267725,21.354187074231962,20.02244916334356,19.73602596605309,19.507755844573566,19.321455034011336,19.16619091064399,19.03447294096827,17.363079985778416,17.3536831055237,17.366200464699386,17.513339826543138,18.024036452220653,18.39279144646246,18.51488466922994,18.46309474410516,18.270919674098305,17.896207921046994,17.55988737369203,17.40224156752325,17.345626661552835,17.286352522071333,17.27370224900832,17.263836290727376,17.254803112671105,17.246071280799576,17.237495554653446,17.229035303046224,17.26713058784275,17.26713058784275,17.26713058784275,17.26713058784275,17.26713058784275,17.26713058784275,17.26713058784275,17.26713058784275,17.26713058784275,17.26713058784275,18.593563939320166,18.593563939320166,18.593563939320166,18.501976134490288,18.501976134490288,18.501976134490288,18.501976134490288,18.501976134490288,18.501976134490288,18.501976134490288,18.501976134490288,18.501976134490288,18.501976134490288,18.501976134490288,18.501976134490288,18.501976134490288,18.501976134490288,18.501976134490288,18.501976134490288,19.951473102270356
-0.12626262626262624,19.951473102270356,19.951473102270356,19.951473102270356,19.951473102270356,19.951473102270356,19.951473102270356,19.951473102270356,19.951473102270356,19.951473102270356,19.951473102270356,19.951473102270356,19.951473102270356,19.951473102270356,19.951473102270356,19.951473102270356,19.951473102270356,19.951473102270356,19.951473102270356,19.951473102270356,19.951473102270356,19.951473102270356,19.951473102270356,19.951473102270356,19.951473102270356,19.951473102270356,19.951473102270356,19.951473102270356,19.951473102270356,19.951473102270356,19.951473102270356,20.615360163709404,20.908965638149326,21.33004729209992,21.9605094611318,22.800843514801954,22.797126893206382,21.025066646082678,20.055678700641426,20.01281687906114,21.345763925344578,22.481735999022803,22.782802725148336,22.34246371784489,20.815089722565656,20.346910557348174,19.98443278121768,19.70183142062112,19.476350463319307,19.292138246460446,19.138485889661496,17.346534525739568,17.334732075305578,17.326443031372243,17.338699384744984,17.47825947069241,17.980485418059992,18.365988555639444,18.49828956371079,18.4419396620778,18.239495269620825,17.859489525972002,17.532198184734934,17.34581824713415,17.292338978706066,17.270852183997352,17.258581670885775,17.248914385245683,17.240029071448003,17.231429877657916,17.222981238702932,17.26713058784275,17.26713058784275,17.26713058784275,17.26713058784275,17.26713058784275,17.26713058784275,17.26713058784275,17.26713058784275,17.26713058784275,17.26713058784275,18.593563939320166,18.593563939320166,18.501976134490288,18.501976134490288,18.501976134490288,18.501976134490288,18.501976134490288,18.501976134490288,18.501976134490288,18.501976134490288,18.501976134490288,18.501976134490288,18.501976134490288,18.501976134490288,18.501976134490288,18.501976134490288,18.501976134490288,18.501976134490288,18.501976134490288,19.951473102270356
-0.11616161616161613,19.951473102270356,19.951473102270356,19.951473102270356,19.951473102270356,19.951473102270356,19.951473102270356,19.951473102270356,19.951473102270356,19.951473102270356,19.951473102270356,19.951473102270356,19.951473102270356,19.951473102270356,19.951473102270356,19.951473102270356,19.951473102270356,19.951473102270356,19.951473102270356,19.951473102270356,19.951473102270356,19.951473102270356,19.951473102270356,19.951473102270356,19.951473102270356,19.951473102270356,19.951473102270356,19.951473102270356,19.951473102270356,19.951473102270356,19.951473102270356,20.400321072221264,20.61541855478089,20.90840541848375,21.32682103714675,21.9516118211701,22.794272298467494,22.859607846810242,21.116606399891364,20.09147399862769,20.097609971053256,21.390150336910118,22.503078093765662,21.786237154733268,21.326809990474946,20.76634961673643,20.304443487607458,19.94710274079597,19.668251337886225,19.44550823893013,19.263348023851833,17.331427450403737,17.319775889293965,17.309325904072207,17.302242458161782,17.31446237152568,17.44702518970419,17.940271924124147,18.34267761525648,18.481857400014192,18.420665774490853,18.20775725231824,17.786493384361187,17.468584831760992,17.326694521660798,17.27616927904507,17.25564510952959,17.243734215680963,17.23425745589904,17.225515207296862,17.217044816520534,17.26713058784275,17.26713058784275,17.26713058784275,17.26713058784275,17.26713058784275,17.26713058784275,17.26713058784275,17.26713058784275,17.26713058784275,17.26713058784275,18.593563939320166,18.501976134490288,18.501976134490288,18.501976134490288,18.501976134490288,18.501976134490288,18.501976134490288,18.501976134490288,18.501976134490288,18.501976134490288,18.501976134490288,18.501976134490288,18.501976134490288,18.501976134490288,18.501976134490288,18.501976134490288,18.501976134490288,18.501976134490288,18.501976134490288,19.951473102270356
-0.10606060606060602,19.951473102270356,19.951473102270356,19.951473102270356,19.951473102270356,19.951473102270356,19.951473102270356,19.951473102270356,19.951473102270356,19.951473102270356,19.951473102270356,19.951473102270356,19.951473102270356,19.951473102270356,19.951473102270356,19.951473102270356,19.951473102270356,19.951473102270356,19.951473102270356,19.951473102270356,19.951473102270356,19.951473102270356,19.951473102270356,19.951473102270356,19.951473102270356,19.951473102270356,19.951473102270356,19.951473102270356,19.951473102270356,19.951473102270356,19.951473102270356,20.240906929740706,20.40597837523536,20.62195269231661,20.914811427339615,21.33115268976768,21.950918687800403,22.79555880715395,22.928291109448107,21.218289779199107,20.13493960412872,20.170310686254375,20.47142642537093,21.558146214664788,21.752031291263116,21.275458140711514,20.7183855777298,20.262729274305855,19.910438986075505,19.635267176786666,19.4152118911821,17.317454648928923,17.306311355093943,17.29611549078025,17.2871595087801,17.281495788258976,17.29406305200265,17.420446001202983,17.904641807185616,18.32462096257805,18.465569674152988,18.362476580689663,18.138945017288986,17.750791858485538,17.442555893495808,17.308084840054857,17.260341408128625,17.240721988021317,17.229151816123785,17.219857889593463,17.21125413843095,17.26713058784275,17.26713058784275,17.26713058784275,17.26713058784275,17.26713058784275,17.26713058784275,17.26713058784275,17.26713058784275,17.26713058784275,17.26713058784275,18.501976134490288,18.501976134490288,18.501976134490288,18.501976134490288,18.501976134490288,18.501976134490288,18.501976134490288,18.501976134490288,18.501976134490288,18.501976134490288,18.501976134490288,18.501976134490288,18.501976134490288,18.501976134490288,18.501976134490288,18.501976134490288,18.501976134490288,18.501976134490288,18.501976134490288,19.951473102270356
-0.09595959595959591,18.41065462530653,18.41065462530653,18.41065462530653,18.41065462530653,18.41065462530653,18.41065462530653,18.41065462530653,18.41065462530653,18.41065462530653,18.41065462530653,18.41065462530653,18.41065462530653,18.41065462530653,18.41065462530653,18.41065462530653,18.41065462530653,18.41065462530653,18.41065462530653,18.41065462530653,18.41065462530653,18.41065462530653,18.41065462530653,18.41065462530653,18.41065462530653,18.41065462530653,18.41065462530653,18.41065462530653,18.41065462530653,18.41065462530653,18.41065462530653,18.68950910251162,18.821097932685575,18.988047168457776,19.205450587717507,19.498830727175093,19.91387803858794,20.529506060747735,21.376175837798296,21.574918335691642,19.902564050371335,18.757010391276,17.84048098650406,19.086798145718728,20.144175275011794,20.285847750634716,19.793856409137348,19.2405436708272,18.791081360362096,18.44374191418044,18.172172658947282,16.685970473286755,16.675439925648085,16.665878974734177,16.65737116237926,16.650246038628577,16.646506049626765,16.66025020788186,16.78199953504304,17.258415000986517,17.698896243440988,17.793974557614924,17.722214969000188,17.48793766253964,17.096989876329502,16.798656635643592,16.671296960317548,16.626171756670335,16.607402725352824,16.596155518917072,16.58703714928062,17.65435778985357,17.65435778985357,17.65435778985357,17.65435778985357,17.65435778985357,17.65435778985357,17.65435778985357,17.65435778985357,17.65435778985357,17.56277189077504,19.397861987191785,19.397861987191785,19.397861987191785,19.397861987191785,19.397861987191785,19.397861987191785,19.397861987191785,19.397861987191785,19.397861987191785,19.397861987191785,19.397861987191785,19.397861987191785,19.397861987191785,19.397861987191785,19.397861987191785,19.397861987191785,19.397861987191785,19.397861987191785,19.397861987191785,18.41065462530653
-0.0858585858585858,18.41065462530653,18.41065462530653,18.41065462530653,18.41065462530653,18.41065462530653,18.41065462530653,18.41065462530653,18.41065462530653,18.41065462530653,18.41065462530653,18.41065462530653,18.41065462530653,18.41065462530653,18.41065462530653,18.41065462530653,18.41065462530653,18.41065462530653,18.41065462530653,18.41065462530653,18.41065462530653,18.41065462530653,18.41065462530653,18.41065462530653,18.41065462530653,18.41065462530653,18.41065462530653,18.41065462530653,18.41065462530653,18.41065462530653,18.41065462530653,18.597264970713177,18.705644872765873,18.839887350036413,19.0093524833351,19.228922522244304,19.52368575185536,19.93845792194974,20.551091346823053,21.400114540751737,21.663332767305928,20.032913009576088,18.81758977792341,17.897618809395073,19.13291213904969,20.157995321513756,20.248826554359397,19.74323041290716,19.19409680531689,18.750813760348482,18.408353489059245,16.674382953085278,16.664570961016747,16.65582176030961,16.648236135617896,16.641999837200405,16.6375989725404,16.637215285189804,16.654605825055533,16.776365386202485,17.25260008254248,17.72954582314956,17.77791956372448,17.700415525069708,17.45531592747881,17.062460474177513,16.774205753110525,16.65365222410608,16.610990748123644,16.59302126768527,16.582080407000863,17.65435778985357,17.65435778985357,17.65435778985357,17.65435778985357,17.65435778985357,17.65435778985357,17.65435778985357,17.65435778985357,17.56277189077504,17.56277189077504,19.397861987191785,19.397861987191785,19.397861987191785,19.397861987191785,19.397861987191785,19.397861987191785,19.397861987191785,19.397861987191785,19.397861987191785,19.397861987191785,19.397861987191785,19.397861987191785,19.397861987191785,19.397861987191785,19.397861987191785,19.397861987191785,19.397861987191785,19.397861987191785,19.397861987191785,18.41065462530653
-0.07575757575757575,18.41065462530653,18.41065462530653,18.41065462530653,18.41065462530653,18.41065462530653,18.41065462530653,18.41065462530653,18.41065462530653,18.41065462530653,18.41065462530653,18.41065462530653,18.41065462530653,18.41065462530653,18.41065462530653,18.41065462530653,18.41065462530653,18.41065462530653,18.41065462530653,18.41065462530653,18.41065462530653,18.41065462530653,18.41065462530653,18.41065462530653,18.41065462530653,18.41065462530653,18.41065462530653,18.41065462530653,18.41065462530653,18.41065462530653,18.41065462530653,18.52693992873704,18.618883504434258,18.73061403059824,18.868273474480908,19.04113532525754,19.26389275474092,19.561223234951367,19.977067975770343,20.588025894447366,21.43910669839338,21.76067569246835,20.156862863374872,18.786260369185232,17.950197517364,19.179308813775027,20.169132397281007,20.210573715682948,19.69301605182371,19.14839225652634,18.711242178850036,16.664178642604817,16.655249633935277,16.647554873633286,16.64128508146095,16.636761638402675,16.63456781802888,16.635946397822373,16.644554222473086,16.676725368399527,16.820837206819377,17.275057833069702,17.97028377790476,17.761952443464562,17.678386058917507,17.42243354979168,17.0285686196894,16.750510831624723,16.636460218601165,16.596116006075665,16.57889833573058,17.65435778985357,17.65435778985357,17.65435778985357,17.65435778985357,17.65435778985357,17.65435778985357,17.65435778985357,17.56277189077504,17.56277189077504,17.56277189077504,19.397861987191785,19.397861987191785,19.397861987191785,19.397861987191785,19.397861987191785,19.397861987191785,19.397861987191785,19.397861987191785,19.397861987191785,19.397861987191785,19.397861987191785,19.397861987191785,19.397861987191785,19.397861987191785,19.397861987191785,19.397861987191785,19.397861987191785,19.397861987191785,19.397861987191785,18.41065462530653
-0.06565656565656564,18.41065462530653,18.41065462530653,18.41065462530653,18.41065462530653,18.41065462530653,18.41065462530653,18.41065462530653,18.41065462530653,18.41065462530653,18.41065462530653,18.41065462530653,18.41065462530653,18.41065462530653,18.41065462530653,18.41065462530653,18.41065462530653,18.41065462530653,18.41065462530653,18.41065462530653,18.41065462530653,18.41065462530653,18.41065462530653,18.41065462530653,18.41065462530653,18.41065462530653,18.41065462530653,18.41065462530653,18.41065462530653,18.41065462530653,18.41065462530653,18.474267550437276,18.55448285458835,18.650474760015385,18.76647831308923,18.908616340469827,19.08608272987993,19.31332918435344,19.61431214718003,20.03073404753063,20.632366151935063,21.448989630525112,21.695738168710587,19.78857607076859,17.859808999286813,17.999666415314252,19.225816945256064,20.17753047999178,20.171203247058564,19.643240411764438,19.103418366862357,16.655606497474118,16.6478444642881,16.64164227561812,16.637401977570192,16.635844429683143,16.63834571736189,16.64771618460201,16.669960894902122,16.714017598459456,16.63619875770827,17.218001717784496,18.270821400055702,19.657174069242608,17.746053855418022,17.656100260087346,17.38931486704085,16.9953442930428,16.72754895505135,16.619702260139725,16.581536827518736,17.65435778985357,17.65435778985357,17.65435778985357,17.65435778985357,17.65435778985357,17.65435778985357,17.56277189077504,17.56277189077504,17.56277189077504,17.56277189077504,19.397861987191785,19.397861987191785,19.397861987191785,19.397861987191785,19.397861987191785,19.397861987191785,19.397861987191785,19.397861987191785,19.397861987191785,19.397861987191785,19.397861987191785,19.397861987191785,19.397861987191785,19.397861987191785,19.397861987191785,19.397861987191785,19.397861987191785,19.397861987191785,19.397861987191785,18.41065462530653
-0.055555555555555525,18.41065462530653,18.41065462530653,18.41065462530653,18.41065462530653,18.41065462530653,18.41065462530653,18.41065462530653,18.41065462530653,18.41065462530653,18.41065462530653,18.41065462530653,18.41065462530653,18.41065462530653,18.41065462530653,18.41065462530653,18.41065462530653,18.41065462530653,18.41065462530653,18.41065462530653,18.41065462530653,18.41065462530653,18.41065462530653,18.41065462530653,18.41065462530653,18.41065462530653,18.41065462530653,18.41065462530653,18.41065462530653,18.41065462530653,18.41065462530653,18.436433994487654,18.50836611237807,18.59338398627679,18.69453990672571,18.81606307094605,18.963927708422542,19.146630725907045,19.3758188521933,19.66466805292665,20.016575032104797,20.39907821000817,20.77133235246287,20.701856520770637,18.92734646460001,17.291386899956944,18.04710649629756,19.27225420496166,20.183153390044204,20.130826969216336,19.59392757541263,16.64911130350695,16.643053820372376,16.639238479110887,16.638613637143983,16.643039753260062,16.65637307534353,16.686298063024275,16.713164602116397,16.87688268203616,17.321588960944773,18.11503819788846,19.06158522130189,19.697713399693885,19.886714385882684,17.730204155703255,17.633532728243818,17.355988476515577,16.962813976966572,16.7052968070551,16.603360505866647,17.65435778985357,17.65435778985357,17.65435778985357,17.65435778985357,17.65435778985357,17.56277189077504,17.56277189077504,17.56277189077504,17.56277189077504,17.56277189077504,19.397861987191785,19.397861987191785,19.397861987191785,19.397861987191785,19.397861987191785,19.397861987191785,19.397861987191785,19.397861987191785,19.397861987191785,19.397861987191785,19.397861987191785,19.397861987191785,19.397861987191785,19.397861987191785,19.397861987191785,19.397861987191785,19.397861987191785,19.397861987191785,19.397861987191785,18.41065462530653
-0.045454545454545414,18.41065462530653,18.41065462530653,18.41065462530653,18.41065462530653,18.41065462530653,18.41065462530653,18.41065462530653,18.41065462530653,18.41065462530653,18.41065462530653,18.41065462530653,18.41065462530653,18.41065462530653,18.41065462530653,18.41065462530653,18.41065462530653,18.41065462530653,18.41065462530653,18.41065462530653,18.41065462530653,18.41065462530653,18.41065462530653,18.41065462530653,18.41065462530653,18.41065462530653,18.41065462530653,18.41065462530653,18.41065462530653,18.41065462530653,18.41065462530653,18.41161589567634,18.477919412041942,18.55549449336172,18.646584533977645,18.754004954341593,18.88080915550353,19.02809995052544,19.18568447956306,19.303370388336052,19.272400377745537,19.151318884715067,19.337438566319896,19.981500056323696,20.362738086270863,18.853940352515128,17.154222948706355,18.09332261275845,19.318429003134266,20.185984388756236,20.0895538250532,16.645559508632463,16.64234796771541,16.64300590795001,16.650084988044757,16.66891899098442,16.707812618391323,16.55812297344617,17.046375272977528,17.616835507116622,18.51214929945218,19.13601779788012,19.071631378810547,18.78607555815236,18.81990517578134,19.010386681593655,17.71438336860397,17.610659163466305,17.322487035412436,16.93100051651594,16.683730838493922,17.65435778985357,17.65435778985357,17.65435778985357,17.65435778985357,17.56277189077504,17.56277189077504,17.56277189077504,17.56277189077504,17.56277189077504,17.56277189077504,19.397861987191785,19.397861987191785,19.397861987191785,19.397861987191785,19.397861987191785,19.397861987191785,19.397861987191785,19.397861987191785,19.397861987191785,19.397861987191785,19.397861987191785,19.397861987191785,19.397861987191785,19.397861987191785,19.397861987191785,19.397861987191785,19.397861987191785,19.397861987191785,19.397861987191785,18.41065462530653
-0.035353535353535304,18.41065462530653,18.41065462530653,18.41065462530653,18.41065462530653,18.41065462530653,18.41065462530653,18.41065462530653,18.41065462530653,18.41065462530653,18.41065462530653,18.41065462530653,18.41065462530653,18.41065462530653,18.41065462530653,18.41065462530653,18.41065462530653,18.41065462530653,18.41065462530653,18.41065462530653,18.41065462530653,18.41065462530653,18.41065462530653,18.41065462530653,18.41065462530653,18.41065462530653,18.41065462530653,18.41065462530653,18.41065462530653,18.41065462530653,18.41065462530653,18.39870310197683,18.461508334328904,18.534268348175914,18.618242144729216,18.713486710592658,18.813979011583214,18.890262599208135,18.85064631229381,18.588684923020953,18.304013210724133,18.29871701921648,18.567086404077283,19.07813219565742,19.854968233737115,20.32383391619517,18.881154900288596,17.021399888089597,18.13891375559312,19.364142430455445,20.18602551558179,16.646846183156878,16.64926452684621,16.660002433421038,16.686244071625186,16.722923669792845,16.829339779555962,17.254357791778087,17.990050126972104,18.870781914738384,19.169074431669834,18.900463483209304,18.506429517522772,18.168776320673423,17.970898070312344,18.137633660932995,18.461587183540274,17.698571161931696,17.58745657491056,17.28884699607668,16.89992304235516,17.65435778985357,17.65435778985357,17.65435778985357,17.56277189077504,17.56277189077504,17.56277189077504,17.56277189077504,17.56277189077504,17.56277189077504,17.56277189077504,19.397861987191785,19.397861987191785,19.397861987191785,19.397861987191785,19.397861987191785,19.397861987191785,19.397861987191785,19.397861987191785,19.397861987191785,19.397861987191785,19.397861987191785,19.397861987191785,19.397861987191785,19.397861987191785,19.397861987191785,19.397861987191785,19.397861987191785,19.397861987191785,19.397861987191785,18.41065462530653
-0.025252525252525193,18.41065462530653,18.41065462530653,18.41065462530653,18.41065462530653,18.41065462530653,18.41065462530653,18.41065462530653,18.41065462530653,18.41065462530653,18.41065462530653,18.41065462530653,18.41065462530653,18.41065462530653,18.41065462530653,18.41065462530653,18.41065462530653,18.41065462530653,18.41065462530653,18.41065462530653,18.41065462530653,18.41065462530653,18.41065462530653,18.41065462530653,18.41065462530653,18.41065462530653,18.41065462530653,18.41065462530653,18.41065462530653,18.41065462530653,18.41065462530653,18.39706822295317,18.457912454956837,18.52679333745907,18.6009249777236,18.66564289764768,18.666669514544658,18.47915493934044,18.085786814239242,17.803657341379253,17.772972105684982,17.900157919071926,18.13185274680629,18.480909344207706,19.009917636817136,19.787343493830868,20.29932122154774,18.914131989506703,16.869185343139065,18.18432471504121,19.40919030337314,16.657734190626027,16.673516216624016,16.708762864762257,16.600582978646322,17.003892521848194,17.53269685184961,18.40517001348369,19.100291585609835,19.09004681392627,18.72493325152196,18.34108231801407,18.02071516861425,17.76353970537213,17.564200304944787,17.469962154177466,17.70447283575721,18.100705067808136,17.682746827705618,17.56390350647078,17.255108277989503,17.65435778985357,17.65435778985357,17.56277189077504,17.56277189077504,17.56277189077504,17.56277189077504,17.56277189077504,17.56277189077504,17.56277189077504,17.56277189077504,19.397861987191785,19.397861987191785,19.397861987191785,19.397861987191785,19.397861987191785,19.397861987191785,19.397861987191785,19.397861987191785,19.397861987191785,19.397861987191785,19.397861987191785,19.397861987191785,19.397861987191785,19.397861987191785,19.397861987191785,19.397861987191785,19.397861987191785,19.397861987191785,19.397861987191785,18.41065462530653
-0.015151515151515138,18.41065462530653,18.41065462530653,18.41065462530653,18.41065462530653,18.41065462530653,18.41065462530653,18.41065462530653,18.41065462530653,18.41065462530653,18.41065462530653,18.41065462530653,18.41065462530653,18.41065462530653,18.41065462530653,18.41065462530653,18.41065462530653,18.41065462530653,18.41065462530653,18.41065462530653,18.41065462530653,18.41065462530653,18.41065462530653,18.41065462530653,18.41065462530653,18.41065462530653,18.41065462530653,18.41065462530653,18.41065462530653,18.41065462530653,18.41065462530653,18.405903334462778,18.463868003214035,18.5204697486219,18.547779250368,18.45885512574219,18.129229585935946,17.7015184768424,17.483374272545518,17.461912486351316,17.534670829170462,17.66039104289286,17.836511625627075,18.0803796231598,18.429382426273474,18.9523586558385,19.723165850144163,20.273401221766814,18.94829766223525,16.71642235614599,18.229883483768276,16.691539981915223,16.730935758730144,16.7765757638323,17.19923255427778,17.889364123575596,18.789056537039,19.175324086187207,18.94602721295701,18.550157744647162,18.191375548758035,17.89915278083896,17.662770566567957,17.468737774875297,17.307645168214055,17.180057974368307,17.136330121938535,17.39987756752645,17.839679296048967,17.666889268817297,17.539980277501993,17.65435778985357,17.56277189077504,17.56277189077504,17.56277189077504,17.56277189077504,17.56277189077504,17.56277189077504,17.56277189077504,17.56277189077504,17.56277189077504,19.397861987191785,19.397861987191785,19.397861987191785,19.397861987191785,19.397861987191785,19.397861987191785,19.397861987191785,19.397861987191785,19.397861987191785,19.397861987191785,19.397861987191785,19.397861987191785,19.397861987191785,19.397861987191785,19.397861987191785,19.397861987191785,19.397861987191785,19.397861987191785,19.397861987191785,18.41065462530653
-0.0050505050505050275,18.41065462530653,18.41065462530653,18.41065462530653,18.41065462530653,18.41065462530653,18.41065462530653,18.41065462530653,18.41065462530653,18.41065462530653,18.41065462530653,18.41065462530653,18.41065462530653,18.41065462530653,18.41065462530653,18.41065462530653,18.41065462530653,18.41065462530653,18.41065462530653,18.41065462530653,18.41065462530653,18.41065462530653,18.41065462530653,18.41065462530653,18.41065462530653,18.41065462530653,18.41065462530653,18.41065462530653,18.41065462530653,18.41065462530653,18.41065462530653,18.419936141858333,18.45763420883102,18.435639240625125,18.23347006395761,17.797486687357765,17.417348750549362,17.269990163534455,17.25954048286488,17.305463643462343,17.381045118886593,17.482660045907558,17.615942863122388,17.793074153597313,18.035295111159652,18.380415609185587,18.896370157131766,19.659913620298692,20.24541849584485,18.98330537606778,16.60326161562193,16.677303586861928,16.96829625895195,17.45911829798395,18.301069698609574,19.060040264144888,19.123821999445124,18.775349618107544,18.385257530108554,18.055647326761825,17.7893139976203,17.572510484257194,17.392851625664168,17.241301070335375,17.11156753560534,17.000045400719486,16.910863179946915,16.893783232768325,17.168576407666553,17.637605823685828,17.650976992430024,17.56277189077504,17.56277189077504,17.56277189077504,17.56277189077504,17.56277189077504,17.56277189077504,17.56277189077504,17.56277189077504,17.56277189077504,17.56277189077504,19.397861987191785,19.397861987191785,19.397861987191785,19.397861987191785,19.397861987191785,19.397861987191785,19.397861987191785,19.397861987191785,19.397861987191785,19.397861987191785,19.397861987191785,19.397861987191785,19.397861987191785,19.397861987191785,19.397861987191785,19.397861987191785,19.397861987191785,19.397861987191785,19.397861987191785,18.41065462530653
0.005050505050505083,18.41065462530653,18.41065462530653,18.41065462530653,18.41065462530653,18.41065462530653,18.41065462530653,18.41065462530653,18.41065462530653,18.41065462530653,18.41065462530653,18.41065462530653,18.41065462530653,18.41065462530653,18.41065462530653,18.41065462530653,18.41065462530653,18.41065462530653,18.41065462530653,18.41065462530653,18.41065462530653,18.41065462530653,18.41065462530653,18.41065462530653,18.41065462530653,18.41065462530653,18.41065462530653,18.41065462530653,18.41065462530653,18.41065462530653,18.41065462530653,18.410592542348088,18.40564515909012,18.327209803628794,18.029679211749954,17.534723762515295,17.16748995411761,17.01181677327459,16.955795419079028,16.932013810068664,16.917645852677225,16.666677832401017,16.655926684804136,16.64551753838525,16.63530061368626,16.625231807795714,16.615296778096184,16.605489654787362,16.595807034671296,16.58624627254788,16.576804989357775,16.56234288019789,17.05420913690495,17.628749580122808,18.525174696264937,19.138714031331503,19.053894542454902,18.674861508009432,18.297827504975892,17.985940693268432,17.73407298547378,18.63223347938388,18.460799931098517,18.315484241893603,18.190378057471428,18.081222102384526,17.984880483428068,17.89899586557306,17.821762376422498,17.751773163519335,17.596329901869485,17.56277189077504,17.56277189077504,17.56277189077504,17.56277189077504,17.56277189077504,17.56277189077504,17.56277189077504,17.56277189077504,17.56277189077504,17.56277189077504,19.397861987191785,19.397861987191785,19.397861987191785,19.397861987191785,19.397861987191785,19.397861987191785,19.397861987191785,19.397861987191785,19.397861987191785,19.397861987191785,19.397861987191785,19.397861987191785,19.397861987191785,19.397861987191785,19.397861987191785,19.397861987191785,19.397861987191785,19.397861987191785,19.397861987191785,18.41065462530653
0.015151515151515249,18.41065462530653,18.41065462530653,18.41065462530653,18.41065462530653,18.41065462530653,18.41065462530653,18.41065462530653,18.41065462530653,18.41065462530653,18.41065462530653,18.41065462530653,18.41065462530653,18.41065462530653,18.41065462530653,18.41065462530653,18.41065462530653,18.41065462530653,18.41065462530653,18.41065462530653,18.41065462530653,18.41065462530653,18.41065462530653,18.41065462530653,18.41065462530653,18.41065462530653,18.41065462530653,18.41065462530653,18.41065462530653,18.41065462530653,18.41065462530653,18.312798018690117,18.392403571793455,18.386079368246637,18.299844766633754,17.98802976985806,17.491418552782513,17.137004174985144,16.989622207953314,16.93662358735789,16.913857282753945,16.66055177422198,16.64916769346327,16.638602192137235,16.628362394271985,16.618308197988785,16.608398268670243,16.59861909651222,16.588965098172462,16.57943300042973,16.57002024173725,17.359420186477575,16.55363955637985,17.04701620657254,17.641238328620787,18.544248794420863,19.12179794283908,19.009072526587023,18.62595248819668,18.25221486862065,17.944145024827012,18.799396322216403,18.595904111820527,18.426323333695443,18.282485861031496,18.158588443305078,18.05044320759761,17.954963379678937,17.869826147419538,17.701664676758906,17.63226181581658,17.56277189077504,17.56277189077504,17.56277189077504,17.56277189077504,17.56277189077504,17.56277189077504,17.56277189077504,17.56277189077504,17.56277189077504,17.56277189077504,19.397861987191785,19.397861987191785,19.397861987191785,19.397861987191785,19.397861987191785,19.397861987191785,19.397861987191785,19.397861987191785,19.397861987191785,19.397861987191785,19.397861987191785,19.397861987191785,19.397861987191785,19.397861987191785,19.397861987191785,19.397861987191785,19.397861987191785,19.397861987191785,19.397861987191785,18.41065462530653
0.025252525252525304,18.41065462530653,18.41065462530653,18.41065462530653,18.41065462530653,18.41065462530653,18.41065462530653,18.41065462530653,18.41065462530653,18.41065462530653,18.41065462530653,18.41065462530653,18.41065462530653,18.41065462530653,18.41065462530653,18.41065462530653,18.41065462530653,18.41065462530653,18.41065462530653,18.41065462530653,18.41065462530653,18.41065462530653,18.41065462530653,18.41065462530653,18.41065462530653,18.41065462530653,18.41065462530653,18.41065462530653,18.41065462530653,18.41065462530653,18.41065462530653,17.687125449309537,18.283892387448656,18.37448958573651,18.3666669863546,18.27219748450387,17.94611053129401,17.449006915236758,17.10750290879313,16.968036587519002,16.917882828079996,16.656724517370108,16.643155587605136,16.631998191268334,16.621611902307688,16.611536021376587,16.601639491199816,16.591883565682352,16.582255514578787,16.572750023294365,16.56336394099352,18.709632185229452,17.361686175642127,16.561215276806696,17.041262047214794,17.655554953744538,18.56303529666748,19.103368104302923,18.964257083575713,18.57779224135829,18.20745787025409,19.007190100399782,18.76145242560256,18.56029595568812,18.392534876114834,18.25014957319772,18.127439744958593,18.020287462141937,17.8340684749855,17.74966505122686,17.673734964304483,17.56277189077504,17.56277189077504,17.56277189077504,17.56277189077504,17.56277189077504,17.56277189077504,17.56277189077504,17.56277189077504,17.56277189077504,17.56277189077504,19.397861987191785,19.397861987191785,19.397861987191785,19.397861987191785,19.397861987191785,19.397861987191785,19.397861987191785,19.397861987191785,19.397861987191785,19.397861987191785,19.397861987191785,19.397861987191785,19.397861987191785,19.397861987191785,19.397861987191785,19.397861987191785,19.397861987191785,19.397861987191785,19.397861987191785,18.41065462530653
0.03535353535353536,18.41065462530653,18.41065462530653,18.41065462530653,18.41065462530653,18.41065462530653,18.41065462530653,18.41065462530653,18.41065462530653,18.41065462530653,18.41065462530653,18.41065462530653,18.41065462530653,18.41065462530653,18.41065462530653,18.41065462530653,18.41065462530653,18.41065462530653,18.41065462530653,18.41065462530653,18.41065462530653,18.41065462530653,18.41065462530653,18.41065462530653,18.41065462530653,18.41065462530653,18.41065462530653,18.41065462530653,18.41065462530653,18.41065462530653,18.41065462530653,17.108286710703,17.6415921655366,18.25466143072885,18.35682701786176,18.34737799938909,18.244230022365027,17.903954509117295,17.407519058069944,17.078953243982493,16.947033650322517,16.660209082477905,16.639297751207675,16.62609814654817,16.615158283640305,16.604945103360986,16.59502797272611,16.585284287686477,16.575677722705546,16.56619627734964,16.5568348892432,19.13135658875929,18.72283448332543,17.366124962195233,16.574828333811613,17.036979263110883,17.671635137711604,18.581349481901476,19.083453360674476,18.919490462583195,18.530370931216698,19.267545978256454,18.967000499473304,18.724246675493774,18.52538431675635,18.359410799816665,18.218452399210534,18.005324219545177,17.89914758671814,17.80534582617338,17.72166326871776,17.56277189077504,17.56277189077504,17.56277189077504,17.56277189077504,17.56277189077504,17.56277189077504,17.56277189077504,17.56277189077504,17.56277189077504,17.56277189077504,19.397861987191785,19.397861987191785,19.397861987191785,19.397861987191785,19.397861987191785,19.397861987191785,19.397861987191785,19.397861987191785,19.397861987191785,19.397861987191785,19.397861987191785,19.397861987191785,19.397861987191785,19.397861987191785,19.397861987191785,19.397861987191785,19.397861987191785,19.397861987191785,19.397861987191785,18.41065462530653
0.045454545454545525,18.41065462530653,18.41065462530653,18.41065462530653,18.41065462530653,18.41065462530653,18.41065462530653,18.41065462530653,18.41065462530653,18.41065462530653,18.41065462530653,18.41065462530653,18.41065462530653,18.41065462530653,18.41065462530653,18.41065462530653,18.41065462530653,18.41065462530653,18.41065462530653,18.41065462530653,18.41065462530653,18.41065462530653,18.41065462530653,18.41065462530653,18.41065462530653,18.41065462530653,18.41065462530653,18.41065462530653,18.41065462530653,18.41065462530653,18.41065462530653,16.96510277425409,17.080744202253907,17.59664695445091,18.22506934060444,18.339392422882067,18.328182251390242,18.215906182760175,17.86160028499512,17.366980832750016,17.051322237447142,16.68724110338,16.642281663312485,16.622217233043994,16.609368441365238,16.59863746894197,16.588591602346202,16.578828303222192,16.569232868223242,16.559771235431093,16.550432087746476,18.54642082255465,19.088198733758794,18.735506831322517,17.372723526349414,16.587796678327294,17.03419612711124,17.689407470954556,18.59901247775125,19.06209232704771,18.87481278894162,19.587677255842507,19.22442721040819,18.927575044760435,18.687754604001,18.49114577500787,18.23534348915893,18.095787268770767,17.975391560174298,17.870174064760555,17.77718969399941,17.56277189077504,17.56277189077504,17.56277189077504,17.56277189077504,17.56277189077504,17.56277189077504,17.56277189077504,17.56277189077504,17.56277189077504,17.56277189077504,19.397861987191785,19.397861987191785,19.397861987191785,19.397861987191785,19.397861987191785,19.397861987191785,19.397861987191785,19.397861987191785,19.397861987191785,19.397861987191785,19.397861987191785,19.397861987191785,19.397861987191785,19.397861987191785,19.397861987191785,19.397861987191785,19.397861987191785,19.397861987191785,19.397861987191785,18.41065462530653
0.05555555555555558,18.41065462530653,18.41065462530653,18.41065462530653,18.41065462530653,18.41065462530653,18.41065462530653,18.41065462530653,18.41065462530653,18.41065462530653,18.41065462530653,18.41065462530653,18.41065462530653,18.41065462530653,18.41065462530653,18.41065462530653,18.41065462530653,18.41065462530653,18.41065462530653,18.41065462530653,18.41065462530653,18.41065462530653,18.41065462530653,18.41065462530653,18.41065462530653,18.41065462530653,18.41065462530653,18.41065462530653,18.41065462530653,18.41065462530653,18.41065462530653,16.9303957309866,16.945326449596116,17.054072707147775,17.552342231814524,18.19508269260169,18.322162393425696,18.309049381840463,18.1871917559899,17.819091627649293,17.327413619412575,16.78523030135958,16.667329816734007,16.624738233672108,16.60547137366027,16.592956000440058,16.582425750592517,16.572541691529075,16.562927537238544,16.553475968844808,16.544155041400117,18.020921854378727,18.49685512813259,19.045082407194915,18.747490198793436,17.38146717951464,16.597516869913314,17.032937447879682,17.708792937650486,18.615852788725043,19.039332156990106,19.93423694788005,19.54170467904462,19.182092426909147,18.888889624177995,18.560368485807597,18.365973255437957,18.203481733292442,18.065304072083904,17.94603627376568,17.84176180536415,17.56277189077504,17.56277189077504,17.56277189077504,17.56277189077504,17.56277189077504,17.56277189077504,17.56277189077504,17.56277189077504,17.56277189077504,17.56277189077504,19.397861987191785,19.397861987191785,19.397861987191785,19.397861987191785,19.397861987191785,19.397861987191785,19.397861987191785,19.397861987191785,19.397861987191785,19.397861987191785,19.397861987191785,19.397861987191785,19.397861987191785,19.397861987191785,19.397861987191785,19.397861987191785,19.397861987191785,19.397861987191785,19.397861987191785,18.41065462530653
0.06565656565656575,18.41065462530653,18.41065462530653,18.41065462530653,18.41065462530653,18.41065462530653,18.41065462530653,18.41065462530653,18.41065462530653,18.41065462530653,18.41065462530653,18.41065462530653,18.41065462530653,18.41065462530653,18.41065462530653,18.41065462530653,18.41065462530653,18.41065462530653,18.41065462530653,18.41065462530653,18.41065462530653,18.41065462530653,18.41065462530653,18.41065462530653,18.41065462530653,18.41065462530653,18.41065462530653,18.41065462530653,18.41065462530653,18.41065462530653,18.41065462530653,16.91128099127148,16.9119706396457,16.926005524620972,17.028237531272307,17.50872793651371,18.164670733665584,18.305113481803296,18.289948773119267,18.158054795681736,17.776477032403683,17.04948880658155,16.759338416674048,16.647929928285382,16.60756471990587,16.58904915905977,16.576850855264894,16.566513604522985,16.55678611738526,16.547316638864686,16.538004752222626,17.646477530259453,17.97735867859122,18.44845909257773,19.002064541358738,18.758638900295562,17.39233907128844,16.603731715120496,17.033225136365136,17.72970447808971,18.631707770841203,20.11917329344187,19.889849947646493,19.496440579687203,19.04893648350739,18.75933727568841,18.525235162190217,18.333015301461376,18.17222014865016,18.03539790018277,17.917239296156474,17.56277189077504,17.56277189077504,17.56277189077504,17.56277189077504,17.56277189077504,17.56277189077504,17.56277189077504,17.56277189077504,17.56277189077504,17.56277189077504,19.397861987191785,19.397861987191785,19.397861987191785,19.397861987191785,19.397861987191785,19.397861987191785,19.397861987191785,19.397861987191785,19.397861987191785,19.397861987191785,19.397861987191785,19.397861987191785,19.397861987191785,19.397861987191785,19.397861987191785,19.397861987191785,19.397861987191785,19.397861987191785,19.397861987191785,18.41065462530653
0.0757575757575758,18.41065462530653,18.41065462530653,18.41065462530653,18.41065462530653,18.41065462530653,18.41065462530653,18.41065462530653,18.41065462530653,18.41065462530653,18.41065462530653,18.41065462530653,18.41065462530653,18.41065462530653,18.41065462530653,18.41065462530653,18.41065462530653,18.41065462530653,18.41065462530653,18.41065462530653,18.41065462530653,18.41065462530653,18.41065462530653,18.41065462530653,18.41065462530653,18.41065462530653,18.41065462530653,18.41065462530653,18.41065462530653,18.41065462530653,18.41065462530653,16.89445739309515,16.893206848835778,16.893920338677788,16.90712212231672,17.00320490510789,17.465850971632467,18.13380568950609,18.288222126439397,18.270849508576617,18.12846591656181,17.494465637931917,17.011909662577935,16.734267746133746,16.629019994622794,16.59074777484664,16.572940113508466,16.5610435083256,16.55089194927785,16.541316052099226,16.531986984536417,17.372013087118795,17.607448862085665,17.934966881663705,18.4012162715133,18.959202398509234,18.768821811587163,17.405319709813853,16.607095820844567,17.03507854171513,17.752046643021867,19.750358446053387,20.09378573682277,19.754078277179214,19.360292460297956,19.008104743380848,18.72206405663697,18.490749141194815,18.30066699668192,18.14153942938184,18.006050090069245,17.56277189077504,17.56277189077504,17.56277189077504,17.56277189077504,17.56277189077504,17.56277189077504,17.56277189077504,17.56277189077504,17.56277189077504,17.56277189077504,19.397861987191785,19.397861987191785,19.397861987191785,19.397861987191785,19.397861987191785,19.397861987191785,19.397861987191785,19.397861987191785,19.397861987191785,19.397861987191785,19.397861987191785,19.397861987191785,19.397861987191785,19.397861987191785,19.397861987191785,19.397861987191785,19.397861987191785,19.397861987191785,19.397861987191785,18.41065462530653
0.08585858585858586,18.41065462530653,18.41065462530653,18.41065462530653,18.41065462530653,18.41065462530653,18.41065462530653,18.41065462530653,18.41065462530653,18.41065462530653,18.41065462530653,18.41065462530653,18.41065462530653,18.41065462530653,18.41065462530653,18.41065462530653,18.41065462530653,18.41065462530653,18.41065462530653,18.41065462530653,18.41065462530653,18.41065462530653,18.41065462530653,18.41065462530653,18.41065462530653,18.41065462530653,18.41065462530653,18.41065462530653,18.41065462530653,18.41065462530653,18.41065462530653,16.878174336415636,16.876597892682714,16.87549115462833,16.876231956236843,16.888659332305245,16.978942036737923,17.423754724002574,18.102463086483095,18.271464582873232,18.25172034192546,17.859056392706982,17.451800714534375,16.975338833901407,16.70998670696441,16.610579644278115,16.574274732820708,16.557134265484024,16.545524903555442,16.535552118504498,16.526123067325653,17.161628530314907,17.335994123151195,17.569525729702512,17.893722614643924,18.35511282373478,18.91655337183969,18.777923454704855,17.420386510673026,16.608458508161764,17.038514607239005,18.879670619525314,19.67221981419992,19.9756017551864,19.71011315963525,19.31641392532513,18.967993827679617,18.685465110090714,18.456890389553866,18.268909218342742,18.111421205356102,17.56277189077504,17.56277189077504,17.56277189077504,17.56277189077504,17.56277189077504,17.56277189077504,17.56277189077504,17.56277189077504,17.56277189077504,17.56277189077504,19.397861987191785,19.397861987191785,19.397861987191785,19.397861987191785,19.397861987191785,19.397861987191785,19.397861987191785,19.397861987191785,19.397861987191785,19.397861987191785,19.397861987191785,19.397861987191785,19.397861987191785,19.397861987191785,19.397861987191785,19.397861987191785,19.397861987191785,19.397861987191785,19.397861987191785,18.41065462530653
0.09595959595959602,18.41065462530653,18.41065462530653,18.41065462530653,18.41065462530653,18.41065462530653,18.41065462530653,18.41065462530653,18.41065462530653,18.41065462530653,18.41065462530653,18.41065462530653,18.41065462530653,18.41065462530653,18.41065462530653,18.41065462530653,18.41065462530653,18.41065462530653,18.41065462530653,18.41065462530653,18.41065462530653,18.41065462530653,18.41065462530653,18.41065462530653,18.41065462530653,18.41065462530653,18.41065462530653,18.41065462530653,18.41065462530653,18.41065462530653,18.41065462530653,16.862195968477465,16.860507484201268,16.85908932393217,16.85812200655548,16.858893283114817,16.870601148606198,16.95541715329626,17.38247866699086,18.0706220823103,18.25481685935044,17.993187742187413,17.828487315928353,17.409198030293993,16.93978013154021,16.68646434401791,16.592589527326393,16.558133567835583,16.541622116261745,16.530286399111805,16.520485835601775,16.99432018792451,17.127717029301834,17.301039555656505,17.532686341030647,17.85360555625383,18.310137605780657,18.87417489483862,18.785844945966428,17.437513417210226,16.608595242514514,18.05594657706648,18.812972819893464,19.68425116898408,19.947846671601837,19.66640294410196,19.2732123720528,18.92858431942971,18.649520481491837,18.42363981004935,18.237723749721606,17.56277189077504,17.56277189077504,17.56277189077504,17.56277189077504,17.56277189077504,17.56277189077504,17.56277189077504,17.56277189077504,17.56277189077504,17.56277189077504,19.397861987191785,19.397861987191785,19.397861987191785,19.397861987191785,19.397861987191785,19.397861987191785,19.397861987191785,19.397861987191785,19.397861987191785,19.397861987191785,19.397861987191785,19.397861987191785,19.397861987191785,19.397861987191785,19.397861987191785,19.397861987191785,19.397861987191785,19.397861987191785,19.397861987191785,18.41065462530653
0.10606060606060608,17.655999813558825,17.655999813558825,17.655999813558825,17.655999813558825,17.655999813558825,17.655999813558825,17.655999813558825,17.655999813558825,17.655999813558825,17.655999813558825,17.655999813558825,17.655999813558825,17.655999813558825,17.655999813558825,17.655999813558825,17.655999813558825,17.655999813558825,17.655999813558825,17.655999813558825,17.655999813558825,17.655999813558825,17.655999813558825,17.655999813558825,17.655999813558825,17.655999813558825,17.655999813558825,17.655999813558825,17.655999813558825,17.655999813558825,17.655999813558825,17.789810685660562,17.788040375870644,17.786510926589457,17.785245723807144,17.78441364753118,17.785218275546146,17.79625797372307,17.875925178697646,18.285384036234653,18.981592139754728,19.18158103372593,19.156571954791893,18.98006540587735,18.54938906963318,18.08790508918197,17.846343087377765,17.757704280424946,17.7249859741091,17.709067760911665,17.697992900082376,19.705375963840915,19.809989132140593,19.942851558080015,20.115127916585617,20.34489913978153,20.662565437206272,21.114210022577097,21.679973904616357,21.640268663592416,20.304508344710168,19.455967677540713,19.806473425351268,20.58279795248035,21.438588849260313,21.66286622032234,21.36686221008754,20.974592290113815,20.63378933066388,20.35815336806601,20.134928358634173,19.35632180442545,19.35632180442545,19.35632180442545,19.35632180442545,19.35632180442545,19.35632180442545,19.35632180442545,19.35632180442545,19.35632180442545,19.35632180442545,17.97122835041542,17.97122835041542,17.97122835041542,17.97122835041542,17.97122835041542,17.97122835041542,17.97122835041542,17.97122835041542,17.97122835041542,17.97122835041542,17.97122835041542,17.97122835041542,17.97122835041542,17.97122835041542,17.97122835041542,17.97122835041542,17.97122835041542,17.97122835041542,17.97122835041542,17.655999813558825
0.11616161616161624,17.655999813558825,17.655999813558825,17.655999813558825,17.655999813558825,17.655999813558825,17.655999813558825,17.655999813558825,17.655999813558825,17.655999813558825,17.655999813558825,17.655999813558825,17.655999813558825,17.655999813558825,17.655999813558825,17.655999813558825,17.655999813558825,17.655999813558825,17.655999813558825,17.655999813558825,17.655999813558825,17.655999813558825,17.655999813558825,17.655999813558825,17.655999813558825,17.655999813558825,17.655999813558825,17.655999813558825,17.655999813558825,17.655999813558825,17.655999813558825,17.77435689433162,17.772510434150284,17.770898147659146,17.7695223649211,17.76840506110337,17.767704238476938,17.768544820669337,17.778964316238714,17.853785159783865,18.245849637541784,18.948707985553504,19.165079693532853,19.137162111258043,18.948437527958447,18.507096792375876,18.05436632960155,17.824248155656118,17.740560435912602,17.709474857793282,17.694116264951315,19.590649257288504,19.67426716727237,19.778674673346462,19.911003645216812,20.082247291068835,20.31017710873926,20.624657275810435,21.07147133780398,21.638312311002654,21.645600185882785,20.325634355053776,19.4552992914712,19.81473264025259,20.60973070122949,21.447476466531413,21.633034034884716,21.323739729329024,20.932713775495834,20.595727984364643,20.32346142496141,19.35632180442545,19.35632180442545,19.35632180442545,19.35632180442545,19.35632180442545,19.35632180442545,19.35632180442545,19.35632180442545,19.35632180442545,19.35632180442545,17.97122835041542,17.97122835041542,17.97122835041542,17.97122835041542,17.97122835041542,17.97122835041542,17.97122835041542,17.97122835041542,17.97122835041542,17.97122835041542,17.97122835041542,17.97122835041542,17.97122835041542,17.97122835041542,17.97122835041542,17.97122835041542,17.97122835041542,17.97122835041542,17.97122835041542,17.655999813558825
0.1262626262626263,17.655999813558825,17.655999813558825,17.655999813558825,17.655999813558825,17.655999813558825,17.655999813558825,17.655999813558825,17.655999813558825,17.655999813558825,17.655999813558825,17.655999813558825,17.655999813558825,17.655999813558825,17.655999813558825,17.655999813558825,17.655999813558825,17.655999813558825,17.655999813558825,17.655999813558825,17.655999813558825,17.655999813558825,17.655999813558825,17.655999813558825,17.655999813558825,17.655999813558825,17.655999813558825,17.655999813558825,17.655999813558825,17.655999813558825,17.655999813558825,17.75915347859977,17.75723311297515,17.75554347562301,17.75408391378374,17.752856696510158,17.751882480739223,17.751309102609234,17.75218799043948,17.762032118015146,17.83229418131971,18.207227679146175,18.91528798591045,19.14861414274241,19.117593919291608,18.916260641321323,18.465054832845023,18.02182803403576,17.802823561027857,17.723814422640583,17.694263002677225,19.492727134915004,19.560549711226752,19.644177445627797,19.748370852556743,19.880164579654114,20.050383517434415,20.276495757222907,20.587836320456145,21.02983675951673,21.597044467969376,21.64930921933385,20.347557593351503,19.450228831397414,19.82461664941656,20.63748726074086,21.454656477219835,21.602274905518705,21.2809439699674,20.891480173413047,20.558314090991534,19.35632180442545,19.35632180442545,19.35632180442545,19.35632180442545,19.35632180442545,19.35632180442545,19.35632180442545,19.35632180442545,19.35632180442545,19.35632180442545,17.97122835041542,17.97122835041542,17.97122835041542,17.97122835041542,17.97122835041542,17.97122835041542,17.97122835041542,17.97122835041542,17.97122835041542,17.97122835041542,17.97122835041542,17.97122835041542,17.97122835041542,17.97122835041542,17.97122835041542,17.97122835041542,17.97122835041542,17.97122835041542,17.97122835041542,17.655999813558825
0.13636363636363646,17.655999813558825,17.655999813558825,17.655999813558825,17.655999813558825,17.655999813558825,17.655999813558825,17.655999813558825,17.655999813558825,17.655999813558825,17.655999813558825,17.655999813558825,17.655999813558825,17.655999813558825,17.655999813558825,17.655999813558825,17.655999813558825,17.655999813558825,17.655999813558825,17.655999813558825,17.655999813558825,17.655999813558825,17.655999813558825,17.655999813558825,17.655999813558825,17.655999813558825,17.655999813558825,17.655999813558825,17.655999813558825,17.655999813558825,17.655999813558825,17.744194519125635,17.74220191400068,17.740437193823993,17.738899162710727,17.737587289037734,17.73650378595119,17.735668078796902,17.735218502623233,17.736137810972217,17.7454484547043,17.811424760975985,18.169539708943677,18.881329059272577,19.13215885535391,19.09783448821687,18.883527631154795,18.423326877901708,17.99027951217069,17.782041553770448,17.70745050405479,19.40785025357625,19.463483107025713,19.531465835480578,19.61509241501085,19.71906565372397,19.850324195543035,20.019525617715693,20.24382942271757,20.551995048461,20.988815703352703,21.55408298873399,21.643532538136608,20.35079475079339,19.415821889455128,19.836128529576538,20.665921601941157,21.46005827601598,21.570664514207117,21.23849457995403,20.850880771680504,19.35632180442545,19.35632180442545,19.35632180442545,19.35632180442545,19.35632180442545,19.35632180442545,19.35632180442545,19.35632180442545,19.35632180442545,19.35632180442545,17.97122835041542,17.97122835041542,17.97122835041542,17.97122835041542,17.97122835041542,17.97122835041542,17.97122835041542,17.97122835041542,17.97122835041542,17.97122835041542,17.97122835041542,17.97122835041542,17.97122835041542,17.97122835041542,17.97122835041542,17.97122835041542,17.97122835041542,17.97122835041542,17.97122835041542,17.655999813558825
0.14646464646464652,17.655999813558825,17.655999813558825,17.655999813558825,17.655999813558825,17.655999813558825,17.655999813558825,17.655999813558825,17.655999813558825,17.655999813558825,17.655999813558825,17.655999813558825,17.655999813558825,17.655999813558825,17.655999813558825,17.655999813558825,17.655999813558825,17.655999813558825,17.655999813558825,17.655999813558825,17.655999813558825,17.655999813558825,17.655999813558825,17.655999813558825,17.655999813558825,17.655999813558825,17.655999813558825,17.655999813558825,17.655999813558825,17.655999813558825,17.655999813558825,17.72947437013147,17.72741104942091,17.72557296078395,17.723958749832185,17.722567364073754,17.72139838667338,17.720453979714055,17.71975241800756,17.719423157036235,17.720384779898854,17.72920105690256,17.791150500802846,18.132802629895444,18.846833282829415,19.115687813712547,19.077850708067366,18.85023621830677,18.38197587367571,17.95970716875327,17.761875295661874,19.33333036182439,19.379352164500933,19.435254574002624,19.503384902799276,19.587000969909134,19.690744155172794,19.821435877388545,19.98946272387286,20.21121981700661,20.513210849626045,20.935941470569755,21.485480231190685,21.607808893326904,20.345785360257512,19.395234008740687,19.849267634997254,20.694880636459988,21.46362643680175,21.538278178148914,21.196409200748388,19.35632180442545,19.35632180442545,19.35632180442545,19.35632180442545,19.35632180442545,19.35632180442545,19.35632180442545,19.35632180442545,19.35632180442545,19.35632180442545,17.97122835041542,17.97122835041542,17.97122835041542,17.97122835041542,17.97122835041542,17.97122835041542,17.97122835041542,17.97122835041542,17.97122835041542,17.97122835041542,17.97122835041542,17.97122835041542,17.97122835041542,17.97122835041542,17.97122835041542,17.97122835041542,17.97122835041542,17.97122835041542,17.97122835041542,17.655999813558825
0.15656565656565657,17.655999813558825,17.655999813558825,17.655999813558825,17.655999813558825,17.655999813558825,17.655999813558825,17.655999813558825,17.655999813558825,17.655999813558825,17.655999813558825,17.655999813558825,17.655999813558825,17.655999813558825,17.655999813558825,17.655999813558825,17.655999813558825,17.655999813558825,17.655999813558825,17.655999813558825,17.655999813558825,17.655999813558825,17.655999813558825,17.655999813558825,17.655999813558825,17.655999813558825,17.655999813558825,17.655999813558825,17.655999813558825,17.655999813558825,17.655999813558825,17.714987616890404,17.712854991152536,17.7109451134776,17.70925648173717,17.7077878931553,17.70653843060937,17.70550778610481,17.704698075245343,17.704126498133718,17.70391421153602,17.704919836931527,17.71327827033661,17.771446078413433,18.097028778264956,18.81180811200329,19.099174478562087,19.057609328458398,18.816389224839757,18.341063317204494,17.930094816190955,19.267194210998454,19.305497905227213,19.35187177278543,19.408028171821456,19.47628287758631,19.559812487158755,19.662991536825125,19.791680989591967,19.95336231318905,20.160685547517662,20.445909746026974,20.861507479967656,21.418689504243723,21.589042058523194,20.35993347894974,19.38432611558564,19.864029147772527,20.724205056054988,21.46532058391233,21.505190253345493,19.35632180442545,19.35632180442545,19.35632180442545,19.35632180442545,19.35632180442545,19.35632180442545,19.35632180442545,19.35632180442545,19.35632180442545,19.35632180442545,17.97122835041542,17.97122835041542,17.97122835041542,17.97122835041542,17.97122835041542,17.97122835041542,17.97122835041542,17.97122835041542,17.97122835041542,17.97122835041542,17.97122835041542,17.97122835041542,17.97122835041542,17.97122835041542,17.97122835041542,17.97122835041542,17.97122835041542,17.97122835041542,17.97122835041542,17.655999813558825
0.16666666666666674,17.655999813558825,17.655999813558825,17.655999813558825,17.655999813558825,17.655999813558825,17.655999813558825,17.655999813558825,17.655999813558825,17.655999813558825,17.655999813558825,17.655999813558825,17.655999813558825,17.655999813558825,17.655999813558825,17.655999813558825,17.655999813558825,17.655999813558825,17.655999813558825,17.655999813558825,17.655999813558825,17.655999813558825,17.655999813558825,17.655999813558825,17.655999813558825,17.655999813558825,17.655999813558825,17.655999813558825,17.655999813558825,17.655999813558825,17.655999813558825,17.700729041161154,17.698528438897505,17.6965482347824,17.694786813709047,17.693242822924983,17.691915202742216,17.690803164472374,17.68990650327014,17.689227292587056,17.688781728739077,17.68868321261128,17.689734336720782,17.697669018795928,17.752287232926722,18.06222606107463,18.776266549561857,19.08259176708375,19.037077058306487,18.781994798363492,18.300648590795078,19.207960674733517,19.23996646396497,19.27868241548359,19.32536626521843,19.381625384898552,19.449353159692087,19.53017214056671,19.62469112616741,19.738060300849458,19.888921278601394,20.098122139634725,20.390608199674148,20.80809135455374,21.366093468409698,21.574574757307698,20.377846931111915,19.37538419860554,19.88040358981264,20.753730338936172,21.465115061426694,19.35632180442545,19.35632180442545,19.35632180442545,19.35632180442545,19.35632180442545,19.35632180442545,19.35632180442545,19.35632180442545,19.35632180442545,19.35632180442545,17.97122835041542,17.97122835041542,17.97122835041542,17.97122835041542,17.97122835041542,17.97122835041542,17.97122835041542,17.97122835041542,17.97122835041542,17.97122835041542,17.97122835041542,17.97122835041542,17.97122835041542,17.97122835041542,17.97122835041542,17.97122835041542,17.97122835041542,17.97122835041542,17.97122835041542,17.655999813558825
0.1767676767676768,17.655999813558825,17.655999813558825,17.655999813558825,17.655999813558825,17.655999813558825,17.655999813558825,17.655999813558825,17.655999813558825,17.655999813558825,17.655999813558825,17.655999813558825,17.655999813558825,17.655999813558825,17.655999813558825,17.655999813558825,17.655999813558825,17.655999813558825,17.655999813558825,17.655999813558825,17.655999813558825,17.655999813558825,17.655999813558825,17.655999813558825,17.655999813558825,17.655999813558825,17.655999813558825,17.655999813558825,17.655999813558825,17.655999813558825,17.655999813558825,17.68669361341168,17.68442628313855,17.682377132877548,17.68054443353826,17.678926720440348,17.67752278255856,17.676331694601817,17.67535279062589,17.67458596338894,17.674033248265484,17.673709904113856,17.673722083245295,17.674820023792208,17.682362769598782,17.733650746454437,18.02839814435548,18.74022725538546,19.065912039875478,19.016220687671538,18.747066585800752,19.154494787436082,19.181280301651164,19.213697500657414,19.252533281826647,19.298295720759224,19.350116584599615,19.406103630321397,19.472516370241713,19.56271059907154,19.683680374924545,19.842808306470076,20.054792631357426,20.345992879939335,20.75944092543688,21.315525499417802,21.559295573425363,20.397692090474447,19.367927009845612,19.898376305510798,20.783287913466793,19.35632180442545,19.35632180442545,19.35632180442545,19.35632180442545,19.35632180442545,19.35632180442545,19.35632180442545,19.35632180442545,19.35632180442545,19.35632180442545,17.97122835041542,17.97122835041542,17.97122835041542,17.97122835041542,17.97122835041542,17.97122835041542,17.97122835041542,17.97122835041542,17.97122835041542,17.97122835041542,17.97122835041542,17.97122835041542,17.97122835041542,17.97122835041542,17.97122835041542,17.97122835041542,17.97122835041542,17.97122835041542,17.97122835041542,17.655999813558825
0.18686868686868696,17.655999813558825,17.655999813558825,17.655999813558825,17.655999813558825,17.655999813558825,17.655999813558825,17.655999813558825,17.655999813558825,17.655999813558825,17.655999813558825,17.655999813558825,17.655999813558825,17.655999813558825,17.655999813558825,17.655999813558825,17.655999813558825,17.655999813558825,17.655999813558825,17.655999813558825,17.655999813558825,17.655999813558825,17.655999813558825,17.655999813558825,17.655999813558825,17.655999813558825,17.655999813558825,17.655999813558825,17.655999813558825,17.655999813558825,17.655999813558825,17.672876484069295,17.670543598387148,17.66842680123848,17.66652425228498,17.66483437330083,17.663355842046347,17.662087582280634,17.661028794478742,17.66017893067332,17.659537975881868,17.65910793123149,17.65890318015006,17.659023100478606,17.660169009371756,17.667349501397087,17.71551442185707,17.995544683494785,18.70371458869423,19.049107097939622,18.995007232867003,19.10589243140405,19.12820471329879,19.154952463762623,19.185523133642207,19.217203460993233,19.248840370634944,19.289771228645424,19.34794691869157,19.42445126606939,19.521562115536362,19.644909419016564,19.80409560623957,20.01480324115516,20.303337828978396,20.712331517759253,21.265946426932647,21.54284021665723,20.41917961083813,19.36193074157543,19.91792692448314,19.35632180442545,19.35632180442545,19.35632180442545,19.35632180442545,19.35632180442545,19.35632180442545,19.35632180442545,19.35632180442545,19.35632180442545,19.35632180442545,17.97122835041542,17.97122835041542,17.97122835041542,17.97122835041542,17.97122835041542,17.97122835041542,17.97122835041542,17.97122835041542,17.97122835041542,17.97122835041542,17.97122835041542,17.97122835041542,17.97122835041542,17.97122835041542,17.97122835041542,17.97122835041542,17.97122835041542,17.97122835041542,17.97122835041542,17.655999813558825
0.19696969696969702,17.655999813558825,17.655999813558825,17.655999813558825,17.655999813558825,17.655999813558825,17.655999813558825,17.655999813558825,17.655999813558825,17.655999813558825,17.655999813558825,17.655999813558825,17.655999813558825,17.655999813558825,17.655999813558825,17.655999813558825,17.655999813558825,17.655999813558825,17.655999813558825,17.655999813558825,17.655999813558825,17.655999813558825,17.655999813558825,17.655999813558825,17.655999813558825,17.655999813558825,17.655999813558825,17.655999813558825,17.655999813558825,17.655999813558825,17.655999813558825,17.65927297544473,17.65687563467582,17.654692412983454,17.65272136109013,17.65096079006931,17.649409264624527,17.64806559751505,17.646928840752466,17.645998312702872,17.645273578751006,17.64475471124552,17.64444368065786,17.644354052983964,17.64457887466761,17.645773749929923,17.652619674143388,17.697857057432422,17.963661587011565,18.666758575684742,19.032148190854652,19.061236541267483,19.07889491207092,19.097699396872013,19.11397099195428,19.130203108809443,19.15652975183629,19.195606809074707,19.246410558929124,19.309678993007147,19.387975526864647,19.48550653283204,19.608612251932975,19.76699959080221,19.976162942442393,20.2619599998838,20.666484460006497,21.2172385424068,21.525140046390806,20.44210606428347,19.35739638992796,19.35632180442545,19.35632180442545,19.35632180442545,19.35632180442545,19.35632180442545,19.35632180442545,19.35632180442545,19.35632180442545,19.35632180442545,19.35632180442545,17.97122835041542,17.97122835041542,17.97122835041542,17.97122835041542,17.97122835041542,17.97122835041542,17.97122835041542,17.97122835041542,17.97122835041542,17.97122835041542,17.97122835041542,17.97122835041542,17.97122835041542,17.97122835041542,17.97122835041542,17.97122835041542,17.97122835041542,17.97122835041542,17.97122835041542,17.655999813558825
0.20707070707070718,17.655999813558825,17.655999813558825,17.655999813558825,17.655999813558825,17.655999813558825,17.655999813558825,17.655999813558825,17.655999813558825,17.655999813558825,17.655999813558825,17.655999813558825,17.655999813558825,17.655999813558825,17.655999813558825,17.655999813558825,17.655999813558825,17.655999813558825,17.655999813558825,17.655999813558825,17.655999813558825,17.655999813558825,17.655999813558825,17.655999813558825,17.655999813558825,17.655999813558825,17.655999813558825,17.655999813558825,17.655999813558825,17.655999813558825,17.655999813558825,17.655999813558825,17.655999813558825,17.655999813558825,17.655999813558825,17.655999813558825,17.655999813558825,17.655999813558825,17.655999813558825,17.655999813558825,17.655999813558825,19.041211489855232,19.041211489855232,19.041211489855232,19.041211489855232,19.041211489855232,19.041211489855232,19.041211489855232,19.041211489855232,19.041211489855232,19.041211489855232,19.038997638381606,19.037435849003828,19.034304457939573,19.02482633576946,19.008328646822477,18.993710791216202,18.984573580740054,18.97838924100477,18.97332622471386,18.968708888820707,19.39084433033111,19.386621025337057,19.38253486374486,19.378573240578525,19.37472768410935,19.370991303699796,19.36735802465299,19.363822334189972,19.36037917603271,19.357023890798086,19.35632180442545,19.35632180442545,19.35632180442545,19.35632180442545,19.35632180442545,19.35632180442545,19.35632180442545,19.35632180442545,19.35632180442545,19.35632180442545,17.97122835041542,17.97122835041542,17.97122835041542,17.97122835041542,17.97122835041542,17.97122835041542,17.97122835041542,17.97122835041542,17.97122835041542,17.97122835041542,17.97122835041542,17.97122835041542,17.97122835041542,17.97122835041542,17.97122835041542,17.97122835041542,17.97122835041542,17.97122835041542,17.97122835041542,17.655999813558825
0.21717171717171724,17.655999813558825,17.655999813558825,17.655999813558825,17.655999813558825,17.655999813558825,17.655999813558825,17.655999813558825,17.655999813558825,17.655999813558825,17.655999813558825,17.655999813558825,17.655999813558825,17.655999813558825,17.655999813558825,17.655999813558825,17.655999813558825,17.655999813558825,17.655999813558825,17.655999813558825,17.655999813558825,17.655999813558825,17.655999813558825,17.655999813558825,17.655999813558825,17.655999813558825,17.655999813558825,17.655999813558825,17.655999813558825,17.655999813558825,17.655999813558825,17.655999813558825,17.655999813558825,17.655999813558825,17.655999813558825,17.655999813558825,17.655999813558825,17.655999813558825,17.655999813558825,17.655999813558825,17.655999813558825,19.041211489855232,19.041211489855232,19.041211489855232,19.041211489855232,19.041211489855232,19.041211489855232,19.041211489855232,19.041211489855232,19.041211489855232,19.041211489855232,19.035453983594014,19.034751258789377,19.033197913934533,19.029894950705085,19.02001350610143,19.00340095010754,18.989124536741333,18.980257522172423,18.97420570401699,18.969216682832634,19.39117520772682,19.3868369150627,19.382658468566355,19.378615507605183,19.374695806710932,19.370891043707065,19.36719440895111,19.363599886341877,19.360102012637157,19.35669577607031,19.35632180442545,19.35632180442545,19.35632180442545,19.35632180442545,19.35632180442545,19.35632180442545,19.35632180442545,19.35632180442545,19.35632180442545,19.35632180442545,17.97122835041542,17.97122835041542,17.97122835041542,17.97122835041542,17.97122835041542,17.97122835041542,17.97122835041542,17.97122835041542,17.97122835041542,17.97122835041542,17.97122835041542,17.97122835041542,17.97122835041542,17.97122835041542,17.97122835041542,17.97122835041542,17.97122835041542,17.97122835041542,17.97122835041542,17.655999813558825
0.2272727272727273,17.655999813558825,17.655999813558825,17.655999813558825,17.655999813558825,17.655999813558825,17.655999813558825,17.655999813558825,17.655999813558825,17.655999813558825,17.655999813558825,17.655999813558825,17.655999813558825,17.655999813558825,17.655999813558825,17.655999813558825,17.655999813558825,17.655999813558825,17.655999813558825,17.655999813558825,17.655999813558825,17.655999813558825,17.655999813558825,17.655999813558825,17.655999813558825,17.655999813558825,17.655999813558825,17.655999813558825,17.655999813558825,17.655999813558825,17.655999813558825,17.655999813558825,17.655999813558825,17.655999813558825,17.655999813558825,17.655999813558825,17.655999813558825,17.655999813558825,17.655999813558825,17.655999813558825,17.655999813558825,19.041211489855232,19.041211489855232,19.041211489855232,19.041211489855232,19.041211489855232,19.041211489855232,19.041211489855232,19.041211489855232,19.041211489855232,19.041211489855232,19.015947154332476,19.030953507484146,19.030593223826518,19.02904359542036,19.025554515002028,19.01526439061216,18.998567968429455,18.98463857502935,18.976031443667974,18.97010603889427,19.391709705133582,19.387199324235915,19.38290735629183,19.37877254252882,19.37477162108948,19.370892723936233,19.36712767101856,19.363469730511028,19.35991294300328,19.35645189330982,19.35632180442545,19.35632180442545,19.35632180442545,19.35632180442545,19.35632180442545,19.35632180442545,19.35632180442545,19.35632180442545,19.35632180442545,19.35632180442545,17.97122835041542,17.97122835041542,17.97122835041542,17.97122835041542,17.97122835041542,17.97122835041542,17.97122835041542,17.97122835041542,17.97122835041542,17.97122835041542,17.97122835041542,17.97122835041542,17.97122835041542,17.97122835041542,17.97122835041542,17.97122835041542,17.97122835041542,17.97122835041542,17.97122835041542,17.655999813558825
0.23737373737373746,17.655999813558825,17.655999813558825,17.655999813558825,17.655999813558825,17.655999813558825,17.655999813558825,17.655999813558825,17.655999813558825,17.655999813558825,17.655999813558825,17.655999813558825,17.655999813558825,17.655999813558825,17.655999813558825,17.655999813558825,17.655999813558825,17.655999813558825,17.655999813558825,17.655999813558825,17.655999813558825,17.655999813558825,17.655999813558825,17.655999813558825,17.655999813558825,17.655999813558825,17.655999813558825,17.655999813558825,17.655999813558825,17.655999813558825,17.655999813558825,17.655999813558825,17.655999813558825,17.655999813558825,17.655999813558825,17.655999813558825,17.655999813558825,17.655999813558825,17.655999813558825,17.655999813558825,17.655999813558825,19.041211489855232,19.041211489855232,19.041211489855232,19.041211489855232,19.041211489855232,19.041211489855232,19.041211489855232,19.041211489855232,19.041211489855232,19.041211489855232,18.993628240105107,19.010898177733022,19.026522220627932,19.0265202871426,19.02496951870047,19.021279468122714,19.010577265764073,18.993828412401744,18.980249833406457,18.97189237712278,19.39260929751423,19.387759608446853,19.383300227656516,19.379053282023328,19.374960927616318,19.37100093331598,19.367161767849844,19.36343538633507,19.359815131778195,19.356295099665445,19.35632180442545,19.35632180442545,19.35632180442545,19.35632180442545,19.35632180442545,19.35632180442545,19.35632180442545,19.35632180442545,19.35632180442545,19.35632180442545,17.97122835041542,17.97122835041542,17.97122835041542,17.97122835041542,17.97122835041542,17.97122835041542,17.97122835041542,17.97122835041542,17.97122835041542,17.97122835041542,17.97122835041542,17.97122835041542,17.97122835041542,17.97122835041542,17.97122835041542,17.97122835041542,17.97122835041542,17.97122835041542,17.97122835041542,17.655999813558825
0.24747474747474751,17.655999813558825,17.655999813558825,17.655999813558825,17.655999813558825,17.655999813558825,17.655999813558825,17.655999813558825,17.655999813558825,17.655999813558825,17.655999813558825,17.655999813558825,17.655999813558825,17.655999813558825,17.655999813558825,17.655999813558825,17.655999813558825,17.655999813558825,17.655999813558825,17.655999813558825,17.655999813558825,17.655999813558825,17.655999813558825,17.655999813558825,17.655999813558825,17.655999813558825,17.655999813558825,17.655999813558825,17.655999813558825,17.655999813558825,17.655999813558825,17.655999813558825,17.655999813558825,17.655999813558825,17.655999813558825,17.655999813558825,17.655999813558825,17.655999813558825,17.655999813558825,17.655999813558825,17.655999813558825,19.041211489855232,19.041211489855232,19.041211489855232,19.041211489855232,19.041211489855232,19.041211489855232,19.041211489855232,19.041211489855232,19.041211489855232,19.041211489855232,18.982751270915273,18.989027589808806,19.005937599306854,19.02215639480036,19.022529322675002,19.020972415567584,19.017066272983442,19.00595068688304,18.989180986502284,18.975955327865066,19.39435922418911,19.388669522011675,19.38388555266026,19.37947559130797,19.375272422859805,19.371221403952074,19.367301270504242,19.363500808663144,19.359812102192016,19.356228566123963,19.35632180442545,19.35632180442545,19.35632180442545,19.35632180442545,19.35632180442545,19.35632180442545,19.35632180442545,19.35632180442545,19.35632180442545,19.35632180442545,17.97122835041542,17.97122835041542,17.97122835041542,17.97122835041542,17.97122835041542,17.97122835041542,17.97122835041542,17.97122835041542,17.97122835041542,17.97122835041542,17.97122835041542,17.97122835041542,17.97122835041542,17.97122835041542,17.97122835041542,17.97122835041542,17.97122835041542,17.97122835041542,17.97122835041542,17.655999813558825
0.2575757575757577,17.655999813558825,17.655999813558825,17.655999813558825,17.655999813558825,17.655999813558825,17.655999813558825,17.655999813558825,17.655999813558825,17.655999813558825,17.655999813558825,17.655999813558825,17.655999813558825,17.655999813558825,17.655999813558825,17.655999813558825,17.655999813558825,17.655999813558825,17.655999813558825,17.655999813558825,17.655999813558825,17.655999813558825,17.655999813558825,17.655999813558825,17.655999813558825,17.655999813558825,17.655999813558825,17.655999813558825,17.655999813558825,17.655999813558825,17.655999813558825,17.655999813558825,17.655999813558825,17.655999813558825,17.655999813558825,17.655999813558825,17.655999813558825,17.655999813558825,17.655999813558825,17.655999813558825,17.655999813558825,19.041211489855232,19.041211489855232,19.041211489855232,19.041211489855232,19.041211489855232,19.041211489855232,19.041211489855232,19.041211489855232,19.041211489855232,19.041211489855232,18.9754108455604,18.978415716498333,18.984528073757897,19.001064490048645,19.01785247013751,19.0186173154929,19.017049115811513,19.01291153886217,19.001383474197983,18.98462437755706,19.39827355718002,19.39038583835044,19.384805960206364,19.380085236428005,19.37572318863611,19.371562606358985,19.36755184593858,19.363670550696934,19.359907806088522,19.35625581840883,19.35632180442545,19.35632180442545,19.35632180442545,19.35632180442545,19.35632180442545,19.35632180442545,19.35632180442545,19.35632180442545,19.35632180442545,19.35632180442545,17.97122835041542,17.97122835041542,17.97122835041542,17.97122835041542,17.97122835041542,17.97122835041542,17.97122835041542,17.97122835041542,17.97122835041542,17.97122835041542,17.97122835041542,17.97122835041542,17.97122835041542,17.97122835041542,17.97122835041542,17.97122835041542,17.97122835041542,17.97122835041542,17.97122835041542,17.655999813558825
0.26767676767676774,17.655999813558825,17.655999813558825,17.655999813558825,17.655999813558825,17.655999813558825,17.655999813558825,17.655999813558825,17.655999813558825,17.655999813558825,17.655999813558825,17.655999813558825,17.655999813558825,17.655999813558825,17.655999813558825,17.655999813558825,17.655999813558825,17.655999813558825,17.655999813558825,17.655999813558825,17.655999813558825,17.655999813558825,17.655999813558825,17.655999813558825,17.655999813558825,17.655999813558825,17.655999813558825,17.655999813558825,17.655999813558825,17.655999813558825,17.655999813558825,17.655999813558825,17.655999813558825,17.655999813558825,17.655999813558825,17.655999813558825,17.655999813558825,17.655999813558825,17.655999813558825,17.655999813558825,17.655999813558825,19.041211489855232,19.041211489855232,19.041211489855232,19.041211489855232,19.041211489855232,19.041211489855232,19.041211489855232,19.041211489855232,19.041211489855232,19.041211489855232,18.9689063225316,18.971161002327587,18.974169362799145,18.980126352569506,18.996277989324167,19.013607056887732,19.01478135320826,19.013196539343113,19.00881202339516,18.99687469689227,19.406677360352163,19.39415900103721,19.38649131625708,19.38101628124659,19.376356457303878,19.372040887741342,19.367921751770233,19.36395021716985,19.36010677883255,19.356380804562797,19.35632180442545,19.35632180442545,19.35632180442545,19.35632180442545,19.35632180442545,19.35632180442545,19.35632180442545,19.35632180442545,19.35632180442545,19.35632180442545,17.97122835041542,17.97122835041542,17.97122835041542,17.97122835041542,17.97122835041542,17.97122835041542,17.97122835041542,17.97122835041542,17.97122835041542,17.97122835041542,17.97122835041542,17.97122835041542,17.97122835041542,17.97122835041542,17.97122835041542,17.97122835041542,17.97122835041542,17.97122835041542,17.97122835041542,17.655999813558825
0.2777777777777778,17.655999813558825,17.655999813558825,17.655999813558825,17.655999813558825,17.655999813558825,17.655999813558825,17.655999813558825,17.655999813558825,17.655999813558825,17.655999813558825,17.655999813558825,17.655999813558825,17.655999813558825,17.655999813558825,17.655999813558825,17.655999813558825,17.655999813558825,17.655999813558825,17.655999813558825,17.655999813558825,17.655999813558825,17.655999813558825,17.655999813558825,17.655999813558825,17.655999813558825,17.655999813558825,17.655999813558825,17.655999813558825,17.655999813558825,17.655999813558825,17.655999813558825,17.655999813558825,17.655999813558825,17.655999813558825,17.655999813558825,17.655999813558825,17.655999813558825,17.655999813558825,17.655999813558825,17.655999813558825,19.041211489855232,19.041211489855232,19.041211489855232,19.041211489855232,19.041211489855232,19.041211489855232,19.041211489855232,19.041211489855232,19.041211489855232,19.041211489855232,18.96278937155517,18.964709439876472,18.966996970956934,18.970009283159353,18.975819214226686,18.991577280953933,19.009416938326577,19.011018617911603,19.009411688980748,19.004764635736315,19.41894130424663,19.40229847996422,19.390130251425028,19.382673174294908,19.377298255031256,19.372697106363592,19.368426646271747,19.364347865120468,19.36041456567968,19.356608042141737,19.35632180442545,19.35632180442545,19.35632180442545,19.35632180442545,19.35632180442545,19.35632180442545,19.35632180442545,19.35632180442545,19.35632180442545,19.35632180442545,17.97122835041542,17.97122835041542,17.97122835041542,17.97122835041542,17.97122835041542,17.97122835041542,17.97122835041542,17.97122835041542,17.97122835041542,17.97122835041542,17.97122835041542,17.97122835041542,17.97122835041542,17.97122835041542,17.97122835041542,17.97122835041542,17.97122835041542,17.97122835041542,17.97122835041542,17.655999813558825
0.28787878787878796,17.655999813558825,17.655999813558825,17.655999813558825,17.655999813558825,17.655999813558825,17.655999813558825,17.655999813558825,17.655999813558825,17.655999813558825,17.655999813558825,17.655999813558825,17.655999813558825,17.655999813558825,17.655999813558825,17.655999813558825,17.655999813558825,17.655999813558825,17.655999813558825,17.655999813558825,17.655999813558825,17.655999813558825,17.655999813558825,17.655999813558825,17.655999813558825,17.655999813558825,17.655999813558825,17.655999813558825,17.655999813558825,17.655999813558825,17.655999813558825,17.655999813558825,17.655999813558825,17.655999813558825,17.655999813558825,17.655999813558825,17.655999813558825,17.655999813558825,17.655999813558825,17.655999813558825,17.655999813558825,19.041211489855232,19.041211489855232,19.041211489855232,19.041211489855232,19.041211489855232,19.041211489855232,19.041211489855232,19.041211489855232,19.041211489855232,19.041211489855232,18.9569722353788,18.958638926014732,18.960596919657092,18.962916005293017,18.965932685852298,18.971603569847375,18.98696157167697,19.005279074683443,19.007326378596318,19.005691643889428,19.427281811336325,19.41454770029893,19.398006289123618,19.38618467258609,19.378929035253194,19.37364974678062,19.369105163182514,19.364878506652715,19.360839034622153,19.35694301949959,19.35632180442545,19.35632180442545,19.35632180442545,19.35632180442545,19.35632180442545,19.35632180442545,19.35632180442545,19.35632180442545,19.35632180442545,19.35632180442545,17.97122835041542,17.97122835041542,17.97122835041542,17.97122835041542,17.97122835041542,17.97122835041542,17.97122835041542,17.97122835041542,17.97122835041542,17.97122835041542,17.97122835041542,17.97122835041542,17.97122835041542,17.97122835041542,17.97122835041542,17.97122835041542,17.97122835041542,17.97122835041542,17.97122835041542,17.655999813558825
0.297979797979798,17.655999813558825,17.655999813558825,17.655999813558825,17.655999813558825,17.655999813558825,17.655999813558825,17.655999813558825,17.655999813558825,17.655999813558825,17.655999813558825,17.655999813558825,17.655999813558825,17.655999813558825,17.655999813558825,17.655999813558825,17.655999813558825,17.655999813558825,17.655999813558825,17.655999813558825,17.655999813558825,17.655999813558825,17.655999813558825,17.655999813558825,17.655999813558825,17.655999813558825,17.655999813558825,17.655999813558825,17.655999813558825,17.655999813558825,17.655999813558825,17.655999813558825,17.655999813558825,17.655999813558825,17.655999813558825,17.655999813558825,17.655999813558825,17.655999813558825,17.655999813558825,17.655999813558825,17.655999813558825,19.041211489855232,19.041211489855232,19.041211489855232,19.041211489855232,19.041211489855232,19.041211489855232,19.041211489855232,19.041211489855232,19.041211489855232,19.041211489855232,18.951420399181806,18.952865536771768,18.954571722974976,18.956566080578142,18.958915484118673,18.961936906308686,18.96747644955697,18.982430072148006,19.001190607904338,19.00370198404136,19.42854786107213,19.423330168617735,19.41021104521579,19.393799338408588,19.382319713639394,19.3752566230636,19.370068711955977,19.365578691141348,19.361394591626983,19.35739342637858,19.35632180442545,19.35632180442545,19.35632180442545,19.35632180442545,19.35632180442545,19.35632180442545,19.35632180442545,19.35632180442545,19.35632180442545,19.35632180442545,17.97122835041542,17.97122835041542,17.97122835041542,17.97122835041542,17.97122835041542,17.97122835041542,17.97122835041542,17.97122835041542,17.97122835041542,17.97122835041542,17.97122835041542,17.97122835041542,17.97122835041542,17.97122835041542,17.97122835041542,17.97122835041542,17.97122835041542,17.97122835041542,17.97122835041542,17.655999813558825
0.3080808080808082,19.000958066239733,19.000958066239733,19.000958066239733,19.000958066239733,19.000958066239733,19.000958066239733,19.000958066239733,19.000958066239733,19.000958066239733,19.000958066239733,19.000958066239733,19.000958066239733,19.000958066239733,19.000958066239733,19.000958066239733,19.000958066239733,19.000958066239733,19.000958066239733,19.000958066239733,19.000958066239733,19.000958066239733,19.000958066239733,19.000958066239733,19.000958066239733,19.000958066239733,19.000958066239733,19.000958066239733,19.000958066239733,19.000958066239733,19.000958066239733,19.000958066239733,19.000958066239733,19.000958066239733,19.000958066239733,19.000958066239733,19.000958066239733,19.000958066239733,19.000958066239733,19.000958066239733,19.000958066239733,19.000958066239733,19.000958066239733,19.000958066239733,19.000958066239733,19.000958066239733,19.000958066239733,19.000958066239733,19.000958066239733,19.000958066239733,19.000958066239733,19.040913148871766,19.042159024029598,19.04364467615198,19.045388757567927,19.047418005018155,19.049796557801432,19.05282306513117,19.058238661845277,19.07278556110915,19.091952265729365,19.094946179632156,19.093237967251206,19.087710089545553,19.074216493518826,19.05795907763331,19.0468148114152,19.039935428660435,19.034834892911324,19.03039763019124,19.02625500219539,19.065060755730126,19.065060755730126,19.065060755730126,19.065060755730126,19.065060755730126,19.065060755730126,19.065060755730126,19.065060755730126,19.065060755730126,19.141240005367578,19.065060755730126,19.065060755730126,19.065060755730126,19.065060755730126,19.065060755730126,19.065060755730126,19.065060755730126,19.065060755730126,19.065060755730126,19.065060755730126,19.065060755730126,19.065060755730126,19.065060755730126,19.065060755730126,19.065060755730126,19.065060755730126,19.065060755730126,19.065060755730126,19.065060755730126,19.000958066239733
0.31818181818181823,19.000958066239733,19.000958066239733,19.000958066239733,19.000958066239733,19.000958066239733,19.000958066239733,19.000958066239733,19.000958066239733,19.000958066239733,19.000958066239733,19.000958066239733,19.000958066239733,19.000958066239733,19.000958066239733,19.000958066239733,19.000958066239733,19.000958066239733,19.000958066239733,19.000958066239733,19.000958066239733,19.000958066239733,19.000958066239733,19.000958066239733,19.000958066239733,19.000958066239733,19.000958066239733,19.000958066239733,19.000958066239733,19.000958066239733,19.000958066239733,19.000958066239733,19.000958066239733,19.000958066239733,19.000958066239733,19.000958066239733,19.000958066239733,19.000958066239733,19.000958066239733,19.000958066239733,19.000958066239733,19.000958066239733,19.000958066239733,19.000958066239733,19.000958066239733,19.000958066239733,19.000958066239733,19.000958066239733,19.000958066239733,19.000958066239733,19.000958066239733,19.03582287372852,19.03688803238408,19.038175279168748,19.03969980891066,19.0414802466963,19.0435429610984,19.045949524151254,19.04898139866997,19.054280135463458,19.068420053580102,19.087954776523052,19.091449806718796,19.089695492206147,19.083843503651398,19.069993303018293,19.053917976435997,19.043103711058357,19.036399983646216,19.03138297728619,19.02699657416506,19.065060755730126,19.065060755730126,19.065060755730126,19.065060755730126,19.065060755730126,19.065060755730126,19.065060755730126,19.065060755730126,19.141240005367578,19.141240005367578,19.065060755730126,19.065060755730126,19.065060755730126,19.065060755730126,19.065060755730126,19.065060755730126,19.065060755730126,19.065060755730126,19.065060755730126,19.065060755730126,19.065060755730126,19.065060755730126,19.065060755730126,19.065060755730126,19.065060755730126,19.065060755730126,19.065060755730126,19.065060755730126,18.140642311499114,19.000958066239733
0.3282828282828284,19.000958066239733,19.000958066239733,19.000958066239733,19.000958066239733,19.000958066239733,19.000958066239733,19.000958066239733,19.000958066239733,19.000958066239733,19.000958066239733,19.000958066239733,19.000958066239733,19.000958066239733,19.000958066239733,19.000958066239733,19.000958066239733,19.000958066239733,19.000958066239733,19.000958066239733,19.000958066239733,19.000958066239733,19.000958066239733,19.000958066239733,19.000958066239733,19.000958066239733,19.000958066239733,19.000958066239733,19.000958066239733,19.000958066239733,19.000958066239733,19.000958066239733,19.000958066239733,19.000958066239733,19.000958066239733,19.000958066239733,19.000958066239733,19.000958066239733,19.000958066239733,19.000958066239733,19.000958066239733,19.000958066239733,19.000958066239733,19.000958066239733,19.000958066239733,19.000958066239733,19.000958066239733,19.000958066239733,19.000958066239733,19.000958066239733,19.000958066239733,19.030935492926297,19.031835927021834,19.032943246408845,19.034270219855102,19.035832079422164,19.037647418740516,19.039742255221967,19.04217575098325,19.04521324927233,19.05040189753707,19.064136260554527,19.08399925632123,19.088013738949503,19.086206794364877,19.08001603957033,19.065827076214397,19.04995753849137,19.039466077814797,19.032929996769955,19.027992897502955,19.065060755730126,19.065060755730126,19.065060755730126,19.065060755730126,19.065060755730126,19.065060755730126,19.065060755730126,19.141240005367578,19.141240005367578,19.141240005367578,19.065060755730126,19.065060755730126,19.065060755730126,19.065060755730126,19.065060755730126,19.065060755730126,19.065060755730126,19.065060755730126,19.065060755730126,19.065060755730126,19.065060755730126,19.065060755730126,19.065060755730126,19.065060755730126,19.065060755730126,19.065060755730126,19.065060755730126,18.140642311499114,18.140642311499114,19.000958066239733
0.33838383838383845,19.000958066239733,19.000958066239733,19.000958066239733,19.000958066239733,19.000958066239733,19.000958066239733,19.000958066239733,19.000958066239733,19.000958066239733,19.000958066239733,19.000958066239733,19.000958066239733,19.000958066239733,19.000958066239733,19.000958066239733,19.000958066239733,19.000958066239733,19.000958066239733,19.000958066239733,19.000958066239733,19.000958066239733,19.000958066239733,19.000958066239733,19.000958066239733,19.000958066239733,19.000958066239733,19.000958066239733,19.000958066239733,19.000958066239733,19.000958066239733,19.000958066239733,19.000958066239733,19.000958066239733,19.000958066239733,19.000958066239733,19.000958066239733,19.000958066239733,19.000958066239733,19.000958066239733,19.000958066239733,19.000958066239733,19.000958066239733,19.000958066239733,19.000958066239733,19.000958066239733,19.000958066239733,19.000958066239733,19.000958066239733,19.000958066239733,19.000958066239733,19.02623549511276,19.02698511508139,19.027928444464372,19.02907626319721,19.030441400457246,19.03203911800059,19.03388797422465,19.036013651428366,19.038473049218958,19.041516393349823,19.04660141459239,19.059933270886532,19.08008363074671,19.084635581506742,19.08276925923686,19.07622562926488,19.061718040701802,19.04607616640421,19.03589968748647,19.0295235492183,19.065060755730126,19.065060755730126,19.065060755730126,19.065060755730126,19.065060755730126,19.065060755730126,19.141240005367578,19.141240005367578,19.141240005367578,19.141240005367578,19.065060755730126,19.065060755730126,19.065060755730126,19.065060755730126,19.065060755730126,19.065060755730126,19.065060755730126,19.065060755730126,19.065060755730126,19.065060755730126,19.065060755730126,19.065060755730126,19.065060755730126,19.065060755730126,19.065060755730126,19.065060755730126,18.140642311499114,18.140642311499114,18.140642311499114,19.000958066239733
0.3484848484848485,19.000958066239733,19.000958066239733,19.000958066239733,19.000958066239733,19.000958066239733,19.000958066239733,19.000958066239733,19.000958066239733,19.000958066239733,19.000958066239733,19.000958066239733,19.000958066239733,19.000958066239733,19.000958066239733,19.000958066239733,19.000958066239733,19.000958066239733,19.000958066239733,19.000958066239733,19.000958066239733,19.000958066239733,19.000958066239733,19.000958066239733,19.000958066239733,19.000958066239733,19.000958066239733,19.000958066239733,19.000958066239733,19.000958066239733,19.000958066239733,19.000958066239733,19.000958066239733,19.000958066239733,19.000958066239733,19.000958066239733,19.000958066239733,19.000958066239733,19.000958066239733,19.000958066239733,19.000958066239733,19.000958066239733,19.000958066239733,19.000958066239733,19.000958066239733,19.000958066239733,19.000958066239733,19.000958066239733,19.000958066239733,19.000958066239733,19.000958066239733,19.02170920987518,19.02232017494295,19.02311338318096,19.02409792915869,19.025284669095964,19.026686484227366,19.02831865912184,19.030199713554996,19.032355009847745,19.03483932318301,19.03788870283482,19.042876252711274,19.055810121415668,19.076206035635995,19.08131298998697,19.07938032331616,19.072470398007287,19.057666494818353,19.042272233993657,19.03240239373916,19.065060755730126,19.065060755730126,19.065060755730126,19.065060755730126,19.065060755730126,19.141240005367578,19.141240005367578,19.141240005367578,19.141240005367578,19.141240005367578,19.065060755730126,19.065060755730126,19.065060755730126,19.065060755730126,19.065060755730126,19.065060755730126,19.065060755730126,19.065060755730126,19.065060755730126,19.065060755730126,19.065060755730126,19.065060755730126,19.065060755730126,19.065060755730126,19.065060755730126,18.140642311499114,18.140642311499114,18.140642311499114,18.140642311499114,19.000958066239733
0.3585858585858587,19.000958066239733,19.000958066239733,19.000958066239733,19.000958066239733,19.000958066239733,19.000958066239733,19.000958066239733,19.000958066239733,19.000958066239733,19.000958066239733,19.000958066239733,19.000958066239733,19.000958066239733,19.000958066239733,19.000958066239733,19.000958066239733,19.000958066239733,19.000958066239733,19.000958066239733,19.000958066239733,19.000958066239733,19.000958066239733,19.000958066239733,19.000958066239733,19.000958066239733,19.000958066239733,19.000958066239733,19.000958066239733,19.000958066239733,19.000958066239733,19.000958066239733,19.000958066239733,19.000958066239733,19.000958066239733,19.000958066239733,19.000958066239733,19.000958066239733,19.000958066239733,19.000958066239733,19.000958066239733,19.000958066239733,19.000958066239733,19.000958066239733,19.000958066239733,19.000958066239733,19.000958066239733,19.000958066239733,19.000958066239733,19.000958066239733,19.000958066239733,19.017344533527993,19.01782751433475,19.0184827291875,19.019317828634694,19.0203419969895,19.021566157917974,19.023003237075898,19.0246685355566,19.026580531471406,19.028764281429865,19.031272565532472,19.03432814005016,19.039224073856776,19.051765793036402,19.072364821808595,19.078043665711984,19.076037472357726,19.06874867058488,19.053672783929667,19.038544091082883,19.065060755730126,19.065060755730126,19.065060755730126,19.065060755730126,19.141240005367578,19.141240005367578,19.141240005367578,19.141240005367578,19.141240005367578,19.141240005367578,19.065060755730126,19.065060755730126,19.065060755730126,19.065060755730126,19.065060755730126,19.065060755730126,19.065060755730126,19.065060755730126,19.065060755730126,19.065060755730126,19.065060755730126,19.065060755730126,19.065060755730126,19.065060755730126,18.140642311499114,18.140642311499114,18.140642311499114,18.140642311499114,18.140642311499114,19.000958066239733
0.36868686868686873,19.000958066239733,19.000958066239733,19.000958066239733,19.000958066239733,19.000958066239733,19.000958066239733,19.000958066239733,19.000958066239733,19.000958066239733,19.000958066239733,19.000958066239733,19.000958066239733,19.000958066239733,19.000958066239733,19.000958066239733,19.000958066239733,19.000958066239733,19.000958066239733,19.000958066239733,19.000958066239733,19.000958066239733,19.000958066239733,19.000958066239733,19.000958066239733,19.000958066239733,19.000958066239733,19.000958066239733,19.000958066239733,19.000958066239733,19.000958066239733,19.000958066239733,19.000958066239733,19.000958066239733,19.000958066239733,19.000958066239733,19.000958066239733,19.000958066239733,19.000958066239733,19.000958066239733,19.000958066239733,19.000958066239733,19.000958066239733,19.000958066239733,19.000958066239733,19.000958066239733,19.000958066239733,19.000958066239733,19.000958066239733,19.000958066239733,19.000958066239733,19.013130704035884,19.013495098058314,19.014022967042493,19.01472071508165,19.015596094495915,19.016658370054863,19.017918524788616,19.019389521785133,19.02108667291039,19.023028411877842,19.025239503028313,19.027770852523165,19.03083275290868,19.035642632274005,19.047799208794665,19.068558558841723,19.074825351440673,19.072738240442213,19.06505897676163,19.04973727770982,19.065060755730126,19.065060755730126,19.065060755730126,19.141240005367578,19.141240005367578,19.141240005367578,19.141240005367578,19.141240005367578,19.141240005367578,19.141240005367578,19.065060755730126,19.065060755730126,19.065060755730126,19.065060755730126,19.065060755730126,19.065060755730126,19.065060755730126,19.065060755730126,19.065060755730126,19.065060755730126,19.065060755730126,19.065060755730126,19.065060755730126,18.140642311499114,18.140642311499114,18.140642311499114,18.140642311499114,18.140642311499114,18.140642311499114,19.000958066239733
0.3787878787878789,19.000958066239733,19.000958066239733,19.000958066239733,19.000958066239733,19.000958066239733,19.000958066239733,19.000958066239733,19.000958066239733,19.000958066239733,19.000958066239733,19.000958066239733,19.000958066239733,19.000958066239733,19.000958066239733,19.000958066239733,19.000958066239733,19.000958066239733,19.000958066239733,19.000958066239733,19.000958066239733,19.000958066239733,19.000958066239733,19.000958066239733,19.000958066239733,19.000958066239733,19.000958066239733,19.000958066239733,19.000958066239733,19.000958066239733,19.000958066239733,19.000958066239733,19.000958066239733,19.000958066239733,19.000958066239733,19.000958066239733,19.000958066239733,19.000958066239733,19.000958066239733,19.000958066239733,19.000958066239733,19.000958066239733,19.000958066239733,19.000958066239733,19.000958066239733,19.000958066239733,19.000958066239733,19.000958066239733,19.000958066239733,19.000958066239733,19.000958066239733,19.009058114365025,19.009312224395646,19.009722128872305,19.010293148631657,19.011031800537246,19.011945928939113,19.013044870571022,19.0143396604275,19.015843292625288,19.017571084537195,19.01954142302154,19.021778792811666,19.02433233958678,19.027400670418263,19.032129770969107,19.043909233786113,19.06478603755519,19.071655827493828,19.069480209860995,19.06140005569999,19.065060755730126,19.065060755730126,19.141240005367578,19.141240005367578,19.141240005367578,19.141240005367578,19.141240005367578,19.141240005367578,19.141240005367578,19.141240005367578,19.065060755730126,19.065060755730126,19.065060755730126,19.065060755730126,19.065060755730126,19.065060755730126,19.065060755730126,19.065060755730126,19.065060755730126,19.065060755730126,19.065060755730126,19.065060755730126,18.140642311499114,18.140642311499114,18.140642311499114,18.140642311499114,18.140642311499114,18.140642311499114,18.140642311499114,19.000958066239733
0.38888888888888895,19.000958066239733,19.000958066239733,19.000958066239733,19.000958066239733,19.000958066239733,19.000958066239733,19.000958066239733,19.000958066239733,19.000958066239733,19.000958066239733,19.000958066239733,19.000958066239733,19.000958066239733,19.000958066239733,19.000958066239733,19.000958066239733,19.000958066239733,19.000958066239733,19.000958066239733,19.000958066239733,19.000958066239733,19.000958066239733,19.000958066239733,19.000958066239733,19.000958066239733,19.000958066239733,19.000958066239733,19.000958066239733,19.000958066239733,19.000958066239733,19.000958066239733,19.000958066239733,19.000958066239733,19.000958066239733,19.000958066239733,19.000958066239733,19.000958066239733,19.000958066239733,19.000958066239733,19.000958066239733,19.000958066239733,19.000958066239733,19.000958066239733,19.000958066239733,19.000958066239733,19.000958066239733,19.000958066239733,19.000958066239733,19.000958066239733,19.000958066239733,19.005118156705304,19.00526933965059,19.005569572247207,19.006023227619785,19.00663574961361,19.007413757652188,19.00836517921002,19.00949941521013,19.010827545829095,19.01236259033967,19.014119866796637,19.01611771299299,19.01838034597603,19.020955257194775,19.024030098469833,19.02868341827004,19.040094676618104,19.061046270927175,19.068532908309216,19.06626101185243,19.065060755730126,19.141240005367578,19.141240005367578,19.141240005367578,19.141240005367578,19.141240005367578,19.141240005367578,19.141240005367578,19.141240005367578,19.141240005367578,19.065060755730126,19.065060755730126,19.065060755730126,19.065060755730126,19.065060755730126,19.065060755730126,19.065060755730126,19.065060755730126,19.065060755730126,19.065060755730126,19.065060755730126,18.140642311499114,18.140642311499114,18.140642311499114,18.140642311499114,18.140642311499114,18.140642311499114,18.140642311499114,18.140642311499114,19.000958066239733
0.3989898989898991,19.000958066239733,19.000958066239733,19.000958066239733,19.000958066239733,19.000958066239733,19.000958066239733,19.000958066239733,19.000958066239733,19.000958066239733,19.000958066239733,19.000958066239733,19.000958066239733,19.000958066239733,19.000958066239733,19.000958066239733,19.000958066239733,19.000958066239733,19.000958066239733,19.000958066239733,19.000958066239733,19.000958066239733,19.000958066239733,19.000958066239733,19.000958066239733,19.000958066239733,19.000958066239733,19.000958066239733,19.000958066239733,19.000958066239733,19.000958066239733,19.000958066239733,19.000958066239733,19.000958066239733,19.000958066239733,19.000958066239733,19.000958066239733,19.000958066239733,19.000958066239733,19.000958066239733,19.000958066239733,19.000958066239733,19.000958066239733,19.000958066239733,19.000958066239733,19.000958066239733,19.000958066239733,19.000958066239733,19.000958066239733,19.000958066239733,19.000958066239733,19.001303091735704,19.00135788333823,19.00155579590128,19.00190036791428,19.002396105196677,19.003048563905164,19.003864456692977,19.004851786007546,19.006020009834504,19.007380247309204,19.0089455374693,19.01073119462701,19.012755505521525,19.015042430735605,19.017637906987094,19.020719315887835,19.025301584472636,19.036354292192645,19.05733849318785,19.06545443944913,19.141240005367578,19.141240005367578,19.141240005367578,19.141240005367578,19.141240005367578,19.141240005367578,19.141240005367578,19.141240005367578,19.141240005367578,19.141240005367578,19.065060755730126,19.065060755730126,19.065060755730126,19.065060755730126,19.065060755730126,19.065060755730126,19.065060755730126,19.065060755730126,19.065060755730126,19.065060755730126,18.140642311499114,18.140642311499114,18.140642311499114,18.140642311499114,18.140642311499114,18.140642311499114,18.140642311499114,18.140642311499114,18.140642311499114,19.000958066239733
0.40909090909090917,19.000958066239733,19.000958066239733,19.000958066239733,19.000958066239733,19.000958066239733,19.000958066239733,19.000958066239733,19.000958066239733,19.000958066239733,19.000958066239733,19.000958066239733,19.000958066239733,19.000958066239733,19.000958066239733,19.000958066239733,19.000958066239733,19.000958066239733,19.000958066239733,19.000958066239733,19.000958066239733,19.000958066239733,19.000958066239733,19.000958066239733,19.000958066239733,19.000958066239733,19.000958066239733,19.000958066239733,19.000958066239733,19.000958066239733,19.000958066239733,19.000958066239733,19.000958066239733,19.000958066239733,19.000958066239733,19.000958066239733,19.000958066239733,19.000958066239733,19.000958066239733,19.000958066239733,19.000958066239733,19.000958066239733,19.000958066239733,19.000958066239733,19.000958066239733,19.000958066239733,19.000958066239733,19.000958066239733,19.000958066239733,19.000958066239733,19.000958066239733,19.000958066239733,19.000958066239733,19.000958066239733,19.000958066239733,19.000958066239733,19.000958066239733,19.000958066239733,19.000958066239733,19.000958066239733,19.000958066239733,19.065060755730126,19.065060755730126,19.065060755730126,19.065060755730126,19.065060755730126,19.065060755730126,19.065060755730126,19.065060755730126,19.065060755730126,19.141240005367578,19.141240005367578,19.141240005367578,19.141240005367578,19.141240005367578,19.141240005367578,19.141240005367578,19.141240005367578,19.141240005367578,19.141240005367578,19.141240005367578,19.065060755730126,19.065060755730126,19.065060755730126,19.065060755730126,19.065060755730126,19.065060755730126,19.065060755730126,19.065060755730126,19.065060755730126,18.140642311499114,18.140642311499114,18.140642311499114,18.140642311499114,18.140642311499114,18.140642311499114,18.140642311499114,18.140642311499114,18.140642311499114,18.140642311499114,19.000958066239733
0.4191919191919192,19.000958066239733,19.000958066239733,19.000958066239733,19.000958066239733,19.000958066239733,19.000958066239733,19.000958066239733,19.000958066239733,19.000958066239733,19.000958066239733,19.000958066239733,19.000958066239733,19.000958066239733,19.000958066239733,19.000958066239733,19.000958066239733,19.000958066239733,19.000958066239733,19.000958066239733,19.000958066239733,19.000958066239733,19.000958066239733,19.000958066239733,19.000958066239733,19.000958066239733,19.000958066239733,19.000958066239733,19.000958066239733,19.000958066239733,19.000958066239733,19.000958066239733,19.000958066239733,19.000958066239733,19.000958066239733,19.000958066239733,19.000958066239733,19.000958066239733,19.000958066239733,19.000958066239733,19.000958066239733,19.000958066239733,19.000958066239733,19.000958066239733,19.000958066239733,19.000958066239733,19.000958066239733,19.000958066239733,19.000958066239733,19.000958066239733,19.000958066239733,19.000958066239733,19.000958066239733,19.000958066239733,19.000958066239733,19.000958066239733,19.000958066239733,19.000958066239733,19.000958066239733,19.000958066239733,19.000958066239733,19.065060755730126,19.065060755730126,19.065060755730126,19.065060755730126,19.065060755730126,19.065060755730126,19.065060755730126,19.065060755730126,19.141240005367578,19.141240005367578,19.141240005367578,19.141240005367578,19.141240005367578,19.141240005367578,19.141240005367578,19.141240005367578,19.141240005367578,19.141240005367578,19.141240005367578,19.141240005367578,19.065060755730126,19.065060755730126,19.065060755730126,19.065060755730126,19.065060755730126,19.065060755730126,19.065060755730126,19.065060755730126,18.140642311499114,18.140642311499114,18.140642311499114,18.140642311499114,18.140642311499114,18.140642311499114,18.140642311499114,18.140642311499114,18.140642311499114,18.140642311499114,18.140642311499114,19.000958066239733
0.4292929292929294,19.000958066239733,19.000958066239733,19.000958066239733,19.000958066239733,19.000958066239733,19.000958066239733,19.000958066239733,19.000958066239733,19.000958066239733,19.000958066239733,19.000958066239733,19.000958066239733,19.000958066239733,19.000958066239733,19.000958066239733,19.000958066239733,19.000958066239733,19.000958066239733,19.000958066239733,19.000958066239733,19.000958066239733,19.000958066239733,19.000958066239733,19.000958066239733,19.000958066239733,19.000958066239733,19.000958066239733,19.000958066239733,19.000958066239733,19.000958066239733,19.000958066239733,19.000958066239733,19.000958066239733,19.000958066239733,19.000958066239733,19.000958066239733,19.000958066239733,19.000958066239733,19.000958066239733,19.000958066239733,19.000958066239733,19.000958066239733,19.000958066239733,19.000958066239733,19.000958066239733,19.000958066239733,19.000958066239733,19.000958066239733,19.000958066239733,19.000958066239733,19.000958066239733,19.000958066239733,19.000958066239733,19.000958066239733,19.000958066239733,19.000958066239733,19.000958066239733,19.000958066239733,19.000958066239733,19.000958066239733,19.065060755730126,19.065060755730126,19.065060755730126,19.065060755730126,19.065060755730126,19.065060755730126,19.065060755730126,19.141240005367578,19.141240005367578,19.141240005367578,19.141240005367578,19.141240005367578,19.141240005367578,19.141240005367578,19.141240005367578,19.141240005367578,19.141240005367578,19.141240005367578,19.141240005367578,19.141240005367578,19.065060755730126,19.065060755730126,19.065060755730126,19.065060755730126,19.065060755730126,19.065060755730126,19.065060755730126,18.140642311499114,18.140642311499114,18.140642311499114,18.140642311499114,18.140642311499114,18.140642311499114,18.140642311499114,18.140642311499114,18.140642311499114,18.140642311499114,18.140642311499114,18.140642311499114,19.000958066239733
0.43939393939393945,19.000958066239733,19.000958066239733,19.000958066239733,19.000958066239733,19.000958066239733,19.000958066239733,19.000958066239733,19.000958066239733,19.000958066239733,19.000958066239733,19.000958066239733,19.000958066239733,19.000958066239733,19.000958066239733,19.000958066239733,19.000958066239733,19.000958066239733,19.000958066239733,19.000958066239733,19.000958066239733,19.000958066239733,19.000958066239733,19.000958066239733,19.000958066239733,19.000958066239733,19.000958066239733,19.000958066239733,19.000958066239733,19.000958066239733,19.000958066239733,19.000958066239733,19.000958066239733,19.000958066239733,19.000958066239733,19.000958066239733,19.000958066239733,19.000958066239733,19.000958066239733,19.000958066239733,19.000958066239733,19.000958066239733,19.000958066239733,19.000958066239733,19.000958066239733,19.000958066239733,19.000958066239733,19.000958066239733,19.000958066239733,19.000958066239733,19.000958066239733,19.000958066239733,19.000958066239733,19.000958066239733,19.000958066239733,19.000958066239733,19.000958066239733,19.000958066239733,19.000958066239733,19.000958066239733,19.000958066239733,19.065060755730126,19.065060755730126,19.065060755730126,19.065060755730126,19.065060755730126,19.065060755730126,19.141240005367578,19.141240005367578,19.141240005367578,19.141240005367578,19.141240005367578,19.141240005367578,19.141240005367578,19.141240005367578,19.141240005367578,19.141240005367578,19.141240005367578,19.141240005367578,19.141240005367578,19.141240005367578,19.065060755730126,19.065060755730126,19.065060755730126,19.065060755730126,19.065060755730126,19.065060755730126,18.140642311499114,18.140642311499114,18.140642311499114,18.140642311499114,18.140642311499114,18.140642311499114,18.140642311499114,18.140642311499114,18.140642311499114,18.140642311499114,18.140642311499114,18.140642311499114,18.140642311499114,19.000958066239733
0.4494949494949496,19.000958066239733,19.000958066239733,19.000958066239733,19.000958066239733,19.000958066239733,19.000958066239733,19.000958066239733,19.000958066239733,19.000958066239733,19.000958066239733,19.000958066239733,19.000958066239733,19.000958066239733,19.000958066239733,19.000958066239733,19.000958066239733,19.000958066239733,19.000958066239733,19.000958066239733,19.000958066239733,19.000958066239733,19.000958066239733,19.000958066239733,19.000958066239733,19.000958066239733,19.000958066239733,19.000958066239733,19.000958066239733,19.000958066239733,19.000958066239733,19.000958066239733,19.000958066239733,19.000958066239733,19.000958066239733,19.000958066239733,19.000958066239733,19.000958066239733,19.000958066239733,19.000958066239733,19.000958066239733,19.000958066239733,19.000958066239733,19.000958066239733,19.000958066239733,19.000958066239733,19.000958066239733,19.000958066239733,19.000958066239733,19.000958066239733,19.000958066239733,19.000958066239733,19.000958066239733,19.000958066239733,19.000958066239733,19.000958066239733,19.000958066239733,19.000958066239733,19.000958066239733,19.000958066239733,19.000958066239733,19.065060755730126,19.065060755730126,19.065060755730126,19.065060755730126,19.065060755730126,19.141240005367578,19.141240005367578,19.141240005367578,19.141240005367578,19.141240005367578,19.141240005367578,19.141240005367578,19.141240005367578,19.141240005367578,19.141240005367578,19.141240005367578,19.141240005367578,19.141240005367578,19.141240005367578,19.141240005367578,19.065060755730126,19.065060755730126,19.065060755730126,19.065060755730126,19.065060755730126,18.140642311499114,18.140642311499114,18.140642311499114,18.140642311499114,18.140642311499114,18.140642311499114,18.140642311499114,18.140642311499114,18.140642311499114,18.140642311499114,18.140642311499114,18.140642311499114,18.140642311499114,18.140642311499114,19.000958066239733
0.45959595959595967,19.000958066239733,19.000958066239733,19.000958066239733,19.000958066239733,19.000958066239733,19.000958066239733,19.000958066239733,19.000958066239733,19.000958066239733,19.000958066239733,19.000958066239733,19.000958066239733,19.000958066239733,19.000958066239733,19.000958066239733,19.000958066239733,19.000958066239733,19.000958066239733,19.000958066239733,19.000958066239733,19.000958066239733,19.000958066239733,19.000958066239733,19.000958066239733,19.000958066239733,19.000958066239733,19.000958066239733,19.000958066239733,19.000958066239733,19.000958066239733,19.000958066239733,19.000958066239733,19.000958066239733,19.000958066239733,19.000958066239733,19.000958066239733,19.000958066239733,19.000958066239733,19.000958066239733,19.000958066239733,19.000958066239733,19.000958066239733,19.000958066239733,19.000958066239733,19.000958066239733,19.000958066239733,19.000958066239733,19.000958066239733,19.000958066239733,19.000958066239733,19.000958066239733,19.000958066239733,19.000958066239733,19.000958066239733,19.000958066239733,19.000958066239733,19.000958066239733,19.000958066239733,19.000958066239733,19.000958066239733,19.065060755730126,19.065060755730126,19.065060755730126,19.065060755730126,19.141240005367578,19.141240005367578,19.141240005367578,19.141240005367578,19.141240005367578,19.141240005367578,19.141240005367578,19.141240005367578,19.141240005367578,19.141240005367578,19.141240005367578,19.141240005367578,19.141240005367578,19.141240005367578,19.141240005367578,19.141240005367578,19.065060755730126,19.065060755730126,19.065060755730126,19.065060755730126,18.140642311499114,18.140642311499114,18.140642311499114,18.140642311499114,18.140642311499114,18.140642311499114,18.140642311499114,18.140642311499114,18.140642311499114,18.140642311499114,18.140642311499114,18.140642311499114,18.140642311499114,18.140642311499114,18.140642311499114,19.000958066239733
0.4696969696969697,19.000958066239733,19.000958066239733,19.000958066239733,19.000958066239733,19.000958066239733,19.000958066239733,19.000958066239733,19.000958066239733,19.000958066239733,19.000958066239733,19.000958066239733,19.000958066239733,19.000958066239733,19.000958066239733,19.000958066239733,19.000958066239733,19.000958066239733,19.000958066239733,19.000958066239733,19.000958066239733,19.000958066239733,19.000958066239733,19.000958066239733,19.000958066239733,19.000958066239733,19.000958066239733,19.000958066239733,19.000958066239733,19.000958066239733,19.000958066239733,19.000958066239733,19.000958066239733,19.000958066239733,19.000958066239733,19.000958066239733,19.000958066239733,19.000958066239733,19.000958066239733,19.000958066239733,19.000958066239733,19.000958066239733,19.000958066239733,19.000958066239733,19.000958066239733,19.000958066239733,19.000958066239733,19.000958066239733,19.000958066239733,19.000958066239733,19.000958066239733,19.000958066239733,19.000958066239733,19.000958066239733,19.000958066239733,19.000958066239733,19.000958066239733,19.000958066239733,19.000958066239733,19.000958066239733,19.000958066239733,19.065060755730126,19.065060755730126,19.065060755730126,19.141240005367578,19.141240005367578,19.141240005367578,19.141240005367578,19.141240005367578,19.141240005367578,19.141240005367578,19.141240005367578,19.141240005367578,19.141240005367578,19.141240005367578,19.141240005367578,19.141240005367578,19.141240005367578,19.141240005367578,19.141240005367578,19.141240005367578,19.065060755730126,19.065060755730126,19.065060755730126,18.140642311499114,18.140642311499114,18.140642311499114,18.140642311499114,18.140642311499114,18.140642311499114,18.140642311499114,18.140642311499114,18.140642311499114,18.140642311499114,18.140642311499114,18.140642311499114,18.140642311499114,18.140642311499114,18.140642311499114,18.140642311499114,19.000958066239733
0.4797979797979799,19.000958066239733,19.000958066239733,19.000958066239733,19.000958066239733,19.000958066239733,19.000958066239733,19.000958066239733,19.000958066239733,19.000958066239733,19.000958066239733,19.000958066239733,19.000958066239733,19.000958066239733,19.000958066239733,19.000958066239733,19.000958066239733,19.000958066239733,19.000958066239733,19.000958066239733,19.000958066239733,19.000958066239733,19.000958066239733,19.000958066239733,19.000958066239733,19.000958066239733,19.000958066239733,19.000958066239733,19.000958066239733,19.000958066239733,19.000958066239733,19.000958066239733,19.000958066239733,19.000958066239733,19.000958066239733,19.000958066239733,19.000958066239733,19.000958066239733,19.000958066239733,19.000958066239733,19.000958066239733,19.000958066239733,19.000958066239733,19.000958066239733,19.000958066239733,19.000958066239733,19.000958066239733,19.000958066239733,19.000958066239733,19.000958066239733,19.000958066239733,19.000958066239733,19.000958066239733,19.000958066239733,19.000958066239733,19.000958066239733,19.000958066239733,19.000958066239733,19.000958066239733,19.000958066239733,19.000958066239733,19.065060755730126,19.065060755730126,19.141240005367578,19.141240005367578,19.141240005367578,19.141240005367578,19.141240005367578,19.141240005367578,19.141240005367578,19.141240005367578,19.141240005367578,19.141240005367578,19.141240005367578,19.141240005367578,19.141240005367578,19.141240005367578,19.141240005367578,19.141240005367578,19.141240005367578,19.141240005367578,19.065060755730126,19.065060755730126,18.140642311499114,18.140642311499114,18.140642311499114,18.140642311499114,18.140642311499114,18.140642311499114,18.140642311499114,18.140642311499114,18.140642311499114,18.140642311499114,18.140642311499114,18.140642311499114,18.140642311499114,18.140642311499114,18.140642311499114,18.140642311499114,18.140642311499114,19.000958066239733
0.48989898989898994,19.000958066239733,19.000958066239733,19.000958066239733,19.000958066239733,19.000958066239733,19.000958066239733,19.000958066239733,19.000958066239733,19.000958066239733,19.000958066239733,19.000958066239733,19.000958066239733,19.000958066239733,19.000958066239733,19.000958066239733,19.000958066239733,19.000958066239733,19.000958066239733,19.000958066239733,19.000958066239733,19.000958066239733,19.000958066239733,19.000958066239733,19.000958066239733,19.000958066239733,19.000958066239733,19.000958066239733,19.000958066239733,19.000958066239733,19.000958066239733,19.000958066239733,19.000958066239733,19.000958066239733,19.000958066239733,19.000958066239733,19.000958066239733,19.000958066239733,19.000958066239733,19.000958066239733,19.000958066239733,19.000958066239733,19.000958066239733,19.000958066239733,19.000958066239733,19.000958066239733,19.000958066239733,19.000958066239733,19.000958066239733,19.000958066239733,19.000958066239733,19.000958066239733,19.000958066239733,19.000958066239733,19.000958066239733,19.000958066239733,19.000958066239733,19.000958066239733,19.000958066239733,19.000958066239733,19.000958066239733,19.065060755730126,19.141240005367578,19.141240005367578,19.141240005367578,19.141240005367578,19.141240005367578,19.141240005367578,19.141240005367578,19.141240005367578,19.141240005367578,19.141240005367578,19.141240005367578,19.141240005367578,19.141240005367578,19.141240005367578,19.141240005367578,19.141240005367578,19.141240005367578,19.141240005367578,19.141240005367578,19.065060755730126,18.140642311499114,18.140642311499114,18.140642311499114,18.140642311499114,18.140642311499114,18.140642311499114,18.140642311499114,18.140642311499114,18.140642311499114,18.140642311499114,18.140642311499114,18.140642311499114,18.140642311499114,18.140642311499114,18.140642311499114,18.140642311499114,18.140642311499114,18.140642311499114,19.000958066239733
0.5,19.116190969440662,19.116190969440662,19.116190969440662,19.116190969440662,19.116190969440662,19.116190969440662,19.116190969440662,19.116190969440662,19.116190969440662,19.116190969440662,19.116190969440662,19.116190969440662,19.116190969440662,19.116190969440662,19.116190969440662,19.116190969440662,19.116190969440662,19.116190969440662,19.116190969440662,19.116190969440662,19.116190969440662,19.116190969440662,19.116190969440662,19.116190969440662,19.116190969440662,19.116190969440662,19.116190969440662,19.116190969440662,19.116190969440662,19.116190969440662,19.116190969440662,19.116190969440662,19.116190969440662,19.116190969440662,19.116190969440662,19.116190969440662,19.116190969440662,19.116190969440662,19.116190969440662,19.116190969440662,19.116190969440662,19.116190969440662,19.116190969440662,19.116190969440662,19.116190969440662,19.116190969440662,19.116190969440662,19.116190969440662,19.116190969440662,19.116190969440662,19.116190969440662,19.116190969440662,19.116190969440662,19.116190969440662,19.116190969440662,19.116190969440662,19.116190969440662,19.116190969440662,19.116190969440662,19.116190969440662,19.19237042770327,19.19237042770327,19.19237042770327,19.19237042770327,19.19237042770327,19.19237042770327,19.19237042770327,19.19237042770327,19.19237042770327,19.19237042770327,19.19237042770327,19.19237042770327,19.19237042770327,19.19237042770327,19.19237042770327,19.19237042770327,19.19237042770327,19.19237042770327,19.19237042770327,19.19237042770327,18.19177257404772,18.19177257404772,18.19177257404772,18.19177257404772,18.19177257404772,18.19177257404772,18.19177257404772,18.19177257404772,18.19177257404772,18.19177257404772,18.19177257404772,18.19177257404772,18.19177257404772,18.19177257404772,18.19177257404772,18.19177257404772,18.19177257404772,18.19177257404772,18.19177257404772,19.116190969440662
