,-0.5,-0.4898989898989899,-0.4797979797979798,-0.4696969696969697,-0.4595959595959596,-0.4494949494949495,-0.4393939393939394,-0.4292929292929293,-0.41919191919191917,-0.40909090909090906,-0.398989898989899,-0.3888888888888889,-0.3787878787878788,-0.3686868686868687,-0.35858585858585856,-0.3484848484848485,-0.33838383838383834,-0.3282828282828283,-0.3181818181818182,-0.30808080808080807,-0.29797979797979796,-0.28787878787878785,-0.2777777777777778,-0.2676767676767676,-0.25757575757575757,-0.24747474747474746,-0.23737373737373735,-0.22727272727272724,-0.21717171717171713,-0.20707070707070707,-0.19696969696969696,-0.18686868686868685,-0.17676767676767674,-0.16666666666666663,-0.15656565656565652,-0.1464646464646464,-0.13636363636363635,-0.12626262626262624,-0.11616161616161613,-0.10606060606060602,-0.09595959595959591,-0.0858585858585858,-0.07575757575757575,-0.06565656565656564,-0.055555555555555525,-0.045454545454545414,-0.035353535353535304,-0.025252525252525193,-0.015151515151515138,-0.0050505050505050275,0.005050505050505083,0.015151515151515249,0.025252525252525304,0.03535353535353536,0.045454545454545525,0.05555555555555558,0.06565656565656575,0.0757575757575758,0.08585858585858586,0.09595959595959602,0.10606060606060608,0.11616161616161624,0.1262626262626263,0.13636363636363646,0.14646464646464652,0.15656565656565657,0.16666666666666674,0.1767676767676768,0.18686868686868696,0.19696969696969702,0.20707070707070718,0.21717171717171724,0.2272727272727273,0.23737373737373746,0.24747474747474751,0.2575757575757577,0.26767676767676774,0.2777777777777778,0.28787878787878796,0.297979797979798,0.3080808080808082,0.31818181818181823,0.3282828282828284,0.33838383838383845,0.3484848484848485,0.3585858585858587,0.36868686868686873,0.3787878787878789,0.38888888888888895,0.3989898989898991,0.40909090909090917,0.4191919191919192,0.4292929292929294,0.43939393939393945,0.4494949494949496,0.45959595959595967,0.4696969696969697,0.4797979797979799,0.48989898989898994,0.5
-0.5,19.116190829464262,19.116190829464262,19.116190829464262,19.116190829464262,19.116190829464262,19.116190829464262,19.116190829464262,19.116190829464262,19.116190829464262,19.116190829464262,19.116190829464262,19.116190829464262,19.116190829464262,19.116190829464262,19.116190829464262,19.116190829464262,19.116190829464262,19.116190829464262,19.116190829464262,19.116190829464262,19.116190829464262,19.116190829464262,19.116190829464262,19.116190829464262,19.116190829464262,19.116190829464262,19.116190829464262,19.116190829464262,19.116190829464262,19.116190829464262,19.116190829464262,19.116190829464262,19.116190829464262,19.116190829464262,19.116190829464262,19.116190829464262,19.116190829464262,19.116190829464262,19.116190829464262,19.116190829464262,19.116190829464262,19.116190829464262,19.116190829464262,19.116190829464262,19.116190829464262,19.116190829464262,19.116190829464262,19.116190829464262,19.116190829464262,19.116190829464262,19.116190829464262,19.116190829464262,19.116190829464262,19.116190829464262,19.116190829464262,19.116190829464262,19.116190829464262,19.116190829464262,19.116190829464262,19.116190829464262,19.192367946573242,19.192367946573242,19.192367946573242,19.192367946573242,19.192367946573242,19.192367946573242,19.192367946573242,19.192367946573242,19.192367946573242,19.192367946573242,19.192367946573242,19.192367946573242,19.192367946573242,19.192367946573242,19.192367946573242,19.192367946573242,19.192367946573242,19.192367946573242,19.192367946573242,19.192367946573242,18.191772569862277,18.191772569862277,18.191772569862277,18.191772569862277,18.191772569862277,18.191772569862277,18.191772569862277,18.191772569862277,18.191772569862277,18.191772569862277,18.191772569862277,18.191772569862277,18.191772569862277,18.191772569862277,18.191772569862277,18.191772569862277,18.191772569862277,18.191772569862277,18.191772569862277,19.116190829464262
-0.4898989898989899,19.116190829464262,19.116190829464262,19.116190829464262,19.116190829464262,19.116190829464262,19.116190829464262,19.116190829464262,19.116190829464262,19.116190829464262,19.116190829464262,19.116190829464262,19.116190829464262,19.116190829464262,19.116190829464262,19.116190829464262,19.116190829464262,19.116190829464262,19.116190829464262,19.116190829464262,19.116190829464262,19.116190829464262,19.116190829464262,19.116190829464262,19.116190829464262,19.116190829464262,19.116190829464262,19.116190829464262,19.116190829464262,19.116190829464262,19.116190829464262,19.116190829464262,19.116190829464262,19.116190829464262,19.116190829464262,19.116190829464262,19.116190829464262,19.116190829464262,19.116190829464262,19.116190829464262,19.116190829464262,19.116190829464262,19.116190829464262,19.116190829464262,19.116190829464262,19.116190829464262,19.116190829464262,19.116190829464262,19.116190829464262,19.116190829464262,19.116190829464262,19.116190829464262,19.116190829464262,19.116190829464262,19.116190829464262,19.116190829464262,19.116190829464262,19.116190829464262,19.116190829464262,19.116190829464262,19.192367946573242,19.192367946573242,19.192367946573242,19.192367946573242,19.192367946573242,19.192367946573242,19.192367946573242,19.192367946573242,19.192367946573242,19.192367946573242,19.192367946573242,19.192367946573242,19.192367946573242,19.192367946573242,19.192367946573242,19.192367946573242,19.192367946573242,19.192367946573242,19.192367946573242,19.192367946573242,17.30388635833971,18.191772569862277,18.191772569862277,18.191772569862277,18.191772569862277,18.191772569862277,18.191772569862277,18.191772569862277,18.191772569862277,18.191772569862277,18.191772569862277,18.191772569862277,18.191772569862277,18.191772569862277,18.191772569862277,18.191772569862277,18.191772569862277,18.191772569862277,18.191772569862277,18.191772569862277,19.116190829464262
-0.4797979797979798,19.116190829464262,19.116190829464262,19.116190829464262,19.116190829464262,19.116190829464262,19.116190829464262,19.116190829464262,19.116190829464262,19.116190829464262,19.116190829464262,19.116190829464262,19.116190829464262,19.116190829464262,19.116190829464262,19.116190829464262,19.116190829464262,19.116190829464262,19.116190829464262,19.116190829464262,19.116190829464262,19.116190829464262,19.116190829464262,19.116190829464262,19.116190829464262,19.116190829464262,19.116190829464262,19.116190829464262,19.116190829464262,19.116190829464262,19.116190829464262,19.116190829464262,19.116190829464262,19.116190829464262,19.116190829464262,19.116190829464262,19.116190829464262,19.116190829464262,19.116190829464262,19.116190829464262,19.116190829464262,19.116190829464262,19.116190829464262,19.116190829464262,19.116190829464262,19.116190829464262,19.116190829464262,19.116190829464262,19.116190829464262,19.116190829464262,19.116190829464262,19.116190829464262,19.116190829464262,19.116190829464262,19.116190829464262,19.116190829464262,19.116190829464262,19.116190829464262,19.116190829464262,19.192367946573242,19.192367946573242,19.192367946573242,19.192367946573242,19.192367946573242,19.192367946573242,19.192367946573242,19.192367946573242,19.192367946573242,19.192367946573242,19.192367946573242,19.192367946573242,19.192367946573242,19.192367946573242,19.192367946573242,19.192367946573242,19.192367946573242,19.192367946573242,19.192367946573242,19.192367946573242,17.30388635833971,17.30388635833971,18.191772569862277,18.191772569862277,18.191772569862277,18.191772569862277,18.191772569862277,18.191772569862277,18.191772569862277,18.191772569862277,18.191772569862277,18.191772569862277,18.191772569862277,18.191772569862277,18.191772569862277,18.191772569862277,18.191772569862277,18.191772569862277,18.191772569862277,18.154995043499035,18.154995043499035,19.116190829464262
-0.4696969696969697,19.116190829464262,19.116190829464262,19.116190829464262,19.116190829464262,19.116190829464262,19.116190829464262,19.116190829464262,19.116190829464262,19.116190829464262,19.116190829464262,19.116190829464262,19.116190829464262,19.116190829464262,19.116190829464262,19.116190829464262,19.116190829464262,19.116190829464262,19.116190829464262,19.116190829464262,19.116190829464262,19.116190829464262,19.116190829464262,19.116190829464262,19.116190829464262,19.116190829464262,19.116190829464262,19.116190829464262,19.116190829464262,19.116190829464262,19.116190829464262,19.116190829464262,19.116190829464262,19.116190829464262,19.116190829464262,19.116190829464262,19.116190829464262,19.116190829464262,19.116190829464262,19.116190829464262,19.116190829464262,19.116190829464262,19.116190829464262,19.116190829464262,19.116190829464262,19.116190829464262,19.116190829464262,19.116190829464262,19.116190829464262,19.116190829464262,19.116190829464262,19.116190829464262,19.116190829464262,19.116190829464262,19.116190829464262,19.116190829464262,19.116190829464262,19.116190829464262,19.192367946573242,19.192367946573242,19.192367946573242,19.192367946573242,19.192367946573242,19.192367946573242,19.192367946573242,19.192367946573242,19.192367946573242,19.192367946573242,19.192367946573242,19.192367946573242,19.192367946573242,19.192367946573242,19.192367946573242,19.192367946573242,19.192367946573242,19.192367946573242,19.192367946573242,19.192367946573242,17.30388635833971,17.30388635833971,17.30388635833971,18.191772569862277,18.191772569862277,18.191772569862277,18.191772569862277,18.191772569862277,18.191772569862277,18.191772569862277,18.191772569862277,18.191772569862277,18.191772569862277,18.191772569862277,18.191772569862277,18.191772569862277,18.191772569862277,18.191772569862277,18.191772569862277,18.191772569862277,18.154995043499035,18.154995043499035,19.116190829464262
-0.4595959595959596,19.116190829464262,19.116190829464262,19.116190829464262,19.116190829464262,19.116190829464262,19.116190829464262,19.116190829464262,19.116190829464262,19.116190829464262,19.116190829464262,19.116190829464262,19.116190829464262,19.116190829464262,19.116190829464262,19.116190829464262,19.116190829464262,19.116190829464262,19.116190829464262,19.116190829464262,19.116190829464262,19.116190829464262,19.116190829464262,19.116190829464262,19.116190829464262,19.116190829464262,19.116190829464262,19.116190829464262,19.116190829464262,19.116190829464262,19.116190829464262,19.116190829464262,19.116190829464262,19.116190829464262,19.116190829464262,19.116190829464262,19.116190829464262,19.116190829464262,19.116190829464262,19.116190829464262,19.116190829464262,19.116190829464262,19.116190829464262,19.116190829464262,19.116190829464262,19.116190829464262,19.116190829464262,19.116190829464262,19.116190829464262,19.116190829464262,19.116190829464262,19.116190829464262,19.116190829464262,19.116190829464262,19.116190829464262,19.116190829464262,19.116190829464262,19.192367946573242,19.192367946573242,19.192367946573242,19.192367946573242,19.192367946573242,19.192367946573242,19.192367946573242,19.192367946573242,19.192367946573242,19.192367946573242,19.192367946573242,19.192367946573242,19.192367946573242,19.192367946573242,19.192367946573242,19.192367946573242,19.192367946573242,19.192367946573242,19.192367946573242,19.192367946573242,17.30388635833971,17.30388635833971,17.30388635833971,17.30388635833971,18.191772569862277,18.191772569862277,18.191772569862277,18.191772569862277,18.191772569862277,18.191772569862277,18.191772569862277,18.191772569862277,18.191772569862277,18.191772569862277,18.191772569862277,18.191772569862277,18.191772569862277,18.191772569862277,18.191772569862277,18.191772569862277,18.154995043499035,18.154995043499035,18.154995043499035,19.116190829464262
-0.4494949494949495,19.116190829464262,19.116190829464262,19.116190829464262,19.116190829464262,19.116190829464262,19.116190829464262,19.116190829464262,19.116190829464262,19.116190829464262,19.116190829464262,19.116190829464262,19.116190829464262,19.116190829464262,19.116190829464262,19.116190829464262,19.116190829464262,19.116190829464262,19.116190829464262,19.116190829464262,19.116190829464262,19.116190829464262,19.116190829464262,19.116190829464262,19.116190829464262,19.116190829464262,19.116190829464262,19.116190829464262,19.116190829464262,19.116190829464262,19.116190829464262,19.116190829464262,19.116190829464262,19.116190829464262,19.116190829464262,19.116190829464262,19.116190829464262,19.116190829464262,19.116190829464262,19.116190829464262,19.116190829464262,19.116190829464262,19.116190829464262,19.116190829464262,19.116190829464262,19.116190829464262,19.116190829464262,19.116190829464262,19.116190829464262,19.116190829464262,19.116190829464262,19.116190829464262,19.116190829464262,19.116190829464262,19.116190829464262,19.116190829464262,19.192367946573242,19.192367946573242,19.192367946573242,19.192367946573242,19.192367946573242,19.192367946573242,19.192367946573242,19.192367946573242,19.192367946573242,19.192367946573242,19.192367946573242,19.192367946573242,19.192367946573242,19.192367946573242,19.192367946573242,19.192367946573242,19.192367946573242,19.192367946573242,19.192367946573242,19.192367946573242,17.30388635833971,17.30388635833971,17.30388635833971,17.30388635833971,17.30388635833971,18.191772569862277,18.191772569862277,18.191772569862277,18.191772569862277,18.191772569862277,18.191772569862277,18.191772569862277,18.191772569862277,18.191772569862277,18.191772569862277,18.191772569862277,18.191772569862277,18.191772569862277,18.191772569862277,18.154995043499035,18.154995043499035,18.154995043499035,18.154995043499035,18.154995043499035,19.116190829464262
-0.4393939393939394,19.116190829464262,19.116190829464262,19.116190829464262,19.116190829464262,19.116190829464262,19.116190829464262,19.116190829464262,19.116190829464262,19.116190829464262,19.116190829464262,19.116190829464262,19.116190829464262,19.116190829464262,19.116190829464262,19.116190829464262,19.116190829464262,19.116190829464262,19.116190829464262,19.116190829464262,19.116190829464262,19.116190829464262,19.116190829464262,19.116190829464262,19.116190829464262,19.116190829464262,19.116190829464262,19.116190829464262,19.116190829464262,19.116190829464262,19.116190829464262,19.116190829464262,19.116190829464262,19.116190829464262,19.116190829464262,19.116190829464262,19.116190829464262,19.116190829464262,19.116190829464262,19.116190829464262,19.116190829464262,19.116190829464262,19.116190829464262,19.116190829464262,19.116190829464262,19.116190829464262,19.116190829464262,19.116190829464262,19.116190829464262,19.116190829464262,19.116190829464262,19.116190829464262,19.116190829464262,19.116190829464262,19.116190829464262,19.192367946573242,19.192367946573242,19.192367946573242,19.192367946573242,19.192367946573242,19.192367946573242,19.192367946573242,19.192367946573242,19.192367946573242,19.192367946573242,19.192367946573242,19.192367946573242,19.192367946573242,19.192367946573242,19.192367946573242,19.192367946573242,19.192367946573242,19.192367946573242,19.192367946573242,19.192367946573242,17.30388635833971,17.30388635833971,17.30388635833971,17.30388635833971,17.30388635833971,17.30388635833971,18.191772569862277,18.191772569862277,18.191772569862277,18.191772569862277,18.191772569862277,18.191772569862277,18.191772569862277,18.191772569862277,18.191772569862277,18.191772569862277,18.191772569862277,18.191772569862277,18.191772569862277,18.154995043499035,18.154995043499035,18.154995043499035,18.154995043499035,18.154995043499035,18.154995043499035,19.116190829464262
-0.4292929292929293,19.116190829464262,19.116190829464262,19.116190829464262,19.116190829464262,19.116190829464262,19.116190829464262,19.116190829464262,19.116190829464262,19.116190829464262,19.116190829464262,19.116190829464262,19.116190829464262,19.116190829464262,19.116190829464262,19.116190829464262,19.116190829464262,19.116190829464262,19.116190829464262,19.116190829464262,19.116190829464262,19.116190829464262,19.116190829464262,19.116190829464262,19.116190829464262,19.116190829464262,19.116190829464262,19.116190829464262,19.116190829464262,19.116190829464262,19.116190829464262,19.116190829464262,19.116190829464262,19.116190829464262,19.116190829464262,19.116190829464262,19.116190829464262,19.116190829464262,19.116190829464262,19.116190829464262,19.116190829464262,19.116190829464262,19.116190829464262,19.116190829464262,19.116190829464262,19.116190829464262,19.116190829464262,19.116190829464262,19.116190829464262,19.116190829464262,19.116190829464262,19.116190829464262,19.116190829464262,19.116190829464262,19.192367946573242,19.192367946573242,19.192367946573242,19.192367946573242,19.192367946573242,19.192367946573242,19.192367946573242,19.192367946573242,19.192367946573242,19.192367946573242,19.192367946573242,19.192367946573242,19.192367946573242,19.192367946573242,19.192367946573242,19.192367946573242,19.192367946573242,19.192367946573242,19.192367946573242,19.192367946573242,17.30388635833971,17.30388635833971,17.30388635833971,17.30388635833971,17.30388635833971,17.30388635833971,17.30388635833971,18.191772569862277,18.191772569862277,18.191772569862277,18.191772569862277,18.191772569862277,18.191772569862277,18.191772569862277,18.191772569862277,18.191772569862277,18.191772569862277,18.191772569862277,18.191772569862277,18.191772569862277,18.154995043499035,18.154995043499035,18.154995043499035,18.154995043499035,18.154995043499035,18.154995043499035,19.116190829464262
-0.41919191919191917,19.116190829464262,19.116190829464262,19.116190829464262,19.116190829464262,19.116190829464262,19.116190829464262,19.116190829464262,19.116190829464262,19.116190829464262,19.116190829464262,19.116190829464262,19.116190829464262,19.116190829464262,19.116190829464262,19.116190829464262,19.116190829464262,19.116190829464262,19.116190829464262,19.116190829464262,19.116190829464262,19.116190829464262,19.116190829464262,19.116190829464262,19.116190829464262,19.116190829464262,19.116190829464262,19.116190829464262,19.116190829464262,19.116190829464262,19.116190829464262,19.116190829464262,19.116190829464262,19.116190829464262,19.116190829464262,19.116190829464262,19.116190829464262,19.116190829464262,19.116190829464262,19.116190829464262,19.116190829464262,19.116190829464262,19.116190829464262,19.116190829464262,19.116190829464262,19.116190829464262,19.116190829464262,19.116190829464262,19.116190829464262,19.116190829464262,19.116190829464262,19.116190829464262,19.116190829464262,19.192367946573242,19.192367946573242,19.192367946573242,19.192367946573242,19.192367946573242,19.192367946573242,19.192367946573242,19.192367946573242,19.192367946573242,19.192367946573242,19.192367946573242,19.192367946573242,19.192367946573242,19.192367946573242,19.192367946573242,19.192367946573242,19.192367946573242,19.192367946573242,19.192367946573242,19.192367946573242,17.30388635833971,17.30388635833971,17.30388635833971,17.30388635833971,17.30388635833971,17.30388635833971,17.30388635833971,17.30388635833971,18.191772569862277,18.191772569862277,18.191772569862277,18.191772569862277,18.191772569862277,18.191772569862277,18.191772569862277,18.191772569862277,18.191772569862277,18.191772569862277,18.191772569862277,18.191772569862277,18.154995043499035,18.154995043499035,18.154995043499035,18.154995043499035,18.154995043499035,18.154995043499035,18.154995043499035,19.116190829464262
-0.40909090909090906,19.116190829464262,19.116190829464262,19.116190829464262,19.116190829464262,19.116190829464262,19.116190829464262,19.116190829464262,19.116190829464262,19.116190829464262,19.116190829464262,19.116190829464262,19.116190829464262,19.116190829464262,19.116190829464262,19.116190829464262,19.116190829464262,19.116190829464262,19.116190829464262,19.116190829464262,19.116190829464262,19.116190829464262,19.116190829464262,19.116190829464262,19.116190829464262,19.116190829464262,19.116190829464262,19.116190829464262,19.116190829464262,19.116190829464262,19.116190829464262,19.116190829464262,19.116190829464262,19.116190829464262,19.116190829464262,19.116190829464262,19.116190829464262,19.116190829464262,19.116190829464262,19.116190829464262,19.116190829464262,19.116190829464262,19.116190829464262,19.116190829464262,19.116190829464262,19.116190829464262,19.116190829464262,19.116190829464262,19.116190829464262,19.116190829464262,19.116190829464262,19.116190829464262,19.192367946573242,19.192367946573242,19.192367946573242,19.192367946573242,19.192367946573242,19.192367946573242,19.192367946573242,19.192367946573242,19.192367946573242,19.192367946573242,19.192367946573242,19.192367946573242,19.192367946573242,19.192367946573242,19.192367946573242,19.192367946573242,19.192367946573242,19.192367946573242,19.192367946573242,19.192367946573242,17.30388635833971,17.30388635833971,17.30388635833971,17.30388635833971,17.30388635833971,17.30388635833971,17.30388635833971,17.30388635833971,17.30388635833971,18.191772569862277,18.191772569862277,18.191772569862277,18.191772569862277,18.191772569862277,18.191772569862277,18.191772569862277,18.191772569862277,18.191772569862277,18.191772569862277,18.154995043499035,18.154995043499035,18.154995043499035,18.154995043499035,18.154995043499035,18.154995043499035,18.154995043499035,18.154995043499035,18.154995043499035,19.116190829464262
-0.398989898989899,19.116190829464262,19.116190829464262,19.116190829464262,19.116190829464262,19.116190829464262,19.116190829464262,19.116190829464262,19.116190829464262,19.116190829464262,19.116190829464262,19.116190829464262,19.116190829464262,19.116190829464262,19.116190829464262,19.116190829464262,19.116190829464262,19.116190829464262,19.116190829464262,19.116190829464262,19.116190829464262,19.116190829464262,19.116190829464262,19.116190829464262,19.116190829464262,19.116190829464262,19.116190829464262,19.116190829464262,19.116190829464262,19.116190829464262,19.116190829464262,19.116190829464262,19.116190829464262,19.116190829464262,19.116190829464262,19.116190829464262,19.116190829464262,19.116190829464262,19.116190829464262,19.116190829464262,19.116190829464262,19.116190829464262,19.116190829464262,19.116190829464262,19.116190829464262,19.116190829464262,19.116190829464262,19.116190829464262,19.116190829464262,19.116190829464262,19.116190829464262,19.192367946573242,19.192367946573242,19.192367946573242,19.192367946573242,19.192367946573242,19.192367946573242,19.192367946573242,19.192367946573242,19.192367946573242,19.192367946573242,19.192367946573242,19.192367946573242,19.192367946573242,19.192367946573242,19.192367946573242,19.192367946573242,19.192367946573242,19.192367946573242,19.192367946573242,19.192367946573242,17.30388635833971,17.30388635833971,17.30388635833971,17.30388635833971,17.30388635833971,17.30388635833971,17.30388635833971,17.30388635833971,17.30388635833971,17.30388635833971,18.191772569862277,18.191772569862277,18.191772569862277,18.191772569862277,18.191772569862277,18.191772569862277,18.191772569862277,18.191772569862277,18.191772569862277,18.191772569862277,18.154995043499035,18.154995043499035,18.154995043499035,18.154995043499035,18.154995043499035,18.154995043499035,18.154995043499035,18.154995043499035,18.154995043499035,19.116190829464262
-0.3888888888888889,19.116190829464262,19.116190829464262,19.116190829464262,19.116190829464262,19.116190829464262,19.116190829464262,19.116190829464262,19.116190829464262,19.116190829464262,19.116190829464262,19.116190829464262,19.116190829464262,19.116190829464262,19.116190829464262,19.116190829464262,19.116190829464262,19.116190829464262,19.116190829464262,19.116190829464262,19.116190829464262,19.116190829464262,19.116190829464262,19.116190829464262,19.116190829464262,19.116190829464262,19.116190829464262,19.116190829464262,19.116190829464262,19.116190829464262,19.116190829464262,19.104947013655757,19.116190829464262,19.116190829464262,19.116190829464262,19.116190829464262,19.116190829464262,19.116190829464262,19.116190829464262,19.116190829464262,19.116190829464262,19.116190829464262,19.116190829464262,19.116190829464262,19.116190829464262,19.116190829464262,19.116190829464262,19.116190829464262,19.116190829464262,19.116190829464262,19.192367946573242,19.205845801163072,19.192367946573242,19.192367946573242,19.192367946573242,19.192367946573242,19.192367946573242,19.192367946573242,19.192367946573242,19.192367946573242,19.192367946573242,19.192367946573242,19.192367946573242,19.192367946573242,19.192367946573242,19.192367946573242,19.192367946573242,19.192367946573242,19.192367946573242,19.192367946573242,17.30388635833971,17.30388635833971,17.30388635833971,17.30388635833971,17.30388635833971,17.30388635833971,17.30388635833971,17.30388635833971,17.30388635833971,17.30388635833971,17.30388635833971,18.191772569862277,18.191772569862277,18.191772569862277,18.191772569862277,18.191772569862277,18.191772569862277,18.191772569862277,18.191772569862277,18.191772569862277,18.154995043499035,18.154995043499035,18.154995043499035,18.154995043499035,18.154995043499035,18.154995043499035,18.154995043499035,18.154995043499035,18.154995043499035,18.154995043499035,19.116190829464262
-0.3787878787878788,19.116190829464262,19.116190829464262,19.116190829464262,19.116190829464262,19.116190829464262,19.116190829464262,19.116190829464262,19.116190829464262,19.116190829464262,19.116190829464262,19.116190829464262,19.116190829464262,19.116190829464262,19.116190829464262,19.116190829464262,19.116190829464262,19.116190829464262,19.116190829464262,19.116190829464262,19.116190829464262,19.116190829464262,19.116190829464262,19.116190829464262,19.116190829464262,19.116190829464262,19.116190829464262,19.116190829464262,19.116190829464262,19.116190829464262,19.116190829464262,19.099315062721377,19.086865015611036,19.116190829464262,19.116190829464262,19.116190829464262,19.116190829464262,19.116190829464262,19.116190829464262,19.116190829464262,19.116190829464262,19.116190829464262,19.116190829464262,19.116190829464262,19.116190829464262,19.116190829464262,19.116190829464262,19.116190829464262,19.116190829464262,19.192367946573242,19.192367946573242,19.218556337537112,19.220159225278515,19.192367946573242,19.192367946573242,19.192367946573242,19.192367946573242,19.192367946573242,19.192367946573242,19.192367946573242,19.192367946573242,19.192367946573242,19.192367946573242,19.192367946573242,19.192367946573242,19.192367946573242,19.192367946573242,19.192367946573242,19.192367946573242,17.30388635833971,17.30388635833971,17.30388635833971,17.30388635833971,17.30388635833971,17.30388635833971,17.30388635833971,17.30388635833971,17.30388635833971,17.30388635833971,17.30388635833971,17.30388635833971,18.191772569862277,18.191772569862277,18.191772569862277,18.191772569862277,18.191772569862277,18.191772569862277,18.191772569862277,18.154995043499035,18.154995043499035,18.154995043499035,18.154995043499035,18.154995043499035,18.154995043499035,18.154995043499035,18.154995043499035,18.154995043499035,18.154995043499035,18.154995043499035,18.154995043499035,19.116190829464262
-0.3686868686868687,19.116190829464262,19.116190829464262,19.116190829464262,19.116190829464262,19.116190829464262,19.116190829464262,19.116190829464262,19.116190829464262,19.116190829464262,19.116190829464262,19.116190829464262,19.116190829464262,19.116190829464262,19.116190829464262,19.116190829464262,19.116190829464262,19.116190829464262,19.116190829464262,19.116190829464262,19.116190829464262,19.116190829464262,19.116190829464262,19.116190829464262,19.116190829464262,19.116190829464262,19.116190829464262,19.116190829464262,19.116190829464262,19.116190829464262,19.116190829464262,19.09445368196614,19.082510006204465,19.071181967807664,19.116190829464262,19.116190829464262,19.116190829464262,19.116190829464262,19.116190829464262,19.116190829464262,19.116190829464262,19.116190829464262,19.116190829464262,19.116190829464262,19.116190829464262,19.116190829464262,19.116190829464262,19.116190829464262,19.192367946573242,19.192367946573242,19.192367946573242,19.231926794847794,19.23399234679467,19.23648821708491,19.192367946573242,19.192367946573242,19.192367946573242,19.192367946573242,19.192367946573242,19.192367946573242,19.192367946573242,19.192367946573242,19.192367946573242,19.192367946573242,19.192367946573242,19.192367946573242,19.192367946573242,19.192367946573242,17.30388635833971,17.30388635833971,17.30388635833971,17.30388635833971,17.30388635833971,17.30388635833971,17.30388635833971,17.30388635833971,17.30388635833971,17.30388635833971,17.30388635833971,17.30388635833971,17.30388635833971,18.191772569862277,18.191772569862277,18.191772569862277,18.191772569862277,18.191772569862277,18.191772569862277,18.154995043499035,18.154995043499035,18.154995043499035,18.154995043499035,18.154995043499035,18.154995043499035,18.154995043499035,18.154995043499035,18.154995043499035,18.154995043499035,18.154995043499035,18.154995043499035,18.154995043499035,19.116190829464262
-0.35858585858585856,19.116190829464262,19.116190829464262,19.116190829464262,19.116190829464262,19.116190829464262,19.116190829464262,19.116190829464262,19.116190829464262,19.116190829464262,19.116190829464262,19.116190829464262,19.116190829464262,19.116190829464262,19.116190829464262,19.116190829464262,19.116190829464262,19.116190829464262,19.116190829464262,19.116190829464262,19.116190829464262,19.116190829464262,19.116190829464262,19.116190829464262,19.116190829464262,19.116190829464262,19.116190829464262,19.116190829464262,19.116190829464262,19.116190829464262,19.116190829464262,19.09037626244032,19.07895855608373,19.068170568390112,19.05801207332525,19.116190829464262,19.116190829464262,19.116190829464262,19.116190829464262,19.116190829464262,19.116190829464262,19.116190829464262,19.116190829464262,19.116190829464262,19.116190829464262,19.116190829464262,19.116190829464262,19.192367946573242,19.192367946573242,19.192367946573242,19.192367946573242,19.24599466037468,19.24855154093064,19.251560230417414,19.255034985494557,19.192367946573242,19.192367946573242,19.192367946573242,19.192367946573242,19.192367946573242,19.192367946573242,19.192367946573242,19.192367946573242,19.192367946573242,19.192367946573242,19.192367946573242,19.192367946573242,17.30388635833971,17.30388635833971,17.30388635833971,17.30388635833971,17.30388635833971,17.30388635833971,17.30388635833971,17.30388635833971,17.30388635833971,17.30388635833971,17.30388635833971,17.30388635833971,17.30388635833971,17.30388635833971,18.191772569862277,18.191772569862277,18.191772569862277,18.191772569862277,18.191772569862277,18.191772569862277,18.154995043499035,18.154995043499035,18.154995043499035,18.154995043499035,18.154995043499035,18.154995043499035,18.154995043499035,18.154995043499035,18.154995043499035,18.154995043499035,18.154995043499035,18.154995043499035,18.154995043499035,19.116190829464262
-0.3484848484848485,19.116190829464262,19.116190829464262,19.116190829464262,19.116190829464262,19.116190829464262,19.116190829464262,19.116190829464262,19.116190829464262,19.116190829464262,19.116190829464262,19.116190829464262,19.116190829464262,19.116190829464262,19.116190829464262,19.116190829464262,19.116190829464262,19.116190829464262,19.116190829464262,19.116190829464262,19.116190829464262,19.116190829464262,19.116190829464262,19.116190829464262,19.116190829464262,19.116190829464262,19.116190829464262,19.116190829464262,19.116190829464262,19.116190829464262,19.116190829464262,19.08710692297286,19.076243432686045,19.066031452051234,19.05647814971166,19.04759846826806,19.116190829464262,19.116190829464262,19.116190829464262,19.116190829464262,19.116190829464262,19.116190829464262,19.116190829464262,19.116190829464262,19.116190829464262,19.116190829464262,19.192367946573242,19.192367946573242,19.192367946573242,19.192367946573242,19.192367946573242,19.26080141408912,19.263881341726762,19.267436931786435,19.271484282948936,19.27604098516814,19.192367946573242,19.192367946573242,19.192367946573242,19.192367946573242,19.192367946573242,19.192367946573242,19.192367946573242,19.192367946573242,19.192367946573242,19.192367946573242,17.30388635833971,17.30388635833971,17.30388635833971,17.30388635833971,17.30388635833971,17.30388635833971,17.30388635833971,17.30388635833971,17.30388635833971,17.30388635833971,17.30388635833971,17.30388635833971,17.30388635833971,17.30388635833971,17.30388635833971,18.191772569862277,18.191772569862277,18.191772569862277,18.191772569862277,18.191772569862277,18.154995043499035,18.154995043499035,18.154995043499035,18.154995043499035,18.154995043499035,18.154995043499035,18.154995043499035,18.154995043499035,18.154995043499035,18.154995043499035,18.154995043499035,18.154995043499035,18.154995043499035,18.154995043499035,19.116190829464262
-0.33838383838383834,19.116190829464262,19.116190829464262,19.116190829464262,19.116190829464262,19.116190829464262,19.116190829464262,19.116190829464262,19.116190829464262,19.116190829464262,19.116190829464262,19.116190829464262,19.116190829464262,19.116190829464262,19.116190829464262,19.116190829464262,19.116190829464262,19.116190829464262,19.116190829464262,19.116190829464262,19.116190829464262,19.116190829464262,19.116190829464262,19.116190829464262,19.116190829464262,19.116190829464262,19.116190829464262,19.116190829464262,19.116190829464262,19.116190829464262,19.116190829464262,19.08468345186384,19.07441395904921,19.064828277425566,19.055943709214738,19.04778803965591,19.040402238223226,19.116190829464262,19.116190829464262,19.116190829464262,19.116190829464262,19.116190829464262,19.116190829464262,19.116190829464262,19.116190829464262,19.192367946573242,19.192367946573242,19.192367946573242,19.192367946573242,19.192367946573242,19.192367946573242,19.276393055910503,19.280031222103375,19.284171600198196,19.288832396205038,19.294033519201996,19.29979674920747,19.192367946573242,19.192367946573242,19.192367946573242,19.192367946573242,19.192367946573242,19.192367946573242,19.192367946573242,19.192367946573242,17.30388635833971,17.30388635833971,17.30388635833971,17.30388635833971,17.30388635833971,17.30388635833971,17.30388635833971,17.30388635833971,17.30388635833971,17.30388635833971,17.30388635833971,17.30388635833971,17.30388635833971,17.30388635833971,17.30388635833971,17.30388635833971,18.191772569862277,18.191772569862277,18.191772569862277,18.154995043499035,18.154995043499035,18.154995043499035,18.154995043499035,18.154995043499035,18.154995043499035,18.154995043499035,18.154995043499035,18.154995043499035,18.154995043499035,18.154995043499035,18.154995043499035,18.154995043499035,18.154995043499035,18.154995043499035,18.154995043499035,19.116190829464262
-0.3282828282828283,19.116190829464262,19.116190829464262,19.116190829464262,19.116190829464262,19.116190829464262,19.116190829464262,19.116190829464262,19.116190829464262,19.116190829464262,19.116190829464262,19.116190829464262,19.116190829464262,19.116190829464262,19.116190829464262,19.116190829464262,19.116190829464262,19.116190829464262,19.116190829464262,19.116190829464262,19.116190829464262,19.116190829464262,19.116190829464262,19.116190829464262,19.116190829464262,19.116190829464262,19.116190829464262,19.116190829464262,19.116190829464262,19.116190829464262,19.116190829464262,19.083161672540694,19.073541804857115,19.064652828665466,19.056526468574397,19.049209324028457,19.042767454944364,19.037293153926754,19.116190829464262,19.116190829464262,19.116190829464262,19.116190829464262,19.116190829464262,19.116190829464262,19.192367946573242,19.192367946573242,19.192367946573242,19.192367946573242,19.192367946573242,19.192367946573242,19.192367946573242,19.292820723352293,19.29705628488935,19.301823696732928,19.30714358655103,19.313038537193208,19.319533287840848,19.32665496269596,19.192367946573242,19.192367946573242,19.192367946573242,19.192367946573242,19.192367946573242,19.192367946573242,17.30388635833971,17.30388635833971,17.30388635833971,17.30388635833971,17.30388635833971,17.30388635833971,17.30388635833971,17.30388635833971,17.30388635833971,17.30388635833971,17.30388635833971,17.30388635833971,17.30388635833971,17.30388635833971,17.30388635833971,17.30388635833971,17.30388635833971,18.191772569862277,18.191772569862277,18.191772569862277,18.154995043499035,18.154995043499035,18.154995043499035,18.154995043499035,18.154995043499035,18.154995043499035,18.154995043499035,18.154995043499035,18.154995043499035,18.154995043499035,18.154995043499035,18.154995043499035,18.154995043499035,18.154995043499035,18.154995043499035,18.154995043499035,19.116190829464262
-0.3181818181818182,19.116190829464262,19.116190829464262,19.116190829464262,19.116190829464262,19.116190829464262,19.116190829464262,19.116190829464262,19.116190829464262,19.116190829464262,19.116190829464262,19.116190829464262,19.116190829464262,19.116190829464262,19.116190829464262,19.116190829464262,19.116190829464262,19.116190829464262,19.116190829464262,19.116190829464262,19.116190829464262,19.116190829464262,19.116190829464262,19.116190829464262,19.116190829464262,19.116190829464262,19.116190829464262,19.116190829464262,19.116190829464262,19.116190829464262,19.116190829464262,19.082622034017913,19.07372987174006,19.065637162711493,19.05839699974006,19.052084734559667,19.046806055634665,19.0427093121995,19.04000485449595,19.116190829464262,19.116190829464262,19.116190829464262,19.116190829464262,19.192367946573242,19.192367946573242,19.192367946573242,19.192367946573242,19.192367946573242,19.192367946573242,19.192367946573242,19.192367946573242,19.310141418239485,19.31501807851352,19.320459782270547,19.32648995315479,19.333134271610255,19.34042091680209,19.348380841410517,19.357048080273028,19.192367946573242,19.192367946573242,19.192367946573242,19.192367946573242,17.30388635833971,17.30388635833971,17.30388635833971,17.30388635833971,17.30388635833971,17.30388635833971,17.30388635833971,17.30388635833971,17.30388635833971,17.30388635833971,17.30388635833971,17.30388635833971,17.30388635833971,17.30388635833971,17.30388635833971,17.30388635833971,17.30388635833971,17.30388635833971,18.191772569862277,18.191772569862277,18.154995043499035,18.154995043499035,18.154995043499035,18.154995043499035,18.154995043499035,18.154995043499035,18.154995043499035,18.154995043499035,18.154995043499035,18.154995043499035,18.154995043499035,18.154995043499035,18.154995043499035,18.154995043499035,18.154995043499035,18.154995043499035,18.154995043499035,19.116190829464262
-0.30808080808080807,19.116190829464262,19.116190829464262,19.116190829464262,19.116190829464262,19.116190829464262,19.116190829464262,19.116190829464262,19.116190829464262,19.116190829464262,19.116190829464262,19.116190829464262,19.116190829464262,19.116190829464262,19.116190829464262,19.116190829464262,19.116190829464262,19.116190829464262,19.116190829464262,19.116190829464262,19.116190829464262,19.116190829464262,19.116190829464262,19.116190829464262,19.116190829464262,19.116190829464262,19.116190829464262,19.116190829464262,19.116190829464262,19.116190829464262,19.116190829464262,19.083179799044526,19.07512631367865,19.067973234512163,19.061806739084336,19.05674825973332,19.05296944608386,19.050715994311677,19.05034700678854,19.052402852422087,19.116190829464262,19.116190829464262,19.192367946573242,19.192367946573242,19.192367946573242,19.192367946573242,19.192367946573242,19.192367946573242,19.192367946573242,19.192367946573242,19.192367946573242,19.328418865766555,19.33398556454377,19.340154609893663,19.346952669420812,19.3544090296248,19.36255588572792,19.371428662924558,19.381066342234764,19.391511666018197,19.192367946573242,19.192367946573242,17.30388635833971,17.30388635833971,17.30388635833971,17.30388635833971,17.30388635833971,17.30388635833971,17.30388635833971,17.30388635833971,17.30388635833971,17.30388635833971,17.30388635833971,17.30388635833971,17.30388635833971,17.30388635833971,17.30388635833971,17.30388635833971,17.30388635833971,17.30388635833971,17.30388635833971,18.154995043499035,18.154995043499035,18.154995043499035,18.154995043499035,18.154995043499035,18.154995043499035,18.154995043499035,18.154995043499035,18.154995043499035,18.154995043499035,18.154995043499035,18.154995043499035,18.154995043499035,18.154995043499035,18.154995043499035,18.154995043499035,18.154995043499035,18.154995043499035,18.154995043499035,19.116190829464262
-0.29797979797979796,19.951029098459845,19.951029098459845,19.951029098459845,19.951029098459845,19.951029098459845,19.951029098459845,19.951029098459845,19.951029098459845,19.951029098459845,19.951029098459845,19.951029098459845,19.951029098459845,19.951029098459845,19.951029098459845,19.951029098459845,19.951029098459845,19.951029098459845,19.951029098459845,19.951029098459845,19.951029098459845,19.951029098459845,19.951029098459845,19.951029098459845,19.951029098459845,19.951029098459845,19.951029098459845,19.951029098459845,19.951029098459845,19.951029098459845,19.951029098459845,19.481624040603293,19.474570208350038,19.4685686614391,19.463759426641094,19.460341995014254,19.458604898361678,19.45897546629976,19.46210744626562,19.46904355754155,19.48153486329554,19.588990710163504,19.588990710163504,19.588990710163504,19.588990710163504,19.588990710163504,19.588990710163504,19.588990710163504,19.588990710163504,19.588990710163504,19.588990710163504,19.34772453503019,19.35403627115907,19.360992431615895,19.368623465518837,19.376962872331,19.386047531258935,19.39591800102765,19.406618555540472,19.41819601397839,19.43069365931943,17.30388635833971,17.30388635833971,17.30388635833971,17.30388635833971,17.30388635833971,17.30388635833971,17.30388635833971,17.30388635833971,17.30388635833971,17.30388635833971,17.30388635833971,17.30388635833971,17.30388635833971,17.30388635833971,17.30388635833971,17.30388635833971,17.30388635833971,17.30388635833971,17.30388635833971,17.26710883197647,18.593210548904352,18.593210548904352,18.593210548904352,18.593210548904352,18.593210548904352,18.593210548904352,18.593210548904352,18.593210548904352,18.593210548904352,18.593210548904352,18.593210548904352,18.593210548904352,18.593210548904352,18.593210548904352,18.593210548904352,18.593210548904352,18.593210548904352,18.593210548904352,18.593210548904352,19.951029098459845
-0.28787878787878785,19.951029098459845,19.951029098459845,19.951029098459845,19.951029098459845,19.951029098459845,19.951029098459845,19.951029098459845,19.951029098459845,19.951029098459845,19.951029098459845,19.951029098459845,19.951029098459845,19.951029098459845,19.951029098459845,19.951029098459845,19.951029098459845,19.951029098459845,19.951029098459845,19.951029098459845,19.951029098459845,19.951029098459845,19.951029098459845,19.951029098459845,19.951029098459845,19.951029098459845,19.951029098459845,19.951029098459845,19.951029098459845,19.951029098459845,19.951029098459845,19.484953431429865,19.47913956054501,19.474613941406997,19.47160953842582,19.47046717529023,19.47169900596371,19.476102811699484,19.48497938291121,19.500570954436014,19.526998034073277,19.572351958431078,19.588990710163504,19.588990710163504,19.588990710163504,19.588990710163504,19.588990710163504,19.588990710163504,19.588990710163504,19.588990710163504,19.588990710163504,19.36813885752531,19.37525767467201,19.383068565628516,19.391606397619853,19.40090956353067,19.411020215413302,19.421983968352325,19.43384734921065,19.44664622131721,18.49629540049528,18.510656307720136,17.30388635833971,17.30388635833971,17.30388635833971,17.30388635833971,17.30388635833971,17.30388635833971,17.30388635833971,17.30388635833971,17.30388635833971,17.30388635833971,17.30388635833971,17.30388635833971,17.30388635833971,17.30388635833971,17.30388635833971,17.30388635833971,17.30388635833971,17.30388635833971,17.26710883197647,18.593210548904352,18.593210548904352,18.593210548904352,18.593210548904352,18.593210548904352,18.593210548904352,18.593210548904352,18.593210548904352,18.593210548904352,18.593210548904352,18.593210548904352,18.593210548904352,18.593210548904352,18.593210548904352,18.593210548904352,18.593210548904352,18.593210548904352,18.593210548904352,18.501624428515303,19.951029098459845
-0.2777777777777778,19.951029098459845,19.951029098459845,19.951029098459845,19.951029098459845,19.951029098459845,19.951029098459845,19.951029098459845,19.951029098459845,19.951029098459845,19.951029098459845,19.951029098459845,19.951029098459845,19.951029098459845,19.951029098459845,19.951029098459845,19.951029098459845,19.951029098459845,19.951029098459845,19.951029098459845,19.951029098459845,19.951029098459845,19.951029098459845,19.951029098459845,19.951029098459845,19.951029098459845,19.951029098459845,19.951029098459845,19.951029098459845,19.951029098459845,19.951029098459845,19.490159275198728,19.48595803489198,19.483428292897436,19.482975209931006,19.485217373550213,19.4911375012357,19.502376510620074,19.52184230098772,19.55504019083151,19.61306522756777,19.718678181902057,19.897186018831082,19.588990710163504,19.588990710163504,19.588990710163504,19.588990710163504,19.588990710163504,19.588990710163504,19.588990710163504,19.588990710163504,19.389752687953923,19.397748854988137,19.40649125251366,19.41601983588464,19.426378309592103,19.437613202341264,19.44976876861487,19.462865361460405,18.512749707771896,18.527009424732253,18.539281865552685,18.5406054400269,17.30388635833971,17.30388635833971,17.30388635833971,17.30388635833971,17.30388635833971,17.30388635833971,17.30388635833971,17.30388635833971,17.30388635833971,17.30388635833971,17.30388635833971,17.30388635833971,17.30388635833971,17.30388635833971,17.30388635833971,17.30388635833971,17.26710883197647,17.26710883197647,18.593210548904352,18.593210548904352,18.593210548904352,18.593210548904352,18.593210548904352,18.593210548904352,18.593210548904352,18.593210548904352,18.593210548904352,18.593210548904352,18.593210548904352,18.593210548904352,18.593210548904352,18.593210548904352,18.593210548904352,18.593210548904352,18.593210548904352,18.501624428515303,18.501624428515303,19.951029098459845
-0.2676767676767676,19.951029098459845,19.951029098459845,19.951029098459845,19.951029098459845,19.951029098459845,19.951029098459845,19.951029098459845,19.951029098459845,19.951029098459845,19.951029098459845,19.951029098459845,19.951029098459845,19.951029098459845,19.951029098459845,19.951029098459845,19.951029098459845,19.951029098459845,19.951029098459845,19.951029098459845,19.951029098459845,19.951029098459845,19.951029098459845,19.951029098459845,19.951029098459845,19.951029098459845,19.951029098459845,19.951029098459845,19.951029098459845,19.951029098459845,19.951029098459845,19.497819407609878,19.49583822507393,19.496189218550743,19.499625842738716,19.507370953117242,19.521519269533133,19.545891841777973,19.587937625202343,19.662957276071584,19.80049487627861,19.905181332414994,20.52687149510362,21.75857535158252,19.588990710163504,19.588990710163504,19.588990710163504,19.588990710163504,19.588990710163504,19.588990710163504,19.588990710163504,19.41266904969725,19.421622427806913,19.431383618054774,19.441997728855686,19.453511336990008,19.465962713704034,19.479341832522547,18.529368925955943,18.543130969087617,18.55233879687296,18.54106816266836,18.457728194922,18.20293248496387,17.30388635833971,17.30388635833971,17.30388635833971,17.30388635833971,17.30388635833971,17.30388635833971,17.30388635833971,17.30388635833971,17.30388635833971,17.30388635833971,17.30388635833971,17.30388635833971,17.30388635833971,17.26710883197647,17.26710883197647,17.26710883197647,17.26710883197647,18.593210548904352,18.593210548904352,18.593210548904352,18.593210548904352,18.593210548904352,18.593210548904352,18.593210548904352,18.593210548904352,18.593210548904352,18.593210548904352,18.593210548904352,18.593210548904352,18.593210548904352,18.593210548904352,18.593210548904352,18.593210548904352,18.501624428515303,18.501624428515303,18.501624428515303,19.951029098459845
-0.25757575757575757,19.951029098459845,19.951029098459845,19.951029098459845,19.951029098459845,19.951029098459845,19.951029098459845,19.951029098459845,19.951029098459845,19.951029098459845,19.951029098459845,19.951029098459845,19.951029098459845,19.951029098459845,19.951029098459845,19.951029098459845,19.951029098459845,19.951029098459845,19.951029098459845,19.951029098459845,19.951029098459845,19.951029098459845,19.951029098459845,19.951029098459845,19.951029098459845,19.951029098459845,19.951029098459845,19.951029098459845,19.951029098459845,19.951029098459845,19.951029098459845,19.50888732264884,19.510182799830556,19.51504343182796,19.525007580535984,19.54278299211646,19.573457586834397,19.627221338258906,19.725070519398678,19.896979309014327,19.341813623164317,21.079240678314772,22.292568566658336,22.905912694324677,22.61507963655568,19.588990710163504,19.588990710163504,19.588990710163504,19.588990710163504,19.588990710163504,19.588990710163504,19.43700511707576,19.447006357813013,19.457883948694704,19.469682844449224,19.482428459056607,19.496053154506193,18.546044218478286,18.558577679691815,18.56192486184284,18.52852522361771,18.381611627720435,18.041559156576138,17.66969684211968,17.4708458493392,17.30388635833971,17.30388635833971,17.30388635833971,17.30388635833971,17.30388635833971,17.30388635833971,17.30388635833971,17.30388635833971,17.30388635833971,17.30388635833971,17.30388635833971,17.30388635833971,17.26710883197647,17.26710883197647,17.26710883197647,17.26710883197647,18.593210548904352,18.593210548904352,18.593210548904352,18.593210548904352,18.593210548904352,18.593210548904352,18.593210548904352,18.593210548904352,18.593210548904352,18.593210548904352,18.593210548904352,18.593210548904352,18.593210548904352,18.593210548904352,18.593210548904352,18.501624428515303,18.501624428515303,18.501624428515303,18.501624428515303,19.951029098459845
-0.24747474747474746,19.951029098459845,19.951029098459845,19.951029098459845,19.951029098459845,19.951029098459845,19.951029098459845,19.951029098459845,19.951029098459845,19.951029098459845,19.951029098459845,19.951029098459845,19.951029098459845,19.951029098459845,19.951029098459845,19.951029098459845,19.951029098459845,19.951029098459845,19.951029098459845,19.951029098459845,19.951029098459845,19.951029098459845,19.951029098459845,19.951029098459845,19.951029098459845,19.951029098459845,19.951029098459845,19.951029098459845,19.951029098459845,19.951029098459845,19.951029098459845,19.52504665773871,19.531620380343572,19.544312692454902,19.56666964992907,19.605553638522753,19.675006035387547,19.8028622398349,19.95785184267713,20.37779729208671,21.633238646194222,22.70230211869079,22.86483494377932,22.37835396287209,21.822461057434914,21.36925639845447,19.588990710163504,19.588990710163504,19.588990710163504,19.588990710163504,19.588990710163504,19.462893644377736,19.474042299718516,19.48613086963661,19.49915926181629,19.5129524695836,18.56257128948275,18.572544273966173,18.565116944204906,18.49467038960196,18.263854029490346,17.873028638900042,17.569749284676377,17.438653977392676,17.391615814327952,17.37165256537074,17.30388635833971,17.30388635833971,17.30388635833971,17.30388635833971,17.30388635833971,17.30388635833971,17.30388635833971,17.30388635833971,17.30388635833971,17.26710883197647,17.26710883197647,17.26710883197647,17.26710883197647,17.26710883197647,17.26710883197647,18.593210548904352,18.593210548904352,18.593210548904352,18.593210548904352,18.593210548904352,18.593210548904352,18.593210548904352,18.593210548904352,18.593210548904352,18.593210548904352,18.593210548904352,18.593210548904352,18.593210548904352,18.593210548904352,18.501624428515303,18.501624428515303,18.501624428515303,18.501624428515303,18.501624428515303,19.951029098459845
-0.23737373737373735,19.951029098459845,19.951029098459845,19.951029098459845,19.951029098459845,19.951029098459845,19.951029098459845,19.951029098459845,19.951029098459845,19.951029098459845,19.951029098459845,19.951029098459845,19.951029098459845,19.951029098459845,19.951029098459845,19.951029098459845,19.951029098459845,19.951029098459845,19.951029098459845,19.951029098459845,19.951029098459845,19.951029098459845,19.951029098459845,19.951029098459845,19.951029098459845,19.951029098459845,19.951029098459845,19.951029098459845,19.951029098459845,19.951029098459845,19.951029098459845,19.54954851364855,19.56563509713273,19.59385916410209,19.64358384548816,19.734135917345725,19.89715774129364,19.453709278927462,20.961201339340782,22.183117406224184,22.911015981264235,22.696699628078186,22.134933168895465,21.618907718940495,21.213767232559995,20.899759259306556,20.65155476063104,19.588990710163504,19.588990710163504,19.588990710163504,19.588990710163504,19.49047763839252,19.50285590607543,19.51613715358052,19.529948268896664,18.578572983303857,18.583588304493183,18.557036298317556,18.429034200052048,18.109472649346557,17.725729672066695,17.505589722183934,17.422086570127817,17.390958900260717,17.3755128327466,17.36449692414938,17.354768731952273,17.30388635833971,17.30388635833971,17.30388635833971,17.30388635833971,17.30388635833971,17.30388635833971,17.30388635833971,17.26710883197647,17.26710883197647,17.26710883197647,17.26710883197647,17.26710883197647,17.26710883197647,17.26710883197647,18.593210548904352,18.593210548904352,18.593210548904352,18.593210548904352,18.593210548904352,18.593210548904352,18.593210548904352,18.593210548904352,18.593210548904352,18.593210548904352,18.593210548904352,18.593210548904352,18.593210548904352,18.501624428515303,18.501624428515303,18.501624428515303,18.501624428515303,18.501624428515303,18.501624428515303,19.951029098459845
-0.22727272727272724,19.951029098459845,19.951029098459845,19.951029098459845,19.951029098459845,19.951029098459845,19.951029098459845,19.951029098459845,19.951029098459845,19.951029098459845,19.951029098459845,19.951029098459845,19.951029098459845,19.951029098459845,19.951029098459845,19.951029098459845,19.951029098459845,19.951029098459845,19.951029098459845,19.951029098459845,19.951029098459845,19.951029098459845,19.951029098459845,19.951029098459845,19.951029098459845,19.951029098459845,19.951029098459845,19.951029098459845,19.951029098459845,19.951029098459845,19.951029098459845,19.589439458110988,19.625283109743826,19.689491531690024,19.80806015860842,19.982555711675747,20.190629268951277,21.509467229613715,22.636335034872804,22.916336789135443,22.46797633842762,21.904761338950088,21.437862483336964,21.076152919957515,20.793764825387232,20.568111204446964,20.383476950527736,20.22924214149078,19.588990710163504,19.588990710163504,19.588990710163504,19.519853369368814,19.533323441522775,19.546867637633675,18.593361753238337,18.589180015864205,18.530136566775298,18.32284380625489,17.94017378660127,17.61560884195923,17.468171943237824,17.415040853683408,17.393137590453485,17.380226788322247,17.369864782235414,17.36027764295907,17.350982247577768,17.341846306666145,17.30388635833971,17.30388635833971,17.30388635833971,17.30388635833971,17.30388635833971,17.26710883197647,17.26710883197647,17.26710883197647,17.26710883197647,17.26710883197647,17.26710883197647,17.26710883197647,17.26710883197647,18.593210548904352,18.593210548904352,18.593210548904352,18.593210548904352,18.593210548904352,18.593210548904352,18.593210548904352,18.593210548904352,18.593210548904352,18.593210548904352,18.593210548904352,18.593210548904352,18.501624428515303,18.501624428515303,18.501624428515303,18.501624428515303,18.501624428515303,18.501624428515303,18.501624428515303,19.951029098459845
-0.21717171717171713,19.951029098459845,19.951029098459845,19.951029098459845,19.951029098459845,19.951029098459845,19.951029098459845,19.951029098459845,19.951029098459845,19.951029098459845,19.951029098459845,19.951029098459845,19.951029098459845,19.951029098459845,19.951029098459845,19.951029098459845,19.951029098459845,19.951029098459845,19.951029098459845,19.951029098459845,19.951029098459845,19.951029098459845,19.951029098459845,19.951029098459845,19.951029098459845,19.951029098459845,19.951029098459845,19.951029098459845,19.951029098459845,19.951029098459845,19.951029098459845,19.662228952668105,19.74591907733597,19.89903751457728,19.7374632045063,20.844441052071986,22.06824391815101,22.90273865915961,22.77551622069164,22.22424616629853,21.695679304394574,21.277700284095157,20.954041461943724,20.698860866880686,20.492725298877467,20.322419939930324,20.17897511265803,20.05616526718483,19.949552743312747,19.588990710163504,19.588990710163504,19.550641418178756,19.563390001251168,18.60570073228976,18.58503925003515,18.47432253080425,18.1770615422442,17.78526573222693,17.54298556563037,17.4484361798738,17.413620444649617,17.396971508977373,17.385466798420985,17.37544864738624,17.365917467801708,17.35660082866035,17.347423478102456,17.338363576021738,17.32941378387604,17.30388635833971,17.30388635833971,17.30388635833971,17.26710883197647,17.26710883197647,17.26710883197647,17.26710883197647,17.26710883197647,17.26710883197647,17.26710883197647,17.26710883197647,17.26710883197647,18.593210548904352,18.593210548904352,18.593210548904352,18.593210548904352,18.593210548904352,18.593210548904352,18.593210548904352,18.593210548904352,18.593210548904352,18.593210548904352,18.593210548904352,18.501624428515303,18.501624428515303,18.501624428515303,18.501624428515303,18.501624428515303,18.501624428515303,18.501624428515303,18.501624428515303,19.951029098459845
-0.20707070707070707,19.951029098459845,19.951029098459845,19.951029098459845,19.951029098459845,19.951029098459845,19.951029098459845,19.951029098459845,19.951029098459845,19.951029098459845,19.951029098459845,19.951029098459845,19.951029098459845,19.951029098459845,19.951029098459845,19.951029098459845,19.951029098459845,19.951029098459845,19.951029098459845,19.951029098459845,19.951029098459845,19.951029098459845,19.951029098459845,19.951029098459845,19.951029098459845,19.951029098459845,19.951029098459845,19.951029098459845,19.951029098459845,19.951029098459845,19.951029098459845,19.816210851812166,19.994853397592973,19.93500883922013,21.38851915671457,22.558162867290235,22.958849238443488,22.558040943214927,21.989936555537607,21.509260204017142,21.136069367112718,20.845302317308153,20.613562055709412,20.424397655572943,20.26669244953462,20.13283587347891,20.017483310445286,19.91678108073009,19.827882677605498,19.74864027544662,19.588990710163504,19.578928929189427,18.61340606030787,18.56437744992279,18.379732384033904,18.00919589937387,17.66495746901314,17.49969939601673,17.439612126546884,17.415479987162733,17.401786681002058,17.391048588064884,17.381199226069644,17.3716755494768,17.36232353163259,17.353099950235013,17.343991617418695,17.334993520347947,17.32610290045525,17.317317647075875,17.30388635833971,17.26710883197647,17.26710883197647,17.26710883197647,17.26710883197647,17.26710883197647,17.26710883197647,17.26710883197647,17.26710883197647,17.26710883197647,17.26710883197647,18.593210548904352,18.593210548904352,18.593210548904352,18.593210548904352,18.593210548904352,18.593210548904352,18.593210548904352,18.593210548904352,18.593210548904352,18.593210548904352,18.501624428515303,18.501624428515303,18.501624428515303,18.501624428515303,18.501624428515303,18.501624428515303,18.501624428515303,18.501624428515303,18.501624428515303,19.951029098459845
-0.19696969696969696,19.951029098459845,19.951029098459845,19.951029098459845,19.951029098459845,19.951029098459845,19.951029098459845,19.951029098459845,19.951029098459845,19.951029098459845,19.951029098459845,19.951029098459845,19.951029098459845,19.951029098459845,19.951029098459845,19.951029098459845,19.951029098459845,19.951029098459845,19.951029098459845,19.951029098459845,19.951029098459845,19.951029098459845,19.951029098459845,19.951029098459845,19.951029098459845,19.951029098459845,19.951029098459845,19.951029098459845,19.951029098459845,19.951029098459845,19.951029098459845,19.951096172104968,19.41066021870861,21.056726713410807,22.275206137656003,22.95574032467718,22.707689621038302,22.14230122855032,21.630825276104265,21.230102987292685,20.919222675006182,20.67310207702844,20.473466181593007,20.307934860641556,20.168080705920328,20.048028793636284,19.943572998036267,19.851626144110078,19.769871761186877,19.696537691042828,19.63024493003978,18.618905179667408,18.58914419373128,18.45303922371044,18.12428185284659,17.744524948333208,17.532820951723437,17.453049366831078,17.42285242570834,17.407419467581327,17.396160763205053,17.38612463828646,17.37650564773595,17.36708401050013,17.35779868081261,17.348631619953114,17.339576476388206,17.330630105200125,17.321790268490375,17.31305501014549,17.267644958406564,17.26710883197647,17.26710883197647,17.26710883197647,17.26710883197647,17.26710883197647,17.26710883197647,17.26710883197647,17.26710883197647,17.26710883197647,17.26710883197647,18.593210548904352,18.593210548904352,18.593210548904352,18.593210548904352,18.593210548904352,18.593210548904352,18.593210548904352,18.593210548904352,18.593210548904352,18.501624428515303,18.501624428515303,18.501624428515303,18.501624428515303,18.501624428515303,18.501624428515303,18.501624428515303,18.501624428515303,18.501624428515303,18.501624428515303,19.951029098459845
-0.18686868686868685,19.951029098459845,19.951029098459845,19.951029098459845,19.951029098459845,19.951029098459845,19.951029098459845,19.951029098459845,19.951029098459845,19.951029098459845,19.951029098459845,19.951029098459845,19.951029098459845,19.951029098459845,19.951029098459845,19.951029098459845,19.951029098459845,19.951029098459845,19.951029098459845,19.951029098459845,19.951029098459845,19.951029098459845,19.951029098459845,19.951029098459845,19.951029098459845,19.951029098459845,19.951029098459845,19.951029098459845,19.951029098459845,19.951029098459845,19.951029098459845,20.58483340681475,19.953535677326062,19.365257468459,21.094532854660585,22.308742848202442,22.937132326056297,22.655258898764007,22.087874119241242,21.582482415250045,21.187495734192254,20.880898985948463,20.637903138270303,20.44059645489199,20.276854903866305,20.138417071274663,20.019515678776255,19.916016012201524,19.82487958336244,19.743824003706123,18.707038224281966,18.56514164666906,18.60094574674391,18.568095032325722,18.4234016121309,18.085568971718832,17.711487695004454,17.509423699865437,17.43407750011181,17.405368927825045,17.3904678725917,17.379468147930815,17.369614453221438,17.360155265409382,17.350885477670342,17.34174806137471,17.33272610910073,17.32381361815759,17.315007579166025,17.26952830426144,17.260928949154227,17.26710883197647,17.26710883197647,17.26710883197647,17.26710883197647,17.26710883197647,17.26710883197647,17.26710883197647,17.26710883197647,17.26710883197647,17.26710883197647,18.593210548904352,18.593210548904352,18.593210548904352,18.593210548904352,18.593210548904352,18.593210548904352,18.593210548904352,18.593210548904352,18.501624428515303,18.501624428515303,18.501624428515303,18.501624428515303,18.501624428515303,18.501624428515303,18.501624428515303,18.501624428515303,18.501624428515303,18.501624428515303,18.501624428515303,19.951029098459845
-0.17676767676767674,19.951029098459845,19.951029098459845,19.951029098459845,19.951029098459845,19.951029098459845,19.951029098459845,19.951029098459845,19.951029098459845,19.951029098459845,19.951029098459845,19.951029098459845,19.951029098459845,19.951029098459845,19.951029098459845,19.951029098459845,19.951029098459845,19.951029098459845,19.951029098459845,19.951029098459845,19.951029098459845,19.951029098459845,19.951029098459845,19.951029098459845,19.951029098459845,19.951029098459845,19.951029098459845,19.951029098459845,19.951029098459845,19.951029098459845,19.951029098459845,22.533489360894944,20.65094335482367,19.959543970781404,19.40902895442431,21.133275492778385,22.341133131700875,22.91626747240882,22.602769918642654,22.03428803687477,21.535052214438252,21.145716871750846,20.84332244161421,20.603391583487316,20.40837113291745,20.24638750404287,20.109341419392468,19.991570832875812,19.889010934926123,18.83460763306287,18.754238645554874,18.22393709489792,18.525883292620673,18.583260040188335,18.54710091370562,18.393496675654625,18.047076518540006,17.679367912559698,17.48671574587798,17.415555421287763,17.388245352149763,17.373846599161414,17.363094252436788,17.353416447255956,17.344111975971405,17.334989421810214,17.32599550445615,17.31711437278838,17.271562824118877,17.2628930291547,17.254325372202135,17.26710883197647,17.26710883197647,17.26710883197647,17.26710883197647,17.26710883197647,17.26710883197647,17.26710883197647,17.26710883197647,17.26710883197647,17.26710883197647,18.593210548904352,18.593210548904352,18.593210548904352,18.593210548904352,18.593210548904352,18.593210548904352,18.593210548904352,18.501624428515303,18.501624428515303,18.501624428515303,18.501624428515303,18.501624428515303,18.501624428515303,18.501624428515303,18.501624428515303,18.501624428515303,18.501624428515303,18.501624428515303,18.501624428515303,19.951029098459845
-0.16666666666666663,19.951029098459845,19.951029098459845,19.951029098459845,19.951029098459845,19.951029098459845,19.951029098459845,19.951029098459845,19.951029098459845,19.951029098459845,19.951029098459845,19.951029098459845,19.951029098459845,19.951029098459845,19.951029098459845,19.951029098459845,19.951029098459845,19.951029098459845,19.951029098459845,19.951029098459845,19.951029098459845,19.951029098459845,19.951029098459845,19.951029098459845,19.951029098459845,19.951029098459845,19.951029098459845,19.951029098459845,19.951029098459845,19.951029098459845,19.951029098459845,22.878470863300983,22.581070341266464,20.717736245019392,19.96936866853742,19.518291661273707,21.173015316025495,22.372162920796367,22.893218221973452,22.55028706788763,21.981535202694857,21.488509034490765,21.104739729536124,20.806467979654695,20.569543886571736,20.37676786862569,20.216511219680935,20.08083303412419,19.000110818255596,18.898474855297817,18.808917837847325,17.639065826161684,18.17041912070692,18.489017800408345,18.56582934579176,18.526132685588546,18.363307449019608,18.008848575855062,17.648158369217292,17.46466930318977,17.3974651785445,17.37146913350005,17.357544929467245,17.34702903472618,17.337520917432737,17.32836631885342,17.319386594116917,17.273754434101416,17.265010026761363,17.256370474813917,17.247833015975285,17.26710883197647,17.26710883197647,17.26710883197647,17.26710883197647,17.26710883197647,17.26710883197647,17.26710883197647,17.26710883197647,17.26710883197647,17.26710883197647,18.593210548904352,18.593210548904352,18.593210548904352,18.593210548904352,18.593210548904352,18.593210548904352,18.501624428515303,18.501624428515303,18.501624428515303,18.501624428515303,18.501624428515303,18.501624428515303,18.501624428515303,18.501624428515303,18.501624428515303,18.501624428515303,18.501624428515303,18.501624428515303,18.501624428515303,19.951029098459845
-0.15656565656565652,19.951029098459845,19.951029098459845,19.951029098459845,19.951029098459845,19.951029098459845,19.951029098459845,19.951029098459845,19.951029098459845,19.951029098459845,19.951029098459845,19.951029098459845,19.951029098459845,19.951029098459845,19.951029098459845,19.951029098459845,19.951029098459845,19.951029098459845,19.951029098459845,19.951029098459845,19.951029098459845,19.951029098459845,19.951029098459845,19.951029098459845,19.951029098459845,19.951029098459845,19.951029098459845,19.951029098459845,19.951029098459845,19.951029098459845,19.951029098459845,22.024735319079397,22.852752364234785,22.63046177473631,20.786699630153638,19.983316136291442,19.65359832466563,21.213773918941985,22.401626899533486,22.868067841487196,22.497870770343756,21.92960721113839,21.44282824849316,21.064538934567395,20.770311823867832,20.536337755665567,20.345765500691186,19.223142425265284,19.088808979928253,18.973243261055064,18.872515897840724,17.430130146299238,17.593838081668032,18.119209505872703,18.454513592677095,18.548635128607504,18.505161238133237,18.33282037878505,17.97093020183117,17.61784925275448,17.443257480002085,17.379789743182634,17.355028338847866,17.341552660142106,17.331262923415494,17.321918609924932,17.27613174130067,17.267290640753362,17.258571262812527,17.249959663804734,17.24145075866459,17.26710883197647,17.26710883197647,17.26710883197647,17.26710883197647,17.26710883197647,17.26710883197647,17.26710883197647,17.26710883197647,17.26710883197647,17.26710883197647,18.593210548904352,18.593210548904352,18.593210548904352,18.593210548904352,18.593210548904352,18.501624428515303,18.501624428515303,18.501624428515303,18.501624428515303,18.501624428515303,18.501624428515303,18.501624428515303,18.501624428515303,18.501624428515303,18.501624428515303,18.501624428515303,18.501624428515303,18.501624428515303,18.501624428515303,19.951029098459845
-0.1464646464646464,19.951029098459845,19.951029098459845,19.951029098459845,19.951029098459845,19.951029098459845,19.951029098459845,19.951029098459845,19.951029098459845,19.951029098459845,19.951029098459845,19.951029098459845,19.951029098459845,19.951029098459845,19.951029098459845,19.951029098459845,19.951029098459845,19.951029098459845,19.951029098459845,19.951029098459845,19.951029098459845,19.951029098459845,19.951029098459845,19.951029098459845,19.951029098459845,19.951029098459845,19.951029098459845,19.951029098459845,19.951029098459845,19.951029098459845,19.951029098459845,21.35480093542465,21.997727147050437,22.83053110913099,22.682051735125704,20.85919809668679,20.00176924901432,19.786281395760533,21.25553974158271,22.42933057141246,22.840908740743355,22.445577440502255,21.87849508667432,21.397986183017363,21.02509032439843,20.73483139510623,19.53968871800436,19.3512806413795,19.194388545095862,19.06137733825974,18.946886803638254,17.38377236377139,17.396706812290834,17.551912212451313,18.070367895676398,18.4223974200892,18.53165897124703,18.484157513809087,18.302025551618414,17.933366830303374,17.5884283813102,17.422454299875547,17.362512959047052,17.33891162778256,17.325860070110988,17.279009262251677,17.26982316612765,17.260954677406414,17.252248182856263,17.24366020882862,17.23517767188075,17.26710883197647,17.26710883197647,17.26710883197647,17.26710883197647,17.26710883197647,17.26710883197647,17.26710883197647,17.26710883197647,17.26710883197647,17.26710883197647,18.593210548904352,18.593210548904352,18.593210548904352,18.593210548904352,18.501624428515303,18.501624428515303,18.501624428515303,18.501624428515303,18.501624428515303,18.501624428515303,18.501624428515303,18.501624428515303,18.501624428515303,18.501624428515303,18.501624428515303,18.501624428515303,18.501624428515303,18.501624428515303,18.501624428515303,19.951029098459845
-0.13636363636363635,19.951029098459845,19.951029098459845,19.951029098459845,19.951029098459845,19.951029098459845,19.951029098459845,19.951029098459845,19.951029098459845,19.951029098459845,19.951029098459845,19.951029098459845,19.951029098459845,19.951029098459845,19.951029098459845,19.951029098459845,19.951029098459845,19.951029098459845,19.951029098459845,19.951029098459845,19.951029098459845,19.951029098459845,19.951029098459845,19.951029098459845,19.951029098459845,19.951029098459845,19.951029098459845,19.951029098459845,19.951029098459845,19.951029098459845,19.951029098459845,20.915430880439178,21.33956624729714,21.975952740590802,22.812541555546165,22.73639992001986,20.93658270881908,20.025213665857486,19.90388483667729,21.298272551752298,22.455092202608558,22.811840842805818,22.393459486874136,21.828189340558165,21.353960064630115,20.022307539094463,19.73594190129822,19.507703355454204,19.321420914847,19.16616800782516,19.034457164419084,17.363073390719105,17.353676607597812,17.366194199117995,17.513334558666074,18.02403361403913,18.39278979829707,18.5148825152841,18.463092532269595,18.270916909260368,17.896203678636436,17.559881428345673,17.402234714561963,17.345619494594118,17.286330689519108,17.27368036453708,17.263814388692794,17.25478120268152,17.24604936552943,17.237473634839493,17.229013378883863,17.26710883197647,17.26710883197647,17.26710883197647,17.26710883197647,17.26710883197647,17.26710883197647,17.26710883197647,17.26710883197647,17.26710883197647,17.26710883197647,18.593210548904352,18.593210548904352,18.593210548904352,18.501624428515303,18.501624428515303,18.501624428515303,18.501624428515303,18.501624428515303,18.501624428515303,18.501624428515303,18.501624428515303,18.501624428515303,18.501624428515303,18.501624428515303,18.501624428515303,18.501624428515303,18.501624428515303,18.501624428515303,18.501624428515303,19.951029098459845
-0.12626262626262624,19.951029098459845,19.951029098459845,19.951029098459845,19.951029098459845,19.951029098459845,19.951029098459845,19.951029098459845,19.951029098459845,19.951029098459845,19.951029098459845,19.951029098459845,19.951029098459845,19.951029098459845,19.951029098459845,19.951029098459845,19.951029098459845,19.951029098459845,19.951029098459845,19.951029098459845,19.951029098459845,19.951029098459845,19.951029098459845,19.951029098459845,19.951029098459845,19.951029098459845,19.951029098459845,19.951029098459845,19.951029098459845,19.951029098459845,19.951029098459845,20.61533384464384,20.908909472259673,21.329914419102586,21.96014567929107,22.799701312936836,22.794296284462554,21.020304988221778,20.05427824038679,20.00421150986059,21.34190690262017,22.478744597957707,22.780970013934397,22.3415653568251,20.814616698052564,20.34666464241118,19.984295263103,19.701749577571704,19.47629926049426,19.292104915649208,19.138463493607276,17.34652802013535,17.334725650699525,17.326436707518624,17.338693288640627,17.478254320544625,17.980482643452085,18.36598701100107,18.49828740560533,18.441937431076802,18.23949244312415,17.859485174984854,17.53219215591076,17.345797083495782,17.29231727111845,17.27083031438362,17.2585597528322,17.248892450896744,17.240007129785432,17.231407931175948,17.22295928808302,17.26710883197647,17.26710883197647,17.26710883197647,17.26710883197647,17.26710883197647,17.26710883197647,17.26710883197647,17.26710883197647,17.26710883197647,17.26710883197647,18.593210548904352,18.593210548904352,18.501624428515303,18.501624428515303,18.501624428515303,18.501624428515303,18.501624428515303,18.501624428515303,18.501624428515303,18.501624428515303,18.501624428515303,18.501624428515303,18.501624428515303,18.501624428515303,18.501624428515303,18.501624428515303,18.501624428515303,18.501624428515303,18.501624428515303,19.951029098459845
-0.11616161616161613,19.951029098459845,19.951029098459845,19.951029098459845,19.951029098459845,19.951029098459845,19.951029098459845,19.951029098459845,19.951029098459845,19.951029098459845,19.951029098459845,19.951029098459845,19.951029098459845,19.951029098459845,19.951029098459845,19.951029098459845,19.951029098459845,19.951029098459845,19.951029098459845,19.951029098459845,19.951029098459845,19.951029098459845,19.951029098459845,19.951029098459845,19.951029098459845,19.951029098459845,19.951029098459845,19.951029098459845,19.951029098459845,19.951029098459845,19.951029098459845,20.400308778630535,20.615393815315354,20.90835224293814,21.326694744398978,21.951265763621425,22.79318292632856,22.85684714964805,21.112051701017,20.089799876440306,20.08936159563758,21.38635488205694,22.500136670867906,21.784343244711398,21.3258762870548,20.76589346727085,20.30420545771699,19.946969186851476,19.66817164630291,19.44545828459242,19.26331545943127,17.331421041981923,17.319769564354885,17.30931966841219,17.302236333311644,17.314456478805553,17.447020202542333,17.940269254680388,18.342676213586497,18.481855237616433,18.42066352313754,18.207754361261692,17.786476889554304,17.46856512462538,17.32667327889779,17.276147525207733,17.255623204104722,17.24371226508152,17.234235490198216,17.22549323488984,17.217022839732856,17.26710883197647,17.26710883197647,17.26710883197647,17.26710883197647,17.26710883197647,17.26710883197647,17.26710883197647,17.26710883197647,17.26710883197647,17.26710883197647,18.593210548904352,18.501624428515303,18.501624428515303,18.501624428515303,18.501624428515303,18.501624428515303,18.501624428515303,18.501624428515303,18.501624428515303,18.501624428515303,18.501624428515303,18.501624428515303,18.501624428515303,18.501624428515303,18.501624428515303,18.501624428515303,18.501624428515303,18.501624428515303,18.501624428515303,19.951029098459845
-0.10606060606060602,19.951029098459845,19.951029098459845,19.951029098459845,19.951029098459845,19.951029098459845,19.951029098459845,19.951029098459845,19.951029098459845,19.951029098459845,19.951029098459845,19.951029098459845,19.951029098459845,19.951029098459845,19.951029098459845,19.951029098459845,19.951029098459845,19.951029098459845,19.951029098459845,19.951029098459845,19.951029098459845,19.951029098459845,19.951029098459845,19.951029098459845,19.951029098459845,19.951029098459845,19.951029098459845,19.951029098459845,19.951029098459845,19.951029098459845,19.951029098459845,20.24090117480947,20.405967068629554,20.621929637844545,20.914761407885038,21.331033210589574,21.950590542823758,22.794522355362037,22.92560560067857,21.213924295133136,20.132929023427966,20.162525526449528,20.467445058668368,21.555071444865398,21.75020057023214,21.274559725038156,20.717945619693175,20.262498831239913,19.91030926009137,19.635189569098266,19.415163148896532,17.317448345446476,17.306305142154624,17.296109374593982,17.2871535000066,17.281489914197657,17.29405743447307,17.420441274523252,17.90463934312677,18.324619805234803,18.465567507283257,18.362464845325,18.138931694042874,17.750775137998936,17.442536033998376,17.308063521795283,17.26031960986925,17.24070004797438,17.22912983396684,17.219835893459745,17.211232136166572,17.26710883197647,17.26710883197647,17.26710883197647,17.26710883197647,17.26710883197647,17.26710883197647,17.26710883197647,17.26710883197647,17.26710883197647,17.26710883197647,18.501624428515303,18.501624428515303,18.501624428515303,18.501624428515303,18.501624428515303,18.501624428515303,18.501624428515303,18.501624428515303,18.501624428515303,18.501624428515303,18.501624428515303,18.501624428515303,18.501624428515303,18.501624428515303,18.501624428515303,18.501624428515303,18.501624428515303,18.501624428515303,18.501624428515303,19.951029098459845
-0.09595959595959591,18.41065347074293,18.41065347074293,18.41065347074293,18.41065347074293,18.41065347074293,18.41065347074293,18.41065347074293,18.41065347074293,18.41065347074293,18.41065347074293,18.41065347074293,18.41065347074293,18.41065347074293,18.41065347074293,18.41065347074293,18.41065347074293,18.41065347074293,18.41065347074293,18.41065347074293,18.41065347074293,18.41065347074293,18.41065347074293,18.41065347074293,18.41065347074293,18.41065347074293,18.41065347074293,18.41065347074293,18.41065347074293,18.41065347074293,18.41065347074293,18.689502822923185,18.821087792258915,18.98802988546701,19.205419107627336,19.498768266708662,19.91373900872761,20.529144656875715,21.375075296172806,21.572058088462242,19.897963571528603,18.754487787792996,17.831936526803265,19.082466995027012,20.14084965631821,20.28388303683594,19.79287871105922,19.24005137951104,18.790814364456903,18.443585531849806,18.172074885558743,16.685970465223857,16.675439921002123,16.66587897276727,16.657371162079812,16.650246038407392,16.64650604636346,16.660250190788066,16.781999414199365,17.25841404606009,17.698893737334974,17.79397338823492,17.722213707775538,17.487935840189635,17.09698672065335,16.7986521443097,16.671291827484975,16.626166412029637,16.60739731978852,16.596150097118766,16.58703172386929,17.654356585829497,17.654356585829497,17.654356585829497,17.654356585829497,17.654356585829497,17.654356585829497,17.654356585829497,17.654356585829497,17.654356585829497,17.562770465440448,19.39786197923654,19.39786197923654,19.39786197923654,19.39786197923654,19.39786197923654,19.39786197923654,19.39786197923654,19.39786197923654,19.39786197923654,19.39786197923654,19.39786197923654,19.39786197923654,19.39786197923654,19.39786197923654,19.39786197923654,19.39786197923654,19.39786197923654,19.39786197923654,19.39786197923654,18.41065347074293
-0.0858585858585858,18.41065347074293,18.41065347074293,18.41065347074293,18.41065347074293,18.41065347074293,18.41065347074293,18.41065347074293,18.41065347074293,18.41065347074293,18.41065347074293,18.41065347074293,18.41065347074293,18.41065347074293,18.41065347074293,18.41065347074293,18.41065347074293,18.41065347074293,18.41065347074293,18.41065347074293,18.41065347074293,18.41065347074293,18.41065347074293,18.41065347074293,18.41065347074293,18.41065347074293,18.41065347074293,18.41065347074293,18.41065347074293,18.41065347074293,18.41065347074293,18.597261439147164,18.70563933668783,18.839878274388973,19.00933679901614,19.228893598796848,19.523627762213632,19.938327816555304,20.550751462724016,21.399074255037092,21.660570295120127,20.028498881439074,18.814536060705365,17.889606950947563,19.12863617921997,20.154733660080137,20.246927947035108,19.742288439131343,19.19362104284139,18.750554676396476,18.408201199058013,16.674382949292614,16.6645709597106,16.65582176026148,16.648236134836306,16.641999832044803,16.637598955474832,16.637215237795928,16.65460568659811,16.776364827824054,17.252597009902942,17.729533247101685,17.777918390982368,17.700414245817914,17.45531404786466,17.062457228611883,16.77420120088877,16.653647062423243,16.610985387611105,16.593015850335505,16.582074974685003,17.654356585829497,17.654356585829497,17.654356585829497,17.654356585829497,17.654356585829497,17.654356585829497,17.654356585829497,17.654356585829497,17.562770465440448,17.562770465440448,19.39786197923654,19.39786197923654,19.39786197923654,19.39786197923654,19.39786197923654,19.39786197923654,19.39786197923654,19.39786197923654,19.39786197923654,19.39786197923654,19.39786197923654,19.39786197923654,19.39786197923654,19.39786197923654,19.39786197923654,19.39786197923654,19.39786197923654,19.39786197923654,19.39786197923654,18.41065347074293
-0.07575757575757575,18.41065347074293,18.41065347074293,18.41065347074293,18.41065347074293,18.41065347074293,18.41065347074293,18.41065347074293,18.41065347074293,18.41065347074293,18.41065347074293,18.41065347074293,18.41065347074293,18.41065347074293,18.41065347074293,18.41065347074293,18.41065347074293,18.41065347074293,18.41065347074293,18.41065347074293,18.41065347074293,18.41065347074293,18.41065347074293,18.41065347074293,18.41065347074293,18.41065347074293,18.41065347074293,18.41065347074293,18.41065347074293,18.41065347074293,18.41065347074293,18.52693801947052,18.618880562548924,18.73060931899061,18.86826559279803,19.041121447351024,19.263866727052225,19.56117028080717,19.97694775075147,20.58770912886302,21.438129501781354,21.758020718553276,20.152624017316096,18.78257435262207,17.94267118844785,19.175084417079244,20.165936572493145,20.20873983103421,19.692108435983176,19.147932371550237,18.710990720312537,16.66417864184751,16.655249633917016,16.64755487178958,16.641285072888163,16.636761612548824,16.634567748999043,16.635946210640224,16.64455364375903,16.676722984073393,16.820819993544703,17.274706674643625,17.969816446673793,17.76195126711273,17.678384760396668,17.422431610344386,17.028565284526422,16.750506220926567,16.63645502947252,16.596110630381368,16.57889290703568,17.654356585829497,17.654356585829497,17.654356585829497,17.654356585829497,17.654356585829497,17.654356585829497,17.654356585829497,17.562770465440448,17.562770465440448,17.562770465440448,19.39786197923654,19.39786197923654,19.39786197923654,19.39786197923654,19.39786197923654,19.39786197923654,19.39786197923654,19.39786197923654,19.39786197923654,19.39786197923654,19.39786197923654,19.39786197923654,19.39786197923654,19.39786197923654,19.39786197923654,19.39786197923654,19.39786197923654,19.39786197923654,19.39786197923654,18.41065347074293
-0.06565656565656564,18.41065347074293,18.41065347074293,18.41065347074293,18.41065347074293,18.41065347074293,18.41065347074293,18.41065347074293,18.41065347074293,18.41065347074293,18.41065347074293,18.41065347074293,18.41065347074293,18.41065347074293,18.41065347074293,18.41065347074293,18.41065347074293,18.41065347074293,18.41065347074293,18.41065347074293,18.41065347074293,18.41065347074293,18.41065347074293,18.41065347074293,18.41065347074293,18.41065347074293,18.41065347074293,18.41065347074293,18.41065347074293,18.41065347074293,18.41065347074293,18.474266610945367,18.554481410721586,18.65047246260705,18.766474519511117,18.9086098101752,19.086070923140024,19.313306501439072,19.6142649967958,20.03062498873294,20.632074210412295,21.44807367115478,21.693154735310117,19.78429385309579,17.855425010341996,17.99257283339311,19.22164132895063,20.17440222200553,20.16943262077395,19.64236582856889,19.102973735492846,16.655606497202136,16.647844460722013,16.641642262009736,16.637401938579604,16.635844325078516,16.638345420132733,16.647715173173843,16.669955935531792,16.713965131154676,16.635771937138486,17.217555091798783,18.270257062357675,19.656344930188553,17.746052675169672,17.656098940966242,17.389312865190504,16.995340868803392,16.727544288259374,16.619697044902075,16.581531437296366,17.654356585829497,17.654356585829497,17.654356585829497,17.654356585829497,17.654356585829497,17.654356585829497,17.562770465440448,17.562770465440448,17.562770465440448,17.562770465440448,19.39786197923654,19.39786197923654,19.39786197923654,19.39786197923654,19.39786197923654,19.39786197923654,19.39786197923654,19.39786197923654,19.39786197923654,19.39786197923654,19.39786197923654,19.39786197923654,19.39786197923654,19.39786197923654,19.39786197923654,19.39786197923654,19.39786197923654,19.39786197923654,19.39786197923654,18.41065347074293
-0.055555555555555525,18.41065347074293,18.41065347074293,18.41065347074293,18.41065347074293,18.41065347074293,18.41065347074293,18.41065347074293,18.41065347074293,18.41065347074293,18.41065347074293,18.41065347074293,18.41065347074293,18.41065347074293,18.41065347074293,18.41065347074293,18.41065347074293,18.41065347074293,18.41065347074293,18.41065347074293,18.41065347074293,18.41065347074293,18.41065347074293,18.41065347074293,18.41065347074293,18.41065347074293,18.41065347074293,18.41065347074293,18.41065347074293,18.41065347074293,18.41065347074293,18.43643361968868,18.50836552303488,18.593383029444883,18.69453830337922,18.81606029277989,18.96392270827542,19.146621303992212,19.375800020347633,19.664627253904985,20.01647573656774,20.398793647653818,20.770377839874836,20.699054682914024,18.922735833706472,17.286318267103336,18.040394000522436,19.268125345929892,20.18009425787698,20.129118069875954,19.593084741274954,16.649111297296827,16.643053799366044,16.63923842040335,16.638613475905352,16.643039262211175,16.65637116218039,16.686285832661003,16.71293175085445,16.8762741368344,17.321107054654437,18.11427635163684,19.06060113317549,19.696971956319917,19.886303351616842,17.730202971230923,17.63353138709992,17.35598640970886,16.962810464393407,16.705292086514635,16.603355265791446,17.654356585829497,17.654356585829497,17.654356585829497,17.654356585829497,17.654356585829497,17.562770465440448,17.562770465440448,17.562770465440448,17.562770465440448,17.562770465440448,19.39786197923654,19.39786197923654,19.39786197923654,19.39786197923654,19.39786197923654,19.39786197923654,19.39786197923654,19.39786197923654,19.39786197923654,19.39786197923654,19.39786197923654,19.39786197923654,19.39786197923654,19.39786197923654,19.39786197923654,19.39786197923654,19.39786197923654,19.39786197923654,19.39786197923654,18.41065347074293
-0.045454545454545414,18.41065347074293,18.41065347074293,18.41065347074293,18.41065347074293,18.41065347074293,18.41065347074293,18.41065347074293,18.41065347074293,18.41065347074293,18.41065347074293,18.41065347074293,18.41065347074293,18.41065347074293,18.41065347074293,18.41065347074293,18.41065347074293,18.41065347074293,18.41065347074293,18.41065347074293,18.41065347074293,18.41065347074293,18.41065347074293,18.41065347074293,18.41065347074293,18.41065347074293,18.41065347074293,18.41065347074293,18.41065347074293,18.41065347074293,18.41065347074293,18.411615811909677,18.477919265339196,18.555494230493004,18.646584054131484,18.75400406166548,18.880807454400188,19.028096589618308,19.185677417820457,19.30335386551551,19.272355894995275,19.15119259179574,19.337088850996036,19.980465775360848,20.359896135655326,18.849356741362005,17.14866097204939,18.086943630705893,19.31434556045075,20.182995752532392,20.08790506686721,16.64555947666118,16.64234787869691,16.643005652999776,16.650084134987168,16.668915013193054,16.707775490033463,16.558115826123245,17.04590985596079,17.616257334720093,18.511238845026195,19.13506483265822,19.07098647998962,18.78570712995487,18.819707949408123,19.010281829638483,17.71438217953793,17.61065779878401,17.32248490113115,16.930996916564172,16.683726066505766,17.654356585829497,17.654356585829497,17.654356585829497,17.654356585829497,17.562770465440448,17.562770465440448,17.562770465440448,17.562770465440448,17.562770465440448,17.562770465440448,19.39786197923654,19.39786197923654,19.39786197923654,19.39786197923654,19.39786197923654,19.39786197923654,19.39786197923654,19.39786197923654,19.39786197923654,19.39786197923654,19.39786197923654,19.39786197923654,19.39786197923654,19.39786197923654,19.39786197923654,19.39786197923654,19.39786197923654,19.39786197923654,19.39786197923654,18.41065347074293
-0.035353535353535304,18.41065347074293,18.41065347074293,18.41065347074293,18.41065347074293,18.41065347074293,18.41065347074293,18.41065347074293,18.41065347074293,18.41065347074293,18.41065347074293,18.41065347074293,18.41065347074293,18.41065347074293,18.41065347074293,18.41065347074293,18.41065347074293,18.41065347074293,18.41065347074293,18.41065347074293,18.41065347074293,18.41065347074293,18.41065347074293,18.41065347074293,18.41065347074293,18.41065347074293,18.41065347074293,18.41065347074293,18.41065347074293,18.41065347074293,18.41065347074293,18.398703101739933,18.461508333698237,18.534268340514835,18.61824211188727,18.713486606464578,18.81397871226335,18.890261703570467,18.850643201061217,18.58867353425895,18.303980875538336,18.298646047524798,18.56693598016153,19.077774938368552,19.853960185849072,20.321056240634885,18.876642732644104,17.01589949405888,18.132825826672246,19.360103674062998,20.183108542897386,16.646846046100904,16.649264109197418,16.66000085008144,16.686234658433506,16.72277070146967,16.828655595957642,17.25389039477632,17.989328418889297,18.8697888371819,19.168241210279238,18.899952099074053,18.506134998205397,18.1686010901357,17.97079033295654,18.13757121645182,18.46155275691358,17.698569967858234,17.587455185079783,17.28884479185716,16.89991935618113,17.654356585829497,17.654356585829497,17.654356585829497,17.562770465440448,17.562770465440448,17.562770465440448,17.562770465440448,17.562770465440448,17.562770465440448,17.562770465440448,19.39786197923654,19.39786197923654,19.39786197923654,19.39786197923654,19.39786197923654,19.39786197923654,19.39786197923654,19.39786197923654,19.39786197923654,19.39786197923654,19.39786197923654,19.39786197923654,19.39786197923654,19.39786197923654,19.39786197923654,19.39786197923654,19.39786197923654,19.39786197923654,19.39786197923654,18.41065347074293
-0.025252525252525193,18.41065347074293,18.41065347074293,18.41065347074293,18.41065347074293,18.41065347074293,18.41065347074293,18.41065347074293,18.41065347074293,18.41065347074293,18.41065347074293,18.41065347074293,18.41065347074293,18.41065347074293,18.41065347074293,18.41065347074293,18.41065347074293,18.41065347074293,18.41065347074293,18.41065347074293,18.41065347074293,18.41065347074293,18.41065347074293,18.41065347074293,18.41065347074293,18.41065347074293,18.41065347074293,18.41065347074293,18.41065347074293,18.41065347074293,18.41065347074293,18.397068123134193,18.457912350059722,18.52679323507364,18.600924891984615,18.66564285477615,18.666669511817858,18.47915435345053,18.085782416434768,17.803644746501725,17.77294834253808,17.90011685318942,18.131778551900716,18.48076061266686,19.009570489975356,19.78637131338916,20.296614888220507,18.909686641906937,16.864745958440132,18.178490576959984,19.40519604744287,16.65773347344724,16.673513008771636,16.70873602744455,16.60035272862313,17.003408001026532,17.532149748662082,18.404294658093995,19.099317025468086,19.089361267677784,18.72453260111643,18.340849152999297,18.020572694643292,17.76344786603363,17.564138455968326,17.46992007786917,17.704447486032215,18.10069149479271,17.682745628165122,17.56390208978598,17.255106001442556,17.654356585829497,17.654356585829497,17.562770465440448,17.562770465440448,17.562770465440448,17.562770465440448,17.562770465440448,17.562770465440448,17.562770465440448,17.562770465440448,19.39786197923654,19.39786197923654,19.39786197923654,19.39786197923654,19.39786197923654,19.39786197923654,19.39786197923654,19.39786197923654,19.39786197923654,19.39786197923654,19.39786197923654,19.39786197923654,19.39786197923654,19.39786197923654,19.39786197923654,19.39786197923654,19.39786197923654,19.39786197923654,19.39786197923654,18.41065347074293
-0.015151515151515138,18.41065347074293,18.41065347074293,18.41065347074293,18.41065347074293,18.41065347074293,18.41065347074293,18.41065347074293,18.41065347074293,18.41065347074293,18.41065347074293,18.41065347074293,18.41065347074293,18.41065347074293,18.41065347074293,18.41065347074293,18.41065347074293,18.41065347074293,18.41065347074293,18.41065347074293,18.41065347074293,18.41065347074293,18.41065347074293,18.41065347074293,18.41065347074293,18.41065347074293,18.41065347074293,18.41065347074293,18.41065347074293,18.41065347074293,18.41065347074293,18.405902944947556,18.463867546192798,18.520469241497985,18.547778788079924,18.458854958286512,18.129229432421557,17.701516022441893,17.48336789422075,17.461901869987543,17.53465469543145,17.660366078480223,17.836470716629645,18.080306805046362,18.42923741778663,18.9520222497334,19.7222287559255,20.270767054206352,18.943913143105434,16.714087121556258,18.22427073978638,16.691532664454776,16.730834476637412,16.775826266710432,17.198774578431514,17.88868354356254,18.78807610191714,19.174454113539774,18.945481880508602,18.549843574788746,18.19118915594437,17.89903607699515,17.66269362767457,17.4686847630673,17.307607284052303,17.18003018023691,17.13630997950753,17.399865419244833,17.839673327642736,17.666888063302252,17.53997883216173,17.654356585829497,17.562770465440448,17.562770465440448,17.562770465440448,17.562770465440448,17.562770465440448,17.562770465440448,17.562770465440448,17.562770465440448,17.562770465440448,19.39786197923654,19.39786197923654,19.39786197923654,19.39786197923654,19.39786197923654,19.39786197923654,19.39786197923654,19.39786197923654,19.39786197923654,19.39786197923654,19.39786197923654,19.39786197923654,19.39786197923654,19.39786197923654,19.39786197923654,19.39786197923654,19.39786197923654,19.39786197923654,19.39786197923654,18.41065347074293
-0.0050505050505050275,18.41065347074293,18.41065347074293,18.41065347074293,18.41065347074293,18.41065347074293,18.41065347074293,18.41065347074293,18.41065347074293,18.41065347074293,18.41065347074293,18.41065347074293,18.41065347074293,18.41065347074293,18.41065347074293,18.41065347074293,18.41065347074293,18.41065347074293,18.41065347074293,18.41065347074293,18.41065347074293,18.41065347074293,18.41065347074293,18.41065347074293,18.41065347074293,18.41065347074293,18.41065347074293,18.41065347074293,18.41065347074293,18.41065347074293,18.41065347074293,18.419935249745077,18.457633185101155,18.43563829950256,18.23346972868482,17.797486566884626,17.41734699332676,17.26998634630405,17.259534780384104,17.30545573218008,17.381034041532264,17.482643956526868,17.615918267045963,17.793034018239794,18.035223886153,18.380274316490944,18.89604414601075,19.659010325547055,20.24285679131457,18.978976666343833,16.602930500636205,16.676914169063693,16.967780557913162,17.458598442600238,18.300233084412405,19.05905078026019,19.12309664946525,18.774921811787582,18.38500948321781,18.055496702636468,17.78921743242468,17.57244550256047,17.392806070480603,17.241268016690334,17.1115428456869,17.00002650658871,16.91084849790169,16.893772151688637,17.168569867220803,17.63760302977295,17.650975780382865,17.562770465440448,17.562770465440448,17.562770465440448,17.562770465440448,17.562770465440448,17.562770465440448,17.562770465440448,17.562770465440448,17.562770465440448,17.562770465440448,19.39786197923654,19.39786197923654,19.39786197923654,19.39786197923654,19.39786197923654,19.39786197923654,19.39786197923654,19.39786197923654,19.39786197923654,19.39786197923654,19.39786197923654,19.39786197923654,19.39786197923654,19.39786197923654,19.39786197923654,19.39786197923654,19.39786197923654,19.39786197923654,19.39786197923654,18.41065347074293
0.005050505050505083,18.41065347074293,18.41065347074293,18.41065347074293,18.41065347074293,18.41065347074293,18.41065347074293,18.41065347074293,18.41065347074293,18.41065347074293,18.41065347074293,18.41065347074293,18.41065347074293,18.41065347074293,18.41065347074293,18.41065347074293,18.41065347074293,18.41065347074293,18.41065347074293,18.41065347074293,18.41065347074293,18.41065347074293,18.41065347074293,18.41065347074293,18.41065347074293,18.41065347074293,18.41065347074293,18.41065347074293,18.41065347074293,18.41065347074293,18.41065347074293,18.41059127971807,18.405643753152624,18.3272083832813,18.029678577270353,17.534723760095712,17.167489393111516,17.01181565371568,16.955794070459614,16.932012387608154,16.91764440855915,16.66667783231923,16.655926684724946,16.645517538318906,16.635300613634175,16.625231807756677,16.615296778068295,16.60548965476863,16.595807034659778,16.586246272541736,16.57680498935527,16.562318609680947,17.05374482299452,17.628167756112436,18.524260622624293,19.1377631665442,19.053252094505673,18.67448875408567,18.29760952708507,17.985806568321472,17.733985938694904,18.632193495518745,18.460773628770802,18.315466501912073,18.190365856402643,18.081213584113467,17.984874470168133,17.89899158851025,17.821759321327473,17.75177097911693,17.5963280924906,17.562770465440448,17.562770465440448,17.562770465440448,17.562770465440448,17.562770465440448,17.562770465440448,17.562770465440448,17.562770465440448,17.562770465440448,17.562770465440448,19.39786197923654,19.39786197923654,19.39786197923654,19.39786197923654,19.39786197923654,19.39786197923654,19.39786197923654,19.39786197923654,19.39786197923654,19.39786197923654,19.39786197923654,19.39786197923654,19.39786197923654,19.39786197923654,19.39786197923654,19.39786197923654,19.39786197923654,19.39786197923654,19.39786197923654,18.41065347074293
0.015151515151515249,18.41065347074293,18.41065347074293,18.41065347074293,18.41065347074293,18.41065347074293,18.41065347074293,18.41065347074293,18.41065347074293,18.41065347074293,18.41065347074293,18.41065347074293,18.41065347074293,18.41065347074293,18.41065347074293,18.41065347074293,18.41065347074293,18.41065347074293,18.41065347074293,18.41065347074293,18.41065347074293,18.41065347074293,18.41065347074293,18.41065347074293,18.41065347074293,18.41065347074293,18.41065347074293,18.41065347074293,18.41065347074293,18.41065347074293,18.41065347074293,18.31279664539165,18.39240229573309,18.38607795311889,18.299843368896642,17.988029195088398,17.491418543217595,17.137003571992942,16.989621064022273,16.93662222646922,16.913855852479774,16.660551774137783,16.64916769334577,16.638602192024887,16.628362394176165,16.61830819791106,16.608398268609278,16.59861909646594,16.588965098138658,16.579433000406265,16.570020241722084,17.358929816859664,16.553442300791552,17.046556496741257,17.640640637418617,18.543319693120576,19.12085799092383,19.008446966962286,18.62559040182996,18.252002722383207,17.944014152206258,18.799335196976386,18.59586510181617,18.42629765128774,18.28246853228752,18.158576524729092,18.050434889177176,17.954957511342243,17.869821977632594,17.70166135543206,17.63225939993279,17.562770465440448,17.562770465440448,17.562770465440448,17.562770465440448,17.562770465440448,17.562770465440448,17.562770465440448,17.562770465440448,17.562770465440448,17.562770465440448,19.39786197923654,19.39786197923654,19.39786197923654,19.39786197923654,19.39786197923654,19.39786197923654,19.39786197923654,19.39786197923654,19.39786197923654,19.39786197923654,19.39786197923654,19.39786197923654,19.39786197923654,19.39786197923654,19.39786197923654,19.39786197923654,19.39786197923654,19.39786197923654,19.39786197923654,18.41065347074293
0.025252525252525304,18.41065347074293,18.41065347074293,18.41065347074293,18.41065347074293,18.41065347074293,18.41065347074293,18.41065347074293,18.41065347074293,18.41065347074293,18.41065347074293,18.41065347074293,18.41065347074293,18.41065347074293,18.41065347074293,18.41065347074293,18.41065347074293,18.41065347074293,18.41065347074293,18.41065347074293,18.41065347074293,18.41065347074293,18.41065347074293,18.41065347074293,18.41065347074293,18.41065347074293,18.41065347074293,18.41065347074293,18.41065347074293,18.41065347074293,18.41065347074293,17.68712540465691,18.283891042217036,18.374488296233928,18.366665562571786,18.272196111786098,17.94611001531123,17.44900689402407,17.1075022643486,16.968035420334825,16.91788145555178,16.656724517356437,16.64315558748258,16.631998191111396,16.621611902158904,16.611536021248124,16.601639491093305,16.591883565596323,16.58225551451097,16.57275002324235,16.563363940954964,18.70867152095419,17.361186382627615,16.560782541590633,17.040805200923508,17.65494070045312,18.562092235430768,19.102440105758888,18.963648190401713,18.577440501183748,18.207251369481703,19.00709325282156,18.761392857387886,18.5602578912736,18.392509796044074,18.25013264408422,18.127428100812814,18.020279337727963,17.834062262726857,17.749660578659352,17.673731725434223,17.562770465440448,17.562770465440448,17.562770465440448,17.562770465440448,17.562770465440448,17.562770465440448,17.562770465440448,17.562770465440448,17.562770465440448,17.562770465440448,19.39786197923654,19.39786197923654,19.39786197923654,19.39786197923654,19.39786197923654,19.39786197923654,19.39786197923654,19.39786197923654,19.39786197923654,19.39786197923654,19.39786197923654,19.39786197923654,19.39786197923654,19.39786197923654,19.39786197923654,19.39786197923654,19.39786197923654,19.39786197923654,19.39786197923654,18.41065347074293
0.03535353535353536,18.41065347074293,18.41065347074293,18.41065347074293,18.41065347074293,18.41065347074293,18.41065347074293,18.41065347074293,18.41065347074293,18.41065347074293,18.41065347074293,18.41065347074293,18.41065347074293,18.41065347074293,18.41065347074293,18.41065347074293,18.41065347074293,18.41065347074293,18.41065347074293,18.41065347074293,18.41065347074293,18.41065347074293,18.41065347074293,18.41065347074293,18.41065347074293,18.41065347074293,18.41065347074293,18.41065347074293,18.41065347074293,18.41065347074293,18.41065347074293,17.108285929093448,17.641592139587754,18.254660116063633,18.35682571496473,18.34737656758486,18.244228677155302,17.90395405058192,17.407519020962738,17.07895255876013,16.947032460970018,16.660209082111994,16.639297751171252,16.626098146383008,16.615158283441094,16.604945103173275,16.595027972562587,16.585284287548756,16.575677722592,16.566196277257806,16.55683488917046,19.1306460940046,18.721863444703697,17.36561480831844,16.5742098445274,17.03652368204649,17.671003676344842,18.58039362935327,19.082538268778038,18.918897987382312,18.53002922264001,19.267386029765003,18.96690627199269,18.724188617531926,18.525347170724995,18.359386305177242,18.218435858585508,18.005312149543684,17.89913907702038,17.805339755895698,17.72165890168798,17.562770465440448,17.562770465440448,17.562770465440448,17.562770465440448,17.562770465440448,17.562770465440448,17.562770465440448,17.562770465440448,17.562770465440448,17.562770465440448,19.39786197923654,19.39786197923654,19.39786197923654,19.39786197923654,19.39786197923654,19.39786197923654,19.39786197923654,19.39786197923654,19.39786197923654,19.39786197923654,19.39786197923654,19.39786197923654,19.39786197923654,19.39786197923654,19.39786197923654,19.39786197923654,19.39786197923654,19.39786197923654,19.39786197923654,18.41065347074293
0.045454545454545525,18.41065347074293,18.41065347074293,18.41065347074293,18.41065347074293,18.41065347074293,18.41065347074293,18.41065347074293,18.41065347074293,18.41065347074293,18.41065347074293,18.41065347074293,18.41065347074293,18.41065347074293,18.41065347074293,18.41065347074293,18.41065347074293,18.41065347074293,18.41065347074293,18.41065347074293,18.41065347074293,18.41065347074293,18.41065347074293,18.41065347074293,18.41065347074293,18.41065347074293,18.41065347074293,18.41065347074293,18.41065347074293,18.41065347074293,18.41065347074293,16.96510141836509,17.08074338251155,17.596646942139536,18.225068059050244,18.339391106700305,18.328180812300026,18.215904867609343,17.86159988214516,17.366980775784345,17.05132151224261,16.68724109440264,16.64228166307867,16.622217232976233,16.60936844115425,16.59863746869842,16.588591602117763,16.57882830302183,16.5692328680525,16.55977123528817,16.550432087628714,18.546120559184434,19.08750589679807,18.73452682372376,17.372202105807848,16.58707605793765,17.033740332823317,17.688758210080465,18.598045094963222,19.0611910059624,18.87423646023485,19.58740205098588,19.224271896928048,18.927483354643712,18.68769801125211,18.491109521161412,18.23531853287446,18.095770271209428,17.97537975734211,17.87016574466123,17.77718376161355,17.562770465440448,17.562770465440448,17.562770465440448,17.562770465440448,17.562770465440448,17.562770465440448,17.562770465440448,17.562770465440448,17.562770465440448,17.562770465440448,19.39786197923654,19.39786197923654,19.39786197923654,19.39786197923654,19.39786197923654,19.39786197923654,19.39786197923654,19.39786197923654,19.39786197923654,19.39786197923654,19.39786197923654,19.39786197923654,19.39786197923654,19.39786197923654,19.39786197923654,19.39786197923654,19.39786197923654,19.39786197923654,19.39786197923654,18.41065347074293
0.05555555555555558,18.41065347074293,18.41065347074293,18.41065347074293,18.41065347074293,18.41065347074293,18.41065347074293,18.41065347074293,18.41065347074293,18.41065347074293,18.41065347074293,18.41065347074293,18.41065347074293,18.41065347074293,18.41065347074293,18.41065347074293,18.41065347074293,18.41065347074293,18.41065347074293,18.41065347074293,18.41065347074293,18.41065347074293,18.41065347074293,18.41065347074293,18.41065347074293,18.41065347074293,18.41065347074293,18.41065347074293,18.41065347074293,18.41065347074293,18.41065347074293,16.930394268233314,16.94532508057009,17.054071850377234,17.55234222808765,18.19508144672536,18.322161064133464,18.309047936304882,18.187190473490936,17.819091278301094,17.32741353892887,16.78523019968622,16.667329809287565,16.62473823353557,16.60547137355426,16.592956000180873,16.582425750303205,16.572541691258674,16.562927537000107,16.55347596863975,16.544155041226457,18.020787185167574,18.496563439548456,19.044407157297687,18.746502693196497,17.380933618102283,16.59676128744902,17.03248006271899,17.70812534651611,18.61487521940102,19.038445381029867,19.93375694898089,19.541437887738855,19.181941595302487,18.888800391757684,18.560311676438115,18.365936590396654,18.203457342783114,18.065287451610065,17.946024730868228,17.84175366963873,17.562770465440448,17.562770465440448,17.562770465440448,17.562770465440448,17.562770465440448,17.562770465440448,17.562770465440448,17.562770465440448,17.562770465440448,17.562770465440448,19.39786197923654,19.39786197923654,19.39786197923654,19.39786197923654,19.39786197923654,19.39786197923654,19.39786197923654,19.39786197923654,19.39786197923654,19.39786197923654,19.39786197923654,19.39786197923654,19.39786197923654,19.39786197923654,19.39786197923654,19.39786197923654,19.39786197923654,19.39786197923654,19.39786197923654,18.41065347074293
0.06565656565656575,18.41065347074293,18.41065347074293,18.41065347074293,18.41065347074293,18.41065347074293,18.41065347074293,18.41065347074293,18.41065347074293,18.41065347074293,18.41065347074293,18.41065347074293,18.41065347074293,18.41065347074293,18.41065347074293,18.41065347074293,18.41065347074293,18.41065347074293,18.41065347074293,18.41065347074293,18.41065347074293,18.41065347074293,18.41065347074293,18.41065347074293,18.41065347074293,18.41065347074293,18.41065347074293,18.41065347074293,18.41065347074293,18.41065347074293,18.41065347074293,16.911279510206676,16.91196916994642,16.926004143140432,17.028236638626776,17.50872793638183,18.16466952603095,18.305112139642304,18.289947322087528,18.158053548447285,17.776476733959978,17.04948806688198,16.75933832781001,16.64792992214928,16.607564719837033,16.589049158910044,16.57685085495587,16.56651360418704,16.556786117072154,16.5473166385874,16.538004751982402,17.64640847790998,17.977227382096256,18.448175715610482,19.001406765664623,18.757645420769414,17.391792527364473,16.602981837862867,17.03276486742359,17.729018093121837,18.630721430300653,20.118411252883835,19.88938404510954,19.496181930667017,19.048787089679074,18.759248297367453,18.525179754928853,18.332979495027033,18.172196308626717,18.035381646738728,17.91722800624252,17.562770465440448,17.562770465440448,17.562770465440448,17.562770465440448,17.562770465440448,17.562770465440448,17.562770465440448,17.562770465440448,17.562770465440448,17.562770465440448,19.39786197923654,19.39786197923654,19.39786197923654,19.39786197923654,19.39786197923654,19.39786197923654,19.39786197923654,19.39786197923654,19.39786197923654,19.39786197923654,19.39786197923654,19.39786197923654,19.39786197923654,19.39786197923654,19.39786197923654,19.39786197923654,19.39786197923654,19.39786197923654,19.39786197923654,18.41065347074293
0.0757575757575758,18.41065347074293,18.41065347074293,18.41065347074293,18.41065347074293,18.41065347074293,18.41065347074293,18.41065347074293,18.41065347074293,18.41065347074293,18.41065347074293,18.41065347074293,18.41065347074293,18.41065347074293,18.41065347074293,18.41065347074293,18.41065347074293,18.41065347074293,18.41065347074293,18.41065347074293,18.41065347074293,18.41065347074293,18.41065347074293,18.41065347074293,18.41065347074293,18.41065347074293,18.41065347074293,18.41065347074293,18.41065347074293,18.41065347074293,18.41065347074293,16.894455907230846,16.89320536195326,16.893918862384286,16.907120729028723,17.00320397777638,17.465850970217392,18.133804522646404,18.28822077172197,18.270848053109827,18.128464707199253,17.494462819917214,17.011908992992236,16.734267668627567,16.629019989604117,16.5907477748205,16.57294011331078,16.561043507965717,16.55089194889486,16.54131605174308,16.531986984219895,17.371973639074472,17.607381336576324,17.93483886038675,18.40094095154638,18.958561946514735,18.767823922173267,17.404759376248666,16.606372039897273,17.034614167432782,17.75134107458257,19.749486857297345,20.093038175579974,19.753620295813914,19.36003766109219,19.007959589276236,18.721977416759426,18.49069509531975,18.300632025116233,18.14151612510208,18.00603419396752,17.562770465440448,17.562770465440448,17.562770465440448,17.562770465440448,17.562770465440448,17.562770465440448,17.562770465440448,17.562770465440448,17.562770465440448,17.562770465440448,19.39786197923654,19.39786197923654,19.39786197923654,19.39786197923654,19.39786197923654,19.39786197923654,19.39786197923654,19.39786197923654,19.39786197923654,19.39786197923654,19.39786197923654,19.39786197923654,19.39786197923654,19.39786197923654,19.39786197923654,19.39786197923654,19.39786197923654,19.39786197923654,19.39786197923654,18.41065347074293
0.08585858585858586,18.41065347074293,18.41065347074293,18.41065347074293,18.41065347074293,18.41065347074293,18.41065347074293,18.41065347074293,18.41065347074293,18.41065347074293,18.41065347074293,18.41065347074293,18.41065347074293,18.41065347074293,18.41065347074293,18.41065347074293,18.41065347074293,18.41065347074293,18.41065347074293,18.41065347074293,18.41065347074293,18.41065347074293,18.41065347074293,18.41065347074293,18.41065347074293,18.41065347074293,18.41065347074293,18.41065347074293,18.41065347074293,18.41065347074293,18.41065347074293,16.8781728477869,16.876596401330506,16.87548966221618,16.87623047368012,16.88865792782303,16.978941075933857,17.423754716582017,18.10246196287123,18.27146321598571,18.25171888319978,17.859051325348556,17.451798047344127,16.975338229113017,16.709986639511044,16.610579640208393,16.57427473281621,16.55713426523519,16.545524903144194,16.535552118074435,16.526123066926484,17.161604063896313,17.33595547559964,17.569459692309117,17.893597775350003,18.354845314685235,18.91593005974667,18.7769227459579,17.41981161771836,16.607768898064695,17.038044966357496,18.879045771969782,19.671333563299356,19.974860997707783,19.709668767519176,19.316166821536868,18.967852775041884,18.685380736786012,18.456837665784743,18.26887505873702,18.1113984225969,17.562770465440448,17.562770465440448,17.562770465440448,17.562770465440448,17.562770465440448,17.562770465440448,17.562770465440448,17.562770465440448,17.562770465440448,17.562770465440448,19.39786197923654,19.39786197923654,19.39786197923654,19.39786197923654,19.39786197923654,19.39786197923654,19.39786197923654,19.39786197923654,19.39786197923654,19.39786197923654,19.39786197923654,19.39786197923654,19.39786197923654,19.39786197923654,19.39786197923654,19.39786197923654,19.39786197923654,19.39786197923654,19.39786197923654,18.41065347074293
0.09595959595959602,18.41065347074293,18.41065347074293,18.41065347074293,18.41065347074293,18.41065347074293,18.41065347074293,18.41065347074293,18.41065347074293,18.41065347074293,18.41065347074293,18.41065347074293,18.41065347074293,18.41065347074293,18.41065347074293,18.41065347074293,18.41065347074293,18.41065347074293,18.41065347074293,18.41065347074293,18.41065347074293,18.41065347074293,18.41065347074293,18.41065347074293,18.41065347074293,18.41065347074293,18.41065347074293,18.41065347074293,18.41065347074293,18.41065347074293,18.41065347074293,16.862194477373357,16.860505990289198,16.859087827361932,16.858120508884497,16.85889179460649,16.870599733510762,16.95541616024731,17.382478649038934,18.070621004326945,18.254815480756797,17.993182101776988,17.82848233454721,17.409195512279165,16.939779586457274,16.686464285446274,16.59258952405873,16.55813356783511,16.541622115959473,16.53028639864912,16.520485835124937,16.994304013051522,17.12769303578751,17.30100169028814,17.532621755011373,17.853483809845066,18.309877670074815,18.873568509735616,18.784843021408616,17.436923236214795,16.607941238880713,18.05554122283135,18.81232237671779,19.683360998953987,19.947121349022463,19.665971818821976,19.272972712867155,18.92844723496135,18.649438305476828,18.423588370482772,18.23769037995772,17.562770465440448,17.562770465440448,17.562770465440448,17.562770465440448,17.562770465440448,17.562770465440448,17.562770465440448,17.562770465440448,17.562770465440448,17.562770465440448,19.39786197923654,19.39786197923654,19.39786197923654,19.39786197923654,19.39786197923654,19.39786197923654,19.39786197923654,19.39786197923654,19.39786197923654,19.39786197923654,19.39786197923654,19.39786197923654,19.39786197923654,19.39786197923654,19.39786197923654,19.39786197923654,19.39786197923654,19.39786197923654,19.39786197923654,18.41065347074293
0.10606060606060608,17.65599877444532,17.65599877444532,17.65599877444532,17.65599877444532,17.65599877444532,17.65599877444532,17.65599877444532,17.65599877444532,17.65599877444532,17.65599877444532,17.65599877444532,17.65599877444532,17.65599877444532,17.65599877444532,17.65599877444532,17.65599877444532,17.65599877444532,17.65599877444532,17.65599877444532,17.65599877444532,17.65599877444532,17.65599877444532,17.65599877444532,17.65599877444532,17.65599877444532,17.65599877444532,17.65599877444532,17.65599877444532,17.65599877444532,17.65599877444532,17.789809664046036,17.788039352153874,17.78650990069639,17.785244695840085,17.784412618657456,17.78521725351082,17.79625700696234,17.87592452776347,18.285384036234603,18.981590788990378,19.1815792875002,19.15657013036145,18.9800639988527,18.549388795152314,18.087904998349007,17.846342498768344,17.757703400348753,17.72498499112719,17.709066746986174,17.697991878191388,19.705375443729597,19.809987413566102,19.94284704655618,20.11511711609584,20.344873868453483,20.662504715542244,21.1140542238585,21.679559284221654,21.639527799679517,20.304088816688495,19.45554278512623,19.806145327264073,20.582246163003788,21.437837307422452,21.66227438623941,21.3665246278107,20.974413701741543,20.63369330721879,20.358100060714825,20.134897997480394,19.356008079887456,19.356008079887456,19.356008079887456,19.356008079887456,19.356008079887456,19.356008079887456,19.356008079887456,19.356008079887456,19.356008079887456,19.356008079887456,17.97079714345243,17.97079714345243,17.97079714345243,17.97079714345243,17.97079714345243,17.97079714345243,17.97079714345243,17.97079714345243,17.97079714345243,17.97079714345243,17.97079714345243,17.97079714345243,17.97079714345243,17.97079714345243,17.97079714345243,17.97079714345243,17.97079714345243,17.97079714345243,17.97079714345243,17.65599877444532
0.11616161616161624,17.65599877444532,17.65599877444532,17.65599877444532,17.65599877444532,17.65599877444532,17.65599877444532,17.65599877444532,17.65599877444532,17.65599877444532,17.65599877444532,17.65599877444532,17.65599877444532,17.65599877444532,17.65599877444532,17.65599877444532,17.65599877444532,17.65599877444532,17.65599877444532,17.65599877444532,17.65599877444532,17.65599877444532,17.65599877444532,17.65599877444532,17.65599877444532,17.65599877444532,17.65599877444532,17.65599877444532,17.65599877444532,17.65599877444532,17.65599877444532,17.774355870930165,17.772509408809526,17.770897120275002,17.769521335416375,17.768404029567037,17.767703206000967,17.76854379453537,17.77896334206194,17.853784485942167,18.24584963551676,18.948706690441373,19.16507793567238,19.137160287750376,18.94843617381324,18.507096565132365,18.054366215378614,17.82424754232027,17.740559544267196,17.709473869190653,17.694115247411883,19.590649193626774,19.674266692473186,19.778673051653072,19.910999326888653,20.08223688098205,20.310152676745247,20.624598549100572,21.07132084949346,21.637910736948676,21.64486085567717,20.32520186051249,19.454897666438722,19.814398022258306,20.609163000618725,21.446723991836535,21.632456312486696,21.323413104513726,20.93254109538357,20.5956350164074,20.32340975309393,19.356008079887456,19.356008079887456,19.356008079887456,19.356008079887456,19.356008079887456,19.356008079887456,19.356008079887456,19.356008079887456,19.356008079887456,19.356008079887456,17.97079714345243,17.97079714345243,17.97079714345243,17.97079714345243,17.97079714345243,17.97079714345243,17.97079714345243,17.97079714345243,17.97079714345243,17.97079714345243,17.97079714345243,17.97079714345243,17.97079714345243,17.97079714345243,17.97079714345243,17.97079714345243,17.97079714345243,17.97079714345243,17.97079714345243,17.65599877444532
0.1262626262626263,17.65599877444532,17.65599877444532,17.65599877444532,17.65599877444532,17.65599877444532,17.65599877444532,17.65599877444532,17.65599877444532,17.65599877444532,17.65599877444532,17.65599877444532,17.65599877444532,17.65599877444532,17.65599877444532,17.65599877444532,17.65599877444532,17.65599877444532,17.65599877444532,17.65599877444532,17.65599877444532,17.65599877444532,17.65599877444532,17.65599877444532,17.65599877444532,17.65599877444532,17.65599877444532,17.65599877444532,17.65599877444532,17.65599877444532,17.65599877444532,17.75915245338149,17.75723208598073,17.75554244674489,17.754082882916613,17.752855663573968,17.751881445810476,17.751308066708905,17.752186960412605,17.762031136811192,17.832293485455416,18.20722767125365,18.915286748804824,19.14861237403913,19.117592098514695,18.91625934262437,18.465054648712957,18.02182789470297,17.802822923813522,17.72381352001319,17.6942620087424,19.492727123332568,19.56054966103513,19.644177013563322,19.748369323925903,19.880160448348818,20.050373486422206,20.27647214014577,20.587779525898714,21.029691400989936,21.59665566496301,21.648572550515407,20.34711125355213,19.449846351894394,19.824274734122895,20.63690367947226,21.45390435358907,21.601711439112485,21.280627999088306,20.891313197586506,20.558224073943045,19.356008079887456,19.356008079887456,19.356008079887456,19.356008079887456,19.356008079887456,19.356008079887456,19.356008079887456,19.356008079887456,19.356008079887456,19.356008079887456,17.97079714345243,17.97079714345243,17.97079714345243,17.97079714345243,17.97079714345243,17.97079714345243,17.97079714345243,17.97079714345243,17.97079714345243,17.97079714345243,17.97079714345243,17.97079714345243,17.97079714345243,17.97079714345243,17.97079714345243,17.97079714345243,17.97079714345243,17.97079714345243,17.97079714345243,17.65599877444532
0.13636363636363646,17.65599877444532,17.65599877444532,17.65599877444532,17.65599877444532,17.65599877444532,17.65599877444532,17.65599877444532,17.65599877444532,17.65599877444532,17.65599877444532,17.65599877444532,17.65599877444532,17.65599877444532,17.65599877444532,17.65599877444532,17.65599877444532,17.65599877444532,17.65599877444532,17.65599877444532,17.65599877444532,17.65599877444532,17.65599877444532,17.65599877444532,17.65599877444532,17.65599877444532,17.65599877444532,17.65599877444532,17.65599877444532,17.65599877444532,17.65599877444532,17.74419349205872,17.742200885319146,17.740436163418444,17.73889813047279,17.737586254861068,17.73650274975313,17.735667040642277,17.735217463466185,17.736136777246482,17.74544746684151,17.811424043972206,18.169539691605916,18.881327882313467,19.132157076700604,19.097832672114407,18.883526390295916,18.423326732545824,17.990279346286705,17.782040893540202,17.707449591006757,19.40785010121804,19.463483089262137,19.531465797029128,19.61509202326134,19.71906421457624,19.850320245401885,20.019515954606323,20.24380659445774,20.551940109201723,20.98867520149051,21.55370609137389,21.64279709188666,20.350329485835143,19.415450828894027,19.835778560741446,20.665322260640107,21.459307771632986,21.5701153925423,21.238188959683995,20.85071930281591,19.356008079887456,19.356008079887456,19.356008079887456,19.356008079887456,19.356008079887456,19.356008079887456,19.356008079887456,19.356008079887456,19.356008079887456,19.356008079887456,17.97079714345243,17.97079714345243,17.97079714345243,17.97079714345243,17.97079714345243,17.97079714345243,17.97079714345243,17.97079714345243,17.97079714345243,17.97079714345243,17.97079714345243,17.97079714345243,17.97079714345243,17.97079714345243,17.97079714345243,17.97079714345243,17.97079714345243,17.97079714345243,17.97079714345243,17.65599877444532
0.14646464646464652,17.65599877444532,17.65599877444532,17.65599877444532,17.65599877444532,17.65599877444532,17.65599877444532,17.65599877444532,17.65599877444532,17.65599877444532,17.65599877444532,17.65599877444532,17.65599877444532,17.65599877444532,17.65599877444532,17.65599877444532,17.65599877444532,17.65599877444532,17.65599877444532,17.65599877444532,17.65599877444532,17.65599877444532,17.65599877444532,17.65599877444532,17.65599877444532,17.65599877444532,17.65599877444532,17.65599877444532,17.65599877444532,17.65599877444532,17.65599877444532,17.729473341188882,17.72741001901726,17.725571928814134,17.72395771618647,17.722566328643047,17.72139734935044,17.720452940413857,17.71975137678399,17.719422114780524,17.72038374265737,17.729200062729763,17.79114976353585,18.132802599815456,18.846832167906168,19.115686026107305,19.077848898718784,18.850235037460255,18.381975762600085,17.959706975142016,17.761874613285844,19.333329981434957,19.379351992961038,19.435254548834326,19.50338487443407,19.587000616150068,19.69074280181397,19.82143210077204,19.989453405679924,20.211197683601526,20.513157332173407,20.93580402480763,21.485110347668744,21.60707026187546,20.34530123979743,19.394876485794367,19.84890887623435,20.694265749709874,21.462878793696213,21.537743438439268,21.19611362910234,19.356008079887456,19.356008079887456,19.356008079887456,19.356008079887456,19.356008079887456,19.356008079887456,19.356008079887456,19.356008079887456,19.356008079887456,19.356008079887456,17.97079714345243,17.97079714345243,17.97079714345243,17.97079714345243,17.97079714345243,17.97079714345243,17.97079714345243,17.97079714345243,17.97079714345243,17.97079714345243,17.97079714345243,17.97079714345243,17.97079714345243,17.97079714345243,17.97079714345243,17.97079714345243,17.97079714345243,17.97079714345243,17.97079714345243,17.65599877444532
0.15656565656565657,17.65599877444532,17.65599877444532,17.65599877444532,17.65599877444532,17.65599877444532,17.65599877444532,17.65599877444532,17.65599877444532,17.65599877444532,17.65599877444532,17.65599877444532,17.65599877444532,17.65599877444532,17.65599877444532,17.65599877444532,17.65599877444532,17.65599877444532,17.65599877444532,17.65599877444532,17.65599877444532,17.65599877444532,17.65599877444532,17.65599877444532,17.65599877444532,17.65599877444532,17.65599877444532,17.65599877444532,17.65599877444532,17.65599877444532,17.65599877444532,17.714986586044894,17.712853958996586,17.71094407990568,17.70925544664357,17.707786856430282,17.706537392143144,17.70550674578939,17.704697032993547,17.704125453989196,17.703913166330768,17.70491879634714,17.71327727018406,17.771445321748377,18.097028732437405,18.811807060719186,19.099172683112698,19.057607528077774,18.816388105928084,18.341063235802867,17.930094593926547,19.267193569104133,19.30549749648883,19.35187158116842,19.408028138069586,19.476282857642605,19.559812168075613,19.662990257617945,19.791677330773258,19.9533530801962,20.160663214539728,20.44585587870561,20.86137175521558,21.418329117823795,21.58830844014994,20.359434267719422,19.383981179206224,19.86366088214493,20.723574935321306,21.464577008267458,21.504669885363445,19.356008079887456,19.356008079887456,19.356008079887456,19.356008079887456,19.356008079887456,19.356008079887456,19.356008079887456,19.356008079887456,19.356008079887456,19.356008079887456,17.97079714345243,17.97079714345243,17.97079714345243,17.97079714345243,17.97079714345243,17.97079714345243,17.97079714345243,17.97079714345243,17.97079714345243,17.97079714345243,17.97079714345243,17.97079714345243,17.97079714345243,17.97079714345243,17.97079714345243,17.97079714345243,17.97079714345243,17.97079714345243,17.97079714345243,17.65599877444532
0.16666666666666674,17.65599877444532,17.65599877444532,17.65599877444532,17.65599877444532,17.65599877444532,17.65599877444532,17.65599877444532,17.65599877444532,17.65599877444532,17.65599877444532,17.65599877444532,17.65599877444532,17.65599877444532,17.65599877444532,17.65599877444532,17.65599877444532,17.65599877444532,17.65599877444532,17.65599877444532,17.65599877444532,17.65599877444532,17.65599877444532,17.65599877444532,17.65599877444532,17.65599877444532,17.65599877444532,17.65599877444532,17.65599877444532,17.65599877444532,17.65599877444532,17.700728008386967,17.69852740495908,17.696547199575186,17.69478577712729,17.693241784862348,17.69191416308935,17.690802123118765,17.689905460107187,17.68922624752562,17.688780681813228,17.68868216459725,17.68973329295673,17.697668012976262,17.752286457714053,18.062225996791877,18.776265563200372,19.08258996501201,19.037075269240162,18.78199374302192,18.300648534401716,19.207959765348534,19.23996578690736,19.278681977855985,19.32536605304388,19.381625342133574,19.449353145097763,19.530171829575828,19.624689776715424,19.738056321860054,19.888911515061,20.09809963756559,20.390555523566075,20.807959971989913,21.365744811798287,21.573848468705606,20.377332555502747,19.375049628580147,19.880025120257663,20.753085394466222,21.464376714753808,19.356008079887456,19.356008079887456,19.356008079887456,19.356008079887456,19.356008079887456,19.356008079887456,19.356008079887456,19.356008079887456,19.356008079887456,19.356008079887456,17.97079714345243,17.97079714345243,17.97079714345243,17.97079714345243,17.97079714345243,17.97079714345243,17.97079714345243,17.97079714345243,17.97079714345243,17.97079714345243,17.97079714345243,17.97079714345243,17.97079714345243,17.97079714345243,17.97079714345243,17.97079714345243,17.97079714345243,17.97079714345243,17.97079714345243,17.65599877444532
0.1767676767676768,17.65599877444532,17.65599877444532,17.65599877444532,17.65599877444532,17.65599877444532,17.65599877444532,17.65599877444532,17.65599877444532,17.65599877444532,17.65599877444532,17.65599877444532,17.65599877444532,17.65599877444532,17.65599877444532,17.65599877444532,17.65599877444532,17.65599877444532,17.65599877444532,17.65599877444532,17.65599877444532,17.65599877444532,17.65599877444532,17.65599877444532,17.65599877444532,17.65599877444532,17.65599877444532,17.65599877444532,17.65599877444532,17.65599877444532,17.65599877444532,17.686692578684355,17.684425247389118,17.682376096002137,17.680543395432235,17.67892568099784,17.677521741672624,17.676330652163788,17.675351746524537,17.67458491751516,17.67403220052837,17.673708854538496,17.673721032555445,17.674818977002708,17.682361758407886,17.73364995352687,18.028398059209145,18.740226334879136,19.065910232521315,19.016218912394223,18.74706559534362,19.154493618428493,19.181279352103132,19.21369678934654,19.25253281899009,19.29829549815091,19.350116547373595,19.40610359516659,19.47251592310318,19.56270902664291,19.68367630178441,19.842798772101727,20.054770850592387,20.345941937916013,20.759313996338417,21.315188347390297,21.55857759649881,20.397162255254234,19.367600763949348,19.897986956046697,20.782628655042032,19.356008079887456,19.356008079887456,19.356008079887456,19.356008079887456,19.356008079887456,19.356008079887456,19.356008079887456,19.356008079887456,19.356008079887456,19.356008079887456,17.97079714345243,17.97079714345243,17.97079714345243,17.97079714345243,17.97079714345243,17.97079714345243,17.97079714345243,17.97079714345243,17.97079714345243,17.97079714345243,17.97079714345243,17.97079714345243,17.97079714345243,17.97079714345243,17.97079714345243,17.97079714345243,17.97079714345243,17.97079714345243,17.97079714345243,17.65599877444532
0.18686868686868696,17.65599877444532,17.65599877444532,17.65599877444532,17.65599877444532,17.65599877444532,17.65599877444532,17.65599877444532,17.65599877444532,17.65599877444532,17.65599877444532,17.65599877444532,17.65599877444532,17.65599877444532,17.65599877444532,17.65599877444532,17.65599877444532,17.65599877444532,17.65599877444532,17.65599877444532,17.65599877444532,17.65599877444532,17.65599877444532,17.65599877444532,17.65599877444532,17.65599877444532,17.65599877444532,17.65599877444532,17.65599877444532,17.65599877444532,17.65599877444532,17.672875447365552,17.67054256079961,17.668425762663745,17.666523212619243,17.664833332439482,17.66335479988349,17.6620865387088,17.661027749390065,17.660177883955942,17.65953692742627,17.65910688094517,17.6589021280497,17.659022047238583,17.660167959702566,17.667348485114964,17.715513612027163,17.995544575373216,18.703713734596878,19.049105286764906,18.99500547397622,19.10589101782885,19.12820350278783,19.15495148496656,19.185522421184242,19.217203048568514,19.248840230137375,19.289771223251087,19.347946849245936,19.424450804117487,19.52156061091962,19.644905527215936,19.804086438617297,20.014782209318536,20.303288567053325,20.712208864994818,21.265620427524226,21.542131428340376,20.418634093098078,19.36161099383687,19.917526042154034,19.356008079887456,19.356008079887456,19.356008079887456,19.356008079887456,19.356008079887456,19.356008079887456,19.356008079887456,19.356008079887456,19.356008079887456,19.356008079887456,17.97079714345243,17.97079714345243,17.97079714345243,17.97079714345243,17.97079714345243,17.97079714345243,17.97079714345243,17.97079714345243,17.97079714345243,17.97079714345243,17.97079714345243,17.97079714345243,17.97079714345243,17.97079714345243,17.97079714345243,17.97079714345243,17.97079714345243,17.97079714345243,17.97079714345243,17.65599877444532
0.19696969696969702,17.65599877444532,17.65599877444532,17.65599877444532,17.65599877444532,17.65599877444532,17.65599877444532,17.65599877444532,17.65599877444532,17.65599877444532,17.65599877444532,17.65599877444532,17.65599877444532,17.65599877444532,17.65599877444532,17.65599877444532,17.65599877444532,17.65599877444532,17.65599877444532,17.65599877444532,17.65599877444532,17.65599877444532,17.65599877444532,17.65599877444532,17.65599877444532,17.65599877444532,17.65599877444532,17.65599877444532,17.65599877444532,17.65599877444532,17.65599877444532,17.65927193674236,17.65687459522439,17.65469137267983,17.65272031983113,17.65095974775129,17.649408221142973,17.64806455276414,17.646927794624382,17.64599726509044,17.645272529541906,17.644753660329922,17.64444262794182,17.644352998476286,17.644577818996208,17.645772697518858,17.65261865303498,17.69785623149057,17.963661454093693,18.666757788147862,19.032146377446644,19.06123490570392,19.078893474742397,19.097698216388494,19.113970139359445,19.130202581077025,19.156529469685793,19.195606704209307,19.24641055321417,19.309678936286634,19.387975110196148,19.485505124346442,19.60860854311614,19.766990773464318,19.976142623668736,20.261912344431025,20.666365909240607,21.216923349961196,21.524441263886583,20.44154472775789,19.357081502279467,19.356008079887456,19.356008079887456,19.356008079887456,19.356008079887456,19.356008079887456,19.356008079887456,19.356008079887456,19.356008079887456,19.356008079887456,19.356008079887456,17.97079714345243,17.97079714345243,17.97079714345243,17.97079714345243,17.97079714345243,17.97079714345243,17.97079714345243,17.97079714345243,17.97079714345243,17.97079714345243,17.97079714345243,17.97079714345243,17.97079714345243,17.97079714345243,17.97079714345243,17.97079714345243,17.97079714345243,17.97079714345243,17.97079714345243,17.65599877444532
0.20707070707070718,17.65599877444532,17.65599877444532,17.65599877444532,17.65599877444532,17.65599877444532,17.65599877444532,17.65599877444532,17.65599877444532,17.65599877444532,17.65599877444532,17.65599877444532,17.65599877444532,17.65599877444532,17.65599877444532,17.65599877444532,17.65599877444532,17.65599877444532,17.65599877444532,17.65599877444532,17.65599877444532,17.65599877444532,17.65599877444532,17.65599877444532,17.65599877444532,17.65599877444532,17.65599877444532,17.65599877444532,17.65599877444532,17.65599877444532,17.65599877444532,17.65599877444532,17.65599877444532,17.65599877444532,17.65599877444532,17.65599877444532,17.65599877444532,17.65599877444532,17.65599877444532,17.65599877444532,17.65599877444532,19.041209710880345,19.041209710880345,19.041209710880345,19.041209710880345,19.041209710880345,19.041209710880345,19.041209710880345,19.041209710880345,19.041209710880345,19.041209710880345,19.038995860595907,19.03743407731758,19.034302731273765,19.024824730156293,19.008327206845813,18.993709450075833,18.98457226624671,18.978387924197797,18.973324897701133,18.96870755012387,19.39052996901129,19.386306754975607,19.38222067634581,19.37825912846697,19.374413640240167,19.370677321675878,19.367044098675535,19.363508458998073,19.360065346846234,19.356710103266607,19.356008079887456,19.356008079887456,19.356008079887456,19.356008079887456,19.356008079887456,19.356008079887456,19.356008079887456,19.356008079887456,19.356008079887456,19.356008079887456,17.97079714345243,17.97079714345243,17.97079714345243,17.97079714345243,17.97079714345243,17.97079714345243,17.97079714345243,17.97079714345243,17.97079714345243,17.97079714345243,17.97079714345243,17.97079714345243,17.97079714345243,17.97079714345243,17.97079714345243,17.97079714345243,17.97079714345243,17.97079714345243,17.97079714345243,17.65599877444532
0.21717171717171724,17.65599877444532,17.65599877444532,17.65599877444532,17.65599877444532,17.65599877444532,17.65599877444532,17.65599877444532,17.65599877444532,17.65599877444532,17.65599877444532,17.65599877444532,17.65599877444532,17.65599877444532,17.65599877444532,17.65599877444532,17.65599877444532,17.65599877444532,17.65599877444532,17.65599877444532,17.65599877444532,17.65599877444532,17.65599877444532,17.65599877444532,17.65599877444532,17.65599877444532,17.65599877444532,17.65599877444532,17.65599877444532,17.65599877444532,17.65599877444532,17.65599877444532,17.65599877444532,17.65599877444532,17.65599877444532,17.65599877444532,17.65599877444532,17.65599877444532,17.65599877444532,17.65599877444532,17.65599877444532,19.041209710880345,19.041209710880345,19.041209710880345,19.041209710880345,19.041209710880345,19.041209710880345,19.041209710880345,19.041209710880345,19.041209710880345,19.041209710880345,19.03545226831989,19.034749479277774,19.033196141255768,19.029893226181905,19.02001190718922,19.003399515910896,18.98912319669236,18.980256206319744,18.974204385116398,18.96921535356961,19.390860712573367,19.38652251780388,19.382344162195775,19.378301284123193,19.374381658471172,19.370576963697726,19.366880390806404,19.363285924291013,19.359788101443943,19.35638191097633,19.356008079887456,19.356008079887456,19.356008079887456,19.356008079887456,19.356008079887456,19.356008079887456,19.356008079887456,19.356008079887456,19.356008079887456,19.356008079887456,17.97079714345243,17.97079714345243,17.97079714345243,17.97079714345243,17.97079714345243,17.97079714345243,17.97079714345243,17.97079714345243,17.97079714345243,17.97079714345243,17.97079714345243,17.97079714345243,17.97079714345243,17.97079714345243,17.97079714345243,17.97079714345243,17.97079714345243,17.97079714345243,17.97079714345243,17.65599877444532
0.2272727272727273,17.65599877444532,17.65599877444532,17.65599877444532,17.65599877444532,17.65599877444532,17.65599877444532,17.65599877444532,17.65599877444532,17.65599877444532,17.65599877444532,17.65599877444532,17.65599877444532,17.65599877444532,17.65599877444532,17.65599877444532,17.65599877444532,17.65599877444532,17.65599877444532,17.65599877444532,17.65599877444532,17.65599877444532,17.65599877444532,17.65599877444532,17.65599877444532,17.65599877444532,17.65599877444532,17.65599877444532,17.65599877444532,17.65599877444532,17.65599877444532,17.65599877444532,17.65599877444532,17.65599877444532,17.65599877444532,17.65599877444532,17.65599877444532,17.65599877444532,17.65599877444532,17.65599877444532,17.65599877444532,19.041209710880345,19.041209710880345,19.041209710880345,19.041209710880345,19.041209710880345,19.041209710880345,19.041209710880345,19.041209710880345,19.041209710880345,19.041209710880345,19.015945672519734,19.030951794773706,19.030591442709557,19.029041821912067,19.02555279292293,19.015262798612493,18.998566539828172,18.98463723592072,18.97603012643219,18.97010471792648,19.39139507547136,19.38688479372871,19.38259292372836,19.378458200772958,19.37445736214104,19.370578540177988,19.36681355547194,19.3631556768414,19.359598945467695,19.356137946696638,19.356008079887456,19.356008079887456,19.356008079887456,19.356008079887456,19.356008079887456,19.356008079887456,19.356008079887456,19.356008079887456,19.356008079887456,19.356008079887456,17.97079714345243,17.97079714345243,17.97079714345243,17.97079714345243,17.97079714345243,17.97079714345243,17.97079714345243,17.97079714345243,17.97079714345243,17.97079714345243,17.97079714345243,17.97079714345243,17.97079714345243,17.97079714345243,17.97079714345243,17.97079714345243,17.97079714345243,17.97079714345243,17.97079714345243,17.65599877444532
0.23737373737373746,17.65599877444532,17.65599877444532,17.65599877444532,17.65599877444532,17.65599877444532,17.65599877444532,17.65599877444532,17.65599877444532,17.65599877444532,17.65599877444532,17.65599877444532,17.65599877444532,17.65599877444532,17.65599877444532,17.65599877444532,17.65599877444532,17.65599877444532,17.65599877444532,17.65599877444532,17.65599877444532,17.65599877444532,17.65599877444532,17.65599877444532,17.65599877444532,17.65599877444532,17.65599877444532,17.65599877444532,17.65599877444532,17.65599877444532,17.65599877444532,17.65599877444532,17.65599877444532,17.65599877444532,17.65599877444532,17.65599877444532,17.65599877444532,17.65599877444532,17.65599877444532,17.65599877444532,17.65599877444532,19.041209710880345,19.041209710880345,19.041209710880345,19.041209710880345,19.041209710880345,19.041209710880345,19.041209710880345,19.041209710880345,19.041209710880345,19.041209710880345,18.993626917673684,19.01089670265068,19.026520510797543,19.026518504542114,19.024967744529317,19.021277748793086,19.0105756808658,18.99382698919898,18.98024849509333,18.97189105848273,19.392294554519026,19.38744494345363,19.382985662437108,19.378738814774692,19.374646551084748,19.370686639503663,19.366847549169204,19.36312123584073,19.359501043166496,19.35598106722109,19.356008079887456,19.356008079887456,19.356008079887456,19.356008079887456,19.356008079887456,19.356008079887456,19.356008079887456,19.356008079887456,19.356008079887456,19.356008079887456,17.97079714345243,17.97079714345243,17.97079714345243,17.97079714345243,17.97079714345243,17.97079714345243,17.97079714345243,17.97079714345243,17.97079714345243,17.97079714345243,17.97079714345243,17.97079714345243,17.97079714345243,17.97079714345243,17.97079714345243,17.97079714345243,17.97079714345243,17.97079714345243,17.97079714345243,17.65599877444532
0.24747474747474751,17.65599877444532,17.65599877444532,17.65599877444532,17.65599877444532,17.65599877444532,17.65599877444532,17.65599877444532,17.65599877444532,17.65599877444532,17.65599877444532,17.65599877444532,17.65599877444532,17.65599877444532,17.65599877444532,17.65599877444532,17.65599877444532,17.65599877444532,17.65599877444532,17.65599877444532,17.65599877444532,17.65599877444532,17.65599877444532,17.65599877444532,17.65599877444532,17.65599877444532,17.65599877444532,17.65599877444532,17.65599877444532,17.65599877444532,17.65599877444532,17.65599877444532,17.65599877444532,17.65599877444532,17.65599877444532,17.65599877444532,17.65599877444532,17.65599877444532,17.65599877444532,17.65599877444532,17.65599877444532,19.041209710880345,19.041209710880345,19.041209710880345,19.041209710880345,19.041209710880345,19.041209710880345,19.041209710880345,19.041209710880345,19.041209710880345,19.041209710880345,18.982749961437683,18.989026267308105,19.005936130862416,19.022154688168722,19.022527538714492,19.020970640904316,19.017064556712093,19.00594910925108,18.989179568490943,18.975953990209,19.394044466495014,19.38835474159842,19.38357085302651,19.379160992002078,19.374957921531053,19.370906993240496,19.36698694241708,19.363186555642947,19.359497917326536,19.355914443140346,19.356008079887456,19.356008079887456,19.356008079887456,19.356008079887456,19.356008079887456,19.356008079887456,19.356008079887456,19.356008079887456,19.356008079887456,19.356008079887456,17.97079714345243,17.97079714345243,17.97079714345243,17.97079714345243,17.97079714345243,17.97079714345243,17.97079714345243,17.97079714345243,17.97079714345243,17.97079714345243,17.97079714345243,17.97079714345243,17.97079714345243,17.97079714345243,17.97079714345243,17.97079714345243,17.97079714345243,17.97079714345243,17.97079714345243,17.65599877444532
0.2575757575757577,17.65599877444532,17.65599877444532,17.65599877444532,17.65599877444532,17.65599877444532,17.65599877444532,17.65599877444532,17.65599877444532,17.65599877444532,17.65599877444532,17.65599877444532,17.65599877444532,17.65599877444532,17.65599877444532,17.65599877444532,17.65599877444532,17.65599877444532,17.65599877444532,17.65599877444532,17.65599877444532,17.65599877444532,17.65599877444532,17.65599877444532,17.65599877444532,17.65599877444532,17.65599877444532,17.65599877444532,17.65599877444532,17.65599877444532,17.65599877444532,17.65599877444532,17.65599877444532,17.65599877444532,17.65599877444532,17.65599877444532,17.65599877444532,17.65599877444532,17.65599877444532,17.65599877444532,17.65599877444532,19.041209710880345,19.041209710880345,19.041209710880345,19.041209710880345,19.041209710880345,19.041209710880345,19.041209710880345,19.041209710880345,19.041209710880345,19.041209710880345,18.975409520673878,18.978414404795657,18.984526751089753,19.001063028127522,19.017850767024907,19.01861553029787,19.01704734083134,19.01290982596068,19.0013819039723,18.98462296452169,19.397959126887553,19.39007103390798,19.384491143260096,19.379770502824552,19.37540855585413,19.37124807154116,19.367237401629193,19.36335618891078,19.359593519298713,19.35594159973617,19.356008079887456,19.356008079887456,19.356008079887456,19.356008079887456,19.356008079887456,19.356008079887456,19.356008079887456,19.356008079887456,19.356008079887456,19.356008079887456,17.97079714345243,17.97079714345243,17.97079714345243,17.97079714345243,17.97079714345243,17.97079714345243,17.97079714345243,17.97079714345243,17.97079714345243,17.97079714345243,17.97079714345243,17.97079714345243,17.97079714345243,17.97079714345243,17.97079714345243,17.97079714345243,17.97079714345243,17.97079714345243,17.97079714345243,17.65599877444532
0.26767676767676774,17.65599877444532,17.65599877444532,17.65599877444532,17.65599877444532,17.65599877444532,17.65599877444532,17.65599877444532,17.65599877444532,17.65599877444532,17.65599877444532,17.65599877444532,17.65599877444532,17.65599877444532,17.65599877444532,17.65599877444532,17.65599877444532,17.65599877444532,17.65599877444532,17.65599877444532,17.65599877444532,17.65599877444532,17.65599877444532,17.65599877444532,17.65599877444532,17.65599877444532,17.65599877444532,17.65599877444532,17.65599877444532,17.65599877444532,17.65599877444532,17.65599877444532,17.65599877444532,17.65599877444532,17.65599877444532,17.65599877444532,17.65599877444532,17.65599877444532,17.65599877444532,17.65599877444532,17.65599877444532,19.041209710880345,19.041209710880345,19.041209710880345,19.041209710880345,19.041209710880345,19.041209710880345,19.041209710880345,19.041209710880345,19.041209710880345,19.041209710880345,18.968904980541843,18.971159674983827,18.974168048902662,18.980125029641155,18.996276533791377,19.013605357615162,19.014779566906583,19.013194764226068,19.008810314177097,18.996873134187062,19.406364139094794,19.393844493575692,19.38617646660989,19.380701428619265,19.376041690382674,19.371726222078834,19.367607184040775,19.36363573983175,19.359792383910456,19.356066484560774,19.356008079887456,19.356008079887456,19.356008079887456,19.356008079887456,19.356008079887456,19.356008079887456,19.356008079887456,19.356008079887456,19.356008079887456,19.356008079887456,17.97079714345243,17.97079714345243,17.97079714345243,17.97079714345243,17.97079714345243,17.97079714345243,17.97079714345243,17.97079714345243,17.97079714345243,17.97079714345243,17.97079714345243,17.97079714345243,17.97079714345243,17.97079714345243,17.97079714345243,17.97079714345243,17.97079714345243,17.97079714345243,17.97079714345243,17.65599877444532
0.2777777777777778,17.65599877444532,17.65599877444532,17.65599877444532,17.65599877444532,17.65599877444532,17.65599877444532,17.65599877444532,17.65599877444532,17.65599877444532,17.65599877444532,17.65599877444532,17.65599877444532,17.65599877444532,17.65599877444532,17.65599877444532,17.65599877444532,17.65599877444532,17.65599877444532,17.65599877444532,17.65599877444532,17.65599877444532,17.65599877444532,17.65599877444532,17.65599877444532,17.65599877444532,17.65599877444532,17.65599877444532,17.65599877444532,17.65599877444532,17.65599877444532,17.65599877444532,17.65599877444532,17.65599877444532,17.65599877444532,17.65599877444532,17.65599877444532,17.65599877444532,17.65599877444532,17.65599877444532,17.65599877444532,19.041209710880345,19.041209710880345,19.041209710880345,19.041209710880345,19.041209710880345,19.041209710880345,19.041209710880345,19.041209710880345,19.041209710880345,19.041209710880345,18.962788013889117,18.964708095450142,18.96699564120742,18.97000796709974,18.975817890950694,18.991575831655894,19.00941524321475,19.011016830633896,19.00940991391206,19.004762930516343,19.418630401661485,19.401985116384747,19.3898156700513,19.38235828091314,19.376983367543417,19.372382306758464,19.368111948309917,19.364033265043613,19.360100055869207,19.3562936146343,19.356008079887456,19.356008079887456,19.356008079887456,19.356008079887456,19.356008079887456,19.356008079887456,19.356008079887456,19.356008079887456,19.356008079887456,19.356008079887456,17.97079714345243,17.97079714345243,17.97079714345243,17.97079714345243,17.97079714345243,17.97079714345243,17.97079714345243,17.97079714345243,17.97079714345243,17.97079714345243,17.97079714345243,17.97079714345243,17.97079714345243,17.97079714345243,17.97079714345243,17.97079714345243,17.97079714345243,17.97079714345243,17.97079714345243,17.65599877444532
0.28787878787878796,17.65599877444532,17.65599877444532,17.65599877444532,17.65599877444532,17.65599877444532,17.65599877444532,17.65599877444532,17.65599877444532,17.65599877444532,17.65599877444532,17.65599877444532,17.65599877444532,17.65599877444532,17.65599877444532,17.65599877444532,17.65599877444532,17.65599877444532,17.65599877444532,17.65599877444532,17.65599877444532,17.65599877444532,17.65599877444532,17.65599877444532,17.65599877444532,17.65599877444532,17.65599877444532,17.65599877444532,17.65599877444532,17.65599877444532,17.65599877444532,17.65599877444532,17.65599877444532,17.65599877444532,17.65599877444532,17.65599877444532,17.65599877444532,17.65599877444532,17.65599877444532,17.65599877444532,17.65599877444532,19.041209710880345,19.041209710880345,19.041209710880345,19.041209710880345,19.041209710880345,19.041209710880345,19.041209710880345,19.041209710880345,19.041209710880345,19.041209710880345,18.95697086360706,18.958637565954923,18.960595572848344,18.96291467318728,18.965931367659653,18.971602246141554,18.986960128443375,19.00527738405163,19.007324590476276,19.00568986905983,19.42697304139445,19.41423661492317,19.397692787955563,19.38587002041731,19.37861409953727,19.373334825222937,19.36879033150986,19.364563776958864,19.3605244027493,19.35662847776071,19.356008079887456,19.356008079887456,19.356008079887456,19.356008079887456,19.356008079887456,19.356008079887456,19.356008079887456,19.356008079887456,19.356008079887456,19.356008079887456,17.97079714345243,17.97079714345243,17.97079714345243,17.97079714345243,17.97079714345243,17.97079714345243,17.97079714345243,17.97079714345243,17.97079714345243,17.97079714345243,17.97079714345243,17.97079714345243,17.97079714345243,17.97079714345243,17.97079714345243,17.97079714345243,17.97079714345243,17.97079714345243,17.97079714345243,17.65599877444532
0.297979797979798,17.65599877444532,17.65599877444532,17.65599877444532,17.65599877444532,17.65599877444532,17.65599877444532,17.65599877444532,17.65599877444532,17.65599877444532,17.65599877444532,17.65599877444532,17.65599877444532,17.65599877444532,17.65599877444532,17.65599877444532,17.65599877444532,17.65599877444532,17.65599877444532,17.65599877444532,17.65599877444532,17.65599877444532,17.65599877444532,17.65599877444532,17.65599877444532,17.65599877444532,17.65599877444532,17.65599877444532,17.65599877444532,17.65599877444532,17.65599877444532,17.65599877444532,17.65599877444532,17.65599877444532,17.65599877444532,17.65599877444532,17.65599877444532,17.65599877444532,17.65599877444532,17.65599877444532,17.65599877444532,19.041209710880345,19.041209710880345,19.041209710880345,19.041209710880345,19.041209710880345,19.041209710880345,19.041209710880345,19.041209710880345,19.041209710880345,19.041209710880345,18.951419014706108,18.952864162645106,18.954570360576188,18.956564731438984,18.95891414970442,18.961935586012544,18.967475125344265,18.98242863479374,19.001188922069122,19.003700195216123,19.42824008081478,19.423021269443176,19.40989977720191,19.393485704404075,19.382004993655595,19.3749416463478,19.36975375709073,19.365263828000806,19.361079830754953,19.35707876324869,19.356008079887456,19.356008079887456,19.356008079887456,19.356008079887456,19.356008079887456,19.356008079887456,19.356008079887456,19.356008079887456,19.356008079887456,19.356008079887456,17.97079714345243,17.97079714345243,17.97079714345243,17.97079714345243,17.97079714345243,17.97079714345243,17.97079714345243,17.97079714345243,17.97079714345243,17.97079714345243,17.97079714345243,17.97079714345243,17.97079714345243,17.97079714345243,17.97079714345243,17.97079714345243,17.97079714345243,17.97079714345243,17.97079714345243,17.65599877444532
0.3080808080808082,19.000957977745365,19.000957977745365,19.000957977745365,19.000957977745365,19.000957977745365,19.000957977745365,19.000957977745365,19.000957977745365,19.000957977745365,19.000957977745365,19.000957977745365,19.000957977745365,19.000957977745365,19.000957977745365,19.000957977745365,19.000957977745365,19.000957977745365,19.000957977745365,19.000957977745365,19.000957977745365,19.000957977745365,19.000957977745365,19.000957977745365,19.000957977745365,19.000957977745365,19.000957977745365,19.000957977745365,19.000957977745365,19.000957977745365,19.000957977745365,19.000957977745365,19.000957977745365,19.000957977745365,19.000957977745365,19.000957977745365,19.000957977745365,19.000957977745365,19.000957977745365,19.000957977745365,19.000957977745365,19.000957977745365,19.000957977745365,19.000957977745365,19.000957977745365,19.000957977745365,19.000957977745365,19.000957977745365,19.000957977745365,19.000957977745365,19.000957977745365,19.040913076119075,19.042158953334315,19.043644607758917,19.04538869174465,19.04741794205144,19.049796497949625,19.052823008234263,19.058238604384293,19.07278547961318,19.091952117050923,19.09494599746538,19.093237790071505,19.087709937784695,19.074216386833886,19.057959005659722,19.046814751686377,19.039935370561498,19.03483483325272,19.030397568197465,19.02625493775984,19.065060571032706,19.065060571032706,19.065060571032706,19.065060571032706,19.065060571032706,19.065060571032706,19.065060571032706,19.065060571032706,19.065060571032706,19.141237688141686,19.065060571032706,19.065060571032706,19.065060571032706,19.065060571032706,19.065060571032706,19.065060571032706,19.065060571032706,19.065060571032706,19.065060571032706,19.065060571032706,19.065060571032706,19.065060571032706,19.065060571032706,19.065060571032706,19.065060571032706,19.065060571032706,19.065060571032706,19.065060571032706,19.065060571032706,19.000957977745365
0.31818181818181823,19.000957977745365,19.000957977745365,19.000957977745365,19.000957977745365,19.000957977745365,19.000957977745365,19.000957977745365,19.000957977745365,19.000957977745365,19.000957977745365,19.000957977745365,19.000957977745365,19.000957977745365,19.000957977745365,19.000957977745365,19.000957977745365,19.000957977745365,19.000957977745365,19.000957977745365,19.000957977745365,19.000957977745365,19.000957977745365,19.000957977745365,19.000957977745365,19.000957977745365,19.000957977745365,19.000957977745365,19.000957977745365,19.000957977745365,19.000957977745365,19.000957977745365,19.000957977745365,19.000957977745365,19.000957977745365,19.000957977745365,19.000957977745365,19.000957977745365,19.000957977745365,19.000957977745365,19.000957977745365,19.000957977745365,19.000957977745365,19.000957977745365,19.000957977745365,19.000957977745365,19.000957977745365,19.000957977745365,19.000957977745365,19.000957977745365,19.000957977745365,19.03582279865912,19.036887959160385,19.03817520801336,19.03969974006705,19.041480180430817,19.04354289769717,19.045949463875857,19.04898134139322,19.054280077913745,19.068419973441827,19.087954629521825,19.091449624490068,19.089695315364864,19.08384335352673,19.06999319841651,19.053917905329804,19.043103651345113,19.036399925276108,19.03138291727908,19.02699651180578,19.065060571032706,19.065060571032706,19.065060571032706,19.065060571032706,19.065060571032706,19.065060571032706,19.065060571032706,19.065060571032706,19.141237688141686,19.141237688141686,19.065060571032706,19.065060571032706,19.065060571032706,19.065060571032706,19.065060571032706,19.065060571032706,19.065060571032706,19.065060571032706,19.065060571032706,19.065060571032706,19.065060571032706,19.065060571032706,19.065060571032706,19.065060571032706,19.065060571032706,19.065060571032706,19.065060571032706,19.065060571032706,18.14064231143072,19.000957977745365
0.3282828282828284,19.000957977745365,19.000957977745365,19.000957977745365,19.000957977745365,19.000957977745365,19.000957977745365,19.000957977745365,19.000957977745365,19.000957977745365,19.000957977745365,19.000957977745365,19.000957977745365,19.000957977745365,19.000957977745365,19.000957977745365,19.000957977745365,19.000957977745365,19.000957977745365,19.000957977745365,19.000957977745365,19.000957977745365,19.000957977745365,19.000957977745365,19.000957977745365,19.000957977745365,19.000957977745365,19.000957977745365,19.000957977745365,19.000957977745365,19.000957977745365,19.000957977745365,19.000957977745365,19.000957977745365,19.000957977745365,19.000957977745365,19.000957977745365,19.000957977745365,19.000957977745365,19.000957977745365,19.000957977745365,19.000957977745365,19.000957977745365,19.000957977745365,19.000957977745365,19.000957977745365,19.000957977745365,19.000957977745365,19.000957977745365,19.000957977745365,19.000957977745365,19.030935415730664,19.031835851480633,19.03294317272489,19.034270148249625,19.035832010137337,19.037647352041514,19.039742191394254,19.04217569029138,19.045213191619787,19.050401839884668,19.064136181712726,19.083999111077762,19.08801355670522,19.086206617928553,19.080015891164294,19.065826973667782,19.049957468196034,19.03946601809766,19.032929938126735,19.027992837150762,19.065060571032706,19.065060571032706,19.065060571032706,19.065060571032706,19.065060571032706,19.065060571032706,19.065060571032706,19.141237688141686,19.141237688141686,19.141237688141686,19.065060571032706,19.065060571032706,19.065060571032706,19.065060571032706,19.065060571032706,19.065060571032706,19.065060571032706,19.065060571032706,19.065060571032706,19.065060571032706,19.065060571032706,19.065060571032706,19.065060571032706,19.065060571032706,19.065060571032706,19.065060571032706,19.065060571032706,18.14064231143072,18.14064231143072,19.000957977745365
0.33838383838383845,19.000957977745365,19.000957977745365,19.000957977745365,19.000957977745365,19.000957977745365,19.000957977745365,19.000957977745365,19.000957977745365,19.000957977745365,19.000957977745365,19.000957977745365,19.000957977745365,19.000957977745365,19.000957977745365,19.000957977745365,19.000957977745365,19.000957977745365,19.000957977745365,19.000957977745365,19.000957977745365,19.000957977745365,19.000957977745365,19.000957977745365,19.000957977745365,19.000957977745365,19.000957977745365,19.000957977745365,19.000957977745365,19.000957977745365,19.000957977745365,19.000957977745365,19.000957977745365,19.000957977745365,19.000957977745365,19.000957977745365,19.000957977745365,19.000957977745365,19.000957977745365,19.000957977745365,19.000957977745365,19.000957977745365,19.000957977745365,19.000957977745365,19.000957977745365,19.000957977745365,19.000957977745365,19.000957977745365,19.000957977745365,19.000957977745365,19.000957977745365,19.026235415962905,19.026985037412842,19.027928368462444,19.02907618906333,19.03044132841132,19.03203904828354,19.03388790710051,19.03601358718193,19.038472988117505,19.04151633532549,19.046601356824286,19.05993319327928,19.08008348733784,19.08463539929489,19.08276908327404,19.076225482656785,19.061717940176127,19.04607609686466,19.035899627747195,19.029523490300342,19.065060571032706,19.065060571032706,19.065060571032706,19.065060571032706,19.065060571032706,19.065060571032706,19.141237688141686,19.141237688141686,19.141237688141686,19.141237688141686,19.065060571032706,19.065060571032706,19.065060571032706,19.065060571032706,19.065060571032706,19.065060571032706,19.065060571032706,19.065060571032706,19.065060571032706,19.065060571032706,19.065060571032706,19.065060571032706,19.065060571032706,19.065060571032706,19.065060571032706,19.065060571032706,18.14064231143072,18.14064231143072,18.14064231143072,19.000957977745365
0.3484848484848485,19.000957977745365,19.000957977745365,19.000957977745365,19.000957977745365,19.000957977745365,19.000957977745365,19.000957977745365,19.000957977745365,19.000957977745365,19.000957977745365,19.000957977745365,19.000957977745365,19.000957977745365,19.000957977745365,19.000957977745365,19.000957977745365,19.000957977745365,19.000957977745365,19.000957977745365,19.000957977745365,19.000957977745365,19.000957977745365,19.000957977745365,19.000957977745365,19.000957977745365,19.000957977745365,19.000957977745365,19.000957977745365,19.000957977745365,19.000957977745365,19.000957977745365,19.000957977745365,19.000957977745365,19.000957977745365,19.000957977745365,19.000957977745365,19.000957977745365,19.000957977745365,19.000957977745365,19.000957977745365,19.000957977745365,19.000957977745365,19.000957977745365,19.000957977745365,19.000957977745365,19.000957977745365,19.000957977745365,19.000957977745365,19.000957977745365,19.000957977745365,19.021709128926712,19.022320095318744,19.02311330505089,19.024097852706664,19.025284594522077,19.02668641175027,19.028318588981232,19.030199646013802,19.03235494519008,19.034839261678666,19.03788864444266,19.04287619481534,19.055810044980763,19.07620589413435,19.08131280785721,19.079380147897385,19.07247025327281,19.057666396273607,19.042272165156426,19.03240233396067,19.065060571032706,19.065060571032706,19.065060571032706,19.065060571032706,19.065060571032706,19.141237688141686,19.141237688141686,19.141237688141686,19.141237688141686,19.141237688141686,19.065060571032706,19.065060571032706,19.065060571032706,19.065060571032706,19.065060571032706,19.065060571032706,19.065060571032706,19.065060571032706,19.065060571032706,19.065060571032706,19.065060571032706,19.065060571032706,19.065060571032706,19.065060571032706,19.065060571032706,18.14064231143072,18.14064231143072,18.14064231143072,18.14064231143072,19.000957977745365
0.3585858585858587,19.000957977745365,19.000957977745365,19.000957977745365,19.000957977745365,19.000957977745365,19.000957977745365,19.000957977745365,19.000957977745365,19.000957977745365,19.000957977745365,19.000957977745365,19.000957977745365,19.000957977745365,19.000957977745365,19.000957977745365,19.000957977745365,19.000957977745365,19.000957977745365,19.000957977745365,19.000957977745365,19.000957977745365,19.000957977745365,19.000957977745365,19.000957977745365,19.000957977745365,19.000957977745365,19.000957977745365,19.000957977745365,19.000957977745365,19.000957977745365,19.000957977745365,19.000957977745365,19.000957977745365,19.000957977745365,19.000957977745365,19.000957977745365,19.000957977745365,19.000957977745365,19.000957977745365,19.000957977745365,19.000957977745365,19.000957977745365,19.000957977745365,19.000957977745365,19.000957977745365,19.000957977745365,19.000957977745365,19.000957977745365,19.000957977745365,19.000957977745365,19.01734445092196,19.017827432910163,19.018482649100644,19.019317750054025,19.020341920097586,19.021566082913637,19.023003164176558,19.024668465000797,19.02658046352096,19.028764216368227,19.031272503631705,19.034328081294092,19.039224015821752,19.051765717711724,19.07236468228206,19.078043483715728,19.076037297555526,19.06874852779554,19.05367268732057,19.038544022896232,19.065060571032706,19.065060571032706,19.065060571032706,19.065060571032706,19.141237688141686,19.141237688141686,19.141237688141686,19.141237688141686,19.141237688141686,19.141237688141686,19.065060571032706,19.065060571032706,19.065060571032706,19.065060571032706,19.065060571032706,19.065060571032706,19.065060571032706,19.065060571032706,19.065060571032706,19.065060571032706,19.065060571032706,19.065060571032706,19.065060571032706,19.065060571032706,18.14064231143072,18.14064231143072,18.14064231143072,18.14064231143072,18.14064231143072,19.000957977745365
0.36868686868686873,19.000957977745365,19.000957977745365,19.000957977745365,19.000957977745365,19.000957977745365,19.000957977745365,19.000957977745365,19.000957977745365,19.000957977745365,19.000957977745365,19.000957977745365,19.000957977745365,19.000957977745365,19.000957977745365,19.000957977745365,19.000957977745365,19.000957977745365,19.000957977745365,19.000957977745365,19.000957977745365,19.000957977745365,19.000957977745365,19.000957977745365,19.000957977745365,19.000957977745365,19.000957977745365,19.000957977745365,19.000957977745365,19.000957977745365,19.000957977745365,19.000957977745365,19.000957977745365,19.000957977745365,19.000957977745365,19.000957977745365,19.000957977745365,19.000957977745365,19.000957977745365,19.000957977745365,19.000957977745365,19.000957977745365,19.000957977745365,19.000957977745365,19.000957977745365,19.000957977745365,19.000957977745365,19.000957977745365,19.000957977745365,19.000957977745365,19.000957977745365,19.013130619900405,19.013495014974072,19.01402288515381,19.014720634543373,19.015596015475143,19.01665829273288,19.01791844936302,19.01938944847217,19.02108660194745,19.023028343525695,19.025239437569716,19.02777079023226,19.030832693792586,19.035642574089444,19.047799134518545,19.068558421352947,19.074825169631186,19.072738066331045,19.06505883598425,19.049737182986334,19.065060571032706,19.065060571032706,19.065060571032706,19.141237688141686,19.141237688141686,19.141237688141686,19.141237688141686,19.141237688141686,19.141237688141686,19.141237688141686,19.065060571032706,19.065060571032706,19.065060571032706,19.065060571032706,19.065060571032706,19.065060571032706,19.065060571032706,19.065060571032706,19.065060571032706,19.065060571032706,19.065060571032706,19.065060571032706,19.065060571032706,18.14064231143072,18.14064231143072,18.14064231143072,18.14064231143072,18.14064231143072,18.14064231143072,19.000957977745365
0.3787878787878789,19.000957977745365,19.000957977745365,19.000957977745365,19.000957977745365,19.000957977745365,19.000957977745365,19.000957977745365,19.000957977745365,19.000957977745365,19.000957977745365,19.000957977745365,19.000957977745365,19.000957977745365,19.000957977745365,19.000957977745365,19.000957977745365,19.000957977745365,19.000957977745365,19.000957977745365,19.000957977745365,19.000957977745365,19.000957977745365,19.000957977745365,19.000957977745365,19.000957977745365,19.000957977745365,19.000957977745365,19.000957977745365,19.000957977745365,19.000957977745365,19.000957977745365,19.000957977745365,19.000957977745365,19.000957977745365,19.000957977745365,19.000957977745365,19.000957977745365,19.000957977745365,19.000957977745365,19.000957977745365,19.000957977745365,19.000957977745365,19.000957977745365,19.000957977745365,19.000957977745365,19.000957977745365,19.000957977745365,19.000957977745365,19.000957977745365,19.000957977745365,19.00905802881674,19.009312139779546,19.009722045322196,19.010293066290405,19.011031719558314,19.011945849488313,19.013044792828413,19.0143395845895,19.015843218907,19.017571013174916,19.01954135427498,19.0217787269629,19.024332276911842,19.027400610945975,19.03212971262533,19.04390916049763,19.064785902161113,19.07165564592629,19.069480036517195,19.061399916996198,19.065060571032706,19.065060571032706,19.141237688141686,19.141237688141686,19.141237688141686,19.141237688141686,19.141237688141686,19.141237688141686,19.141237688141686,19.141237688141686,19.065060571032706,19.065060571032706,19.065060571032706,19.065060571032706,19.065060571032706,19.065060571032706,19.065060571032706,19.065060571032706,19.065060571032706,19.065060571032706,19.065060571032706,19.065060571032706,18.14064231143072,18.14064231143072,18.14064231143072,18.14064231143072,18.14064231143072,18.14064231143072,18.14064231143072,19.000957977745365
0.38888888888888895,19.000957977745365,19.000957977745365,19.000957977745365,19.000957977745365,19.000957977745365,19.000957977745365,19.000957977745365,19.000957977745365,19.000957977745365,19.000957977745365,19.000957977745365,19.000957977745365,19.000957977745365,19.000957977745365,19.000957977745365,19.000957977745365,19.000957977745365,19.000957977745365,19.000957977745365,19.000957977745365,19.000957977745365,19.000957977745365,19.000957977745365,19.000957977745365,19.000957977745365,19.000957977745365,19.000957977745365,19.000957977745365,19.000957977745365,19.000957977745365,19.000957977745365,19.000957977745365,19.000957977745365,19.000957977745365,19.000957977745365,19.000957977745365,19.000957977745365,19.000957977745365,19.000957977745365,19.000957977745365,19.000957977745365,19.000957977745365,19.000957977745365,19.000957977745365,19.000957977745365,19.000957977745365,19.000957977745365,19.000957977745365,19.000957977745365,19.000957977745365,19.00511806985065,19.005269253618952,19.005569487163157,19.006023143615636,19.00663566683083,19.00741367624294,19.008365099338885,19.00949933705599,19.010827469587227,19.01236251622408,19.014119795042532,19.016117643859076,19.01838027974367,19.020955194141713,19.024030038645144,19.02868335975812,19.040094604257355,19.06104613767858,19.068532727040783,19.066260839354108,19.065060571032706,19.141237688141686,19.141237688141686,19.141237688141686,19.141237688141686,19.141237688141686,19.141237688141686,19.141237688141686,19.141237688141686,19.141237688141686,19.065060571032706,19.065060571032706,19.065060571032706,19.065060571032706,19.065060571032706,19.065060571032706,19.065060571032706,19.065060571032706,19.065060571032706,19.065060571032706,19.065060571032706,18.14064231143072,18.14064231143072,18.14064231143072,18.14064231143072,18.14064231143072,18.14064231143072,18.14064231143072,18.14064231143072,19.000957977745365
0.3989898989898991,19.000957977745365,19.000957977745365,19.000957977745365,19.000957977745365,19.000957977745365,19.000957977745365,19.000957977745365,19.000957977745365,19.000957977745365,19.000957977745365,19.000957977745365,19.000957977745365,19.000957977745365,19.000957977745365,19.000957977745365,19.000957977745365,19.000957977745365,19.000957977745365,19.000957977745365,19.000957977745365,19.000957977745365,19.000957977745365,19.000957977745365,19.000957977745365,19.000957977745365,19.000957977745365,19.000957977745365,19.000957977745365,19.000957977745365,19.000957977745365,19.000957977745365,19.000957977745365,19.000957977745365,19.000957977745365,19.000957977745365,19.000957977745365,19.000957977745365,19.000957977745365,19.000957977745365,19.000957977745365,19.000957977745365,19.000957977745365,19.000957977745365,19.000957977745365,19.000957977745365,19.000957977745365,19.000957977745365,19.000957977745365,19.000957977745365,19.000957977745365,19.00130300367203,19.00135779599718,19.0015557093993,19.001900282374415,19.002396020749817,19.003048480691458,19.00386437486335,19.004851705725397,19.006019931277585,19.0073801706717,19.008945462964142,19.01073112248836,19.01275543600708,19.015042364126025,19.017637843561662,19.020719255714493,19.02530152578433,19.036354220700982,19.057338362128963,19.06545425853901,19.141237688141686,19.141237688141686,19.141237688141686,19.141237688141686,19.141237688141686,19.141237688141686,19.141237688141686,19.141237688141686,19.141237688141686,19.141237688141686,19.065060571032706,19.065060571032706,19.065060571032706,19.065060571032706,19.065060571032706,19.065060571032706,19.065060571032706,19.065060571032706,19.065060571032706,19.065060571032706,18.14064231143072,18.14064231143072,18.14064231143072,18.14064231143072,18.14064231143072,18.14064231143072,18.14064231143072,18.14064231143072,18.14064231143072,19.000957977745365
0.40909090909090917,19.000957977745365,19.000957977745365,19.000957977745365,19.000957977745365,19.000957977745365,19.000957977745365,19.000957977745365,19.000957977745365,19.000957977745365,19.000957977745365,19.000957977745365,19.000957977745365,19.000957977745365,19.000957977745365,19.000957977745365,19.000957977745365,19.000957977745365,19.000957977745365,19.000957977745365,19.000957977745365,19.000957977745365,19.000957977745365,19.000957977745365,19.000957977745365,19.000957977745365,19.000957977745365,19.000957977745365,19.000957977745365,19.000957977745365,19.000957977745365,19.000957977745365,19.000957977745365,19.000957977745365,19.000957977745365,19.000957977745365,19.000957977745365,19.000957977745365,19.000957977745365,19.000957977745365,19.000957977745365,19.000957977745365,19.000957977745365,19.000957977745365,19.000957977745365,19.000957977745365,19.000957977745365,19.000957977745365,19.000957977745365,19.000957977745365,19.000957977745365,19.000957977745365,19.000957977745365,19.000957977745365,19.000957977745365,19.000957977745365,19.000957977745365,19.000957977745365,19.000957977745365,19.000957977745365,19.000957977745365,19.065060571032706,19.065060571032706,19.065060571032706,19.065060571032706,19.065060571032706,19.065060571032706,19.065060571032706,19.065060571032706,19.065060571032706,19.141237688141686,19.141237688141686,19.141237688141686,19.141237688141686,19.141237688141686,19.141237688141686,19.141237688141686,19.141237688141686,19.141237688141686,19.141237688141686,19.141237688141686,19.065060571032706,19.065060571032706,19.065060571032706,19.065060571032706,19.065060571032706,19.065060571032706,19.065060571032706,19.065060571032706,19.065060571032706,18.14064231143072,18.14064231143072,18.14064231143072,18.14064231143072,18.14064231143072,18.14064231143072,18.14064231143072,18.14064231143072,18.14064231143072,18.14064231143072,19.000957977745365
0.4191919191919192,19.000957977745365,19.000957977745365,19.000957977745365,19.000957977745365,19.000957977745365,19.000957977745365,19.000957977745365,19.000957977745365,19.000957977745365,19.000957977745365,19.000957977745365,19.000957977745365,19.000957977745365,19.000957977745365,19.000957977745365,19.000957977745365,19.000957977745365,19.000957977745365,19.000957977745365,19.000957977745365,19.000957977745365,19.000957977745365,19.000957977745365,19.000957977745365,19.000957977745365,19.000957977745365,19.000957977745365,19.000957977745365,19.000957977745365,19.000957977745365,19.000957977745365,19.000957977745365,19.000957977745365,19.000957977745365,19.000957977745365,19.000957977745365,19.000957977745365,19.000957977745365,19.000957977745365,19.000957977745365,19.000957977745365,19.000957977745365,19.000957977745365,19.000957977745365,19.000957977745365,19.000957977745365,19.000957977745365,19.000957977745365,19.000957977745365,19.000957977745365,19.000957977745365,19.000957977745365,19.000957977745365,19.000957977745365,19.000957977745365,19.000957977745365,19.000957977745365,19.000957977745365,19.000957977745365,19.000957977745365,19.065060571032706,19.065060571032706,19.065060571032706,19.065060571032706,19.065060571032706,19.065060571032706,19.065060571032706,19.065060571032706,19.141237688141686,19.141237688141686,19.141237688141686,19.141237688141686,19.141237688141686,19.141237688141686,19.141237688141686,19.141237688141686,19.141237688141686,19.141237688141686,19.141237688141686,19.141237688141686,19.065060571032706,19.065060571032706,19.065060571032706,19.065060571032706,19.065060571032706,19.065060571032706,19.065060571032706,19.065060571032706,18.14064231143072,18.14064231143072,18.14064231143072,18.14064231143072,18.14064231143072,18.14064231143072,18.14064231143072,18.14064231143072,18.14064231143072,18.14064231143072,18.14064231143072,19.000957977745365
0.4292929292929294,19.000957977745365,19.000957977745365,19.000957977745365,19.000957977745365,19.000957977745365,19.000957977745365,19.000957977745365,19.000957977745365,19.000957977745365,19.000957977745365,19.000957977745365,19.000957977745365,19.000957977745365,19.000957977745365,19.000957977745365,19.000957977745365,19.000957977745365,19.000957977745365,19.000957977745365,19.000957977745365,19.000957977745365,19.000957977745365,19.000957977745365,19.000957977745365,19.000957977745365,19.000957977745365,19.000957977745365,19.000957977745365,19.000957977745365,19.000957977745365,19.000957977745365,19.000957977745365,19.000957977745365,19.000957977745365,19.000957977745365,19.000957977745365,19.000957977745365,19.000957977745365,19.000957977745365,19.000957977745365,19.000957977745365,19.000957977745365,19.000957977745365,19.000957977745365,19.000957977745365,19.000957977745365,19.000957977745365,19.000957977745365,19.000957977745365,19.000957977745365,19.000957977745365,19.000957977745365,19.000957977745365,19.000957977745365,19.000957977745365,19.000957977745365,19.000957977745365,19.000957977745365,19.000957977745365,19.000957977745365,19.065060571032706,19.065060571032706,19.065060571032706,19.065060571032706,19.065060571032706,19.065060571032706,19.065060571032706,19.141237688141686,19.141237688141686,19.141237688141686,19.141237688141686,19.141237688141686,19.141237688141686,19.141237688141686,19.141237688141686,19.141237688141686,19.141237688141686,19.141237688141686,19.141237688141686,19.141237688141686,19.065060571032706,19.065060571032706,19.065060571032706,19.065060571032706,19.065060571032706,19.065060571032706,19.065060571032706,18.14064231143072,18.14064231143072,18.14064231143072,18.14064231143072,18.14064231143072,18.14064231143072,18.14064231143072,18.14064231143072,18.14064231143072,18.14064231143072,18.14064231143072,18.14064231143072,19.000957977745365
0.43939393939393945,19.000957977745365,19.000957977745365,19.000957977745365,19.000957977745365,19.000957977745365,19.000957977745365,19.000957977745365,19.000957977745365,19.000957977745365,19.000957977745365,19.000957977745365,19.000957977745365,19.000957977745365,19.000957977745365,19.000957977745365,19.000957977745365,19.000957977745365,19.000957977745365,19.000957977745365,19.000957977745365,19.000957977745365,19.000957977745365,19.000957977745365,19.000957977745365,19.000957977745365,19.000957977745365,19.000957977745365,19.000957977745365,19.000957977745365,19.000957977745365,19.000957977745365,19.000957977745365,19.000957977745365,19.000957977745365,19.000957977745365,19.000957977745365,19.000957977745365,19.000957977745365,19.000957977745365,19.000957977745365,19.000957977745365,19.000957977745365,19.000957977745365,19.000957977745365,19.000957977745365,19.000957977745365,19.000957977745365,19.000957977745365,19.000957977745365,19.000957977745365,19.000957977745365,19.000957977745365,19.000957977745365,19.000957977745365,19.000957977745365,19.000957977745365,19.000957977745365,19.000957977745365,19.000957977745365,19.000957977745365,19.065060571032706,19.065060571032706,19.065060571032706,19.065060571032706,19.065060571032706,19.065060571032706,19.141237688141686,19.141237688141686,19.141237688141686,19.141237688141686,19.141237688141686,19.141237688141686,19.141237688141686,19.141237688141686,19.141237688141686,19.141237688141686,19.141237688141686,19.141237688141686,19.141237688141686,19.141237688141686,19.065060571032706,19.065060571032706,19.065060571032706,19.065060571032706,19.065060571032706,19.065060571032706,18.14064231143072,18.14064231143072,18.14064231143072,18.14064231143072,18.14064231143072,18.14064231143072,18.14064231143072,18.14064231143072,18.14064231143072,18.14064231143072,18.14064231143072,18.14064231143072,18.14064231143072,19.000957977745365
0.4494949494949496,19.000957977745365,19.000957977745365,19.000957977745365,19.000957977745365,19.000957977745365,19.000957977745365,19.000957977745365,19.000957977745365,19.000957977745365,19.000957977745365,19.000957977745365,19.000957977745365,19.000957977745365,19.000957977745365,19.000957977745365,19.000957977745365,19.000957977745365,19.000957977745365,19.000957977745365,19.000957977745365,19.000957977745365,19.000957977745365,19.000957977745365,19.000957977745365,19.000957977745365,19.000957977745365,19.000957977745365,19.000957977745365,19.000957977745365,19.000957977745365,19.000957977745365,19.000957977745365,19.000957977745365,19.000957977745365,19.000957977745365,19.000957977745365,19.000957977745365,19.000957977745365,19.000957977745365,19.000957977745365,19.000957977745365,19.000957977745365,19.000957977745365,19.000957977745365,19.000957977745365,19.000957977745365,19.000957977745365,19.000957977745365,19.000957977745365,19.000957977745365,19.000957977745365,19.000957977745365,19.000957977745365,19.000957977745365,19.000957977745365,19.000957977745365,19.000957977745365,19.000957977745365,19.000957977745365,19.000957977745365,19.065060571032706,19.065060571032706,19.065060571032706,19.065060571032706,19.065060571032706,19.141237688141686,19.141237688141686,19.141237688141686,19.141237688141686,19.141237688141686,19.141237688141686,19.141237688141686,19.141237688141686,19.141237688141686,19.141237688141686,19.141237688141686,19.141237688141686,19.141237688141686,19.141237688141686,19.141237688141686,19.065060571032706,19.065060571032706,19.065060571032706,19.065060571032706,19.065060571032706,18.14064231143072,18.14064231143072,18.14064231143072,18.14064231143072,18.14064231143072,18.14064231143072,18.14064231143072,18.14064231143072,18.14064231143072,18.14064231143072,18.14064231143072,18.14064231143072,18.14064231143072,18.14064231143072,19.000957977745365
0.45959595959595967,19.000957977745365,19.000957977745365,19.000957977745365,19.000957977745365,19.000957977745365,19.000957977745365,19.000957977745365,19.000957977745365,19.000957977745365,19.000957977745365,19.000957977745365,19.000957977745365,19.000957977745365,19.000957977745365,19.000957977745365,19.000957977745365,19.000957977745365,19.000957977745365,19.000957977745365,19.000957977745365,19.000957977745365,19.000957977745365,19.000957977745365,19.000957977745365,19.000957977745365,19.000957977745365,19.000957977745365,19.000957977745365,19.000957977745365,19.000957977745365,19.000957977745365,19.000957977745365,19.000957977745365,19.000957977745365,19.000957977745365,19.000957977745365,19.000957977745365,19.000957977745365,19.000957977745365,19.000957977745365,19.000957977745365,19.000957977745365,19.000957977745365,19.000957977745365,19.000957977745365,19.000957977745365,19.000957977745365,19.000957977745365,19.000957977745365,19.000957977745365,19.000957977745365,19.000957977745365,19.000957977745365,19.000957977745365,19.000957977745365,19.000957977745365,19.000957977745365,19.000957977745365,19.000957977745365,19.000957977745365,19.065060571032706,19.065060571032706,19.065060571032706,19.065060571032706,19.141237688141686,19.141237688141686,19.141237688141686,19.141237688141686,19.141237688141686,19.141237688141686,19.141237688141686,19.141237688141686,19.141237688141686,19.141237688141686,19.141237688141686,19.141237688141686,19.141237688141686,19.141237688141686,19.141237688141686,19.141237688141686,19.065060571032706,19.065060571032706,19.065060571032706,19.065060571032706,18.14064231143072,18.14064231143072,18.14064231143072,18.14064231143072,18.14064231143072,18.14064231143072,18.14064231143072,18.14064231143072,18.14064231143072,18.14064231143072,18.14064231143072,18.14064231143072,18.14064231143072,18.14064231143072,18.14064231143072,19.000957977745365
0.4696969696969697,19.000957977745365,19.000957977745365,19.000957977745365,19.000957977745365,19.000957977745365,19.000957977745365,19.000957977745365,19.000957977745365,19.000957977745365,19.000957977745365,19.000957977745365,19.000957977745365,19.000957977745365,19.000957977745365,19.000957977745365,19.000957977745365,19.000957977745365,19.000957977745365,19.000957977745365,19.000957977745365,19.000957977745365,19.000957977745365,19.000957977745365,19.000957977745365,19.000957977745365,19.000957977745365,19.000957977745365,19.000957977745365,19.000957977745365,19.000957977745365,19.000957977745365,19.000957977745365,19.000957977745365,19.000957977745365,19.000957977745365,19.000957977745365,19.000957977745365,19.000957977745365,19.000957977745365,19.000957977745365,19.000957977745365,19.000957977745365,19.000957977745365,19.000957977745365,19.000957977745365,19.000957977745365,19.000957977745365,19.000957977745365,19.000957977745365,19.000957977745365,19.000957977745365,19.000957977745365,19.000957977745365,19.000957977745365,19.000957977745365,19.000957977745365,19.000957977745365,19.000957977745365,19.000957977745365,19.000957977745365,19.065060571032706,19.065060571032706,19.065060571032706,19.141237688141686,19.141237688141686,19.141237688141686,19.141237688141686,19.141237688141686,19.141237688141686,19.141237688141686,19.141237688141686,19.141237688141686,19.141237688141686,19.141237688141686,19.141237688141686,19.141237688141686,19.141237688141686,19.141237688141686,19.141237688141686,19.141237688141686,19.065060571032706,19.065060571032706,19.065060571032706,18.14064231143072,18.14064231143072,18.14064231143072,18.14064231143072,18.14064231143072,18.14064231143072,18.14064231143072,18.14064231143072,18.14064231143072,18.14064231143072,18.14064231143072,18.14064231143072,18.14064231143072,18.14064231143072,18.14064231143072,18.14064231143072,19.000957977745365
0.4797979797979799,19.000957977745365,19.000957977745365,19.000957977745365,19.000957977745365,19.000957977745365,19.000957977745365,19.000957977745365,19.000957977745365,19.000957977745365,19.000957977745365,19.000957977745365,19.000957977745365,19.000957977745365,19.000957977745365,19.000957977745365,19.000957977745365,19.000957977745365,19.000957977745365,19.000957977745365,19.000957977745365,19.000957977745365,19.000957977745365,19.000957977745365,19.000957977745365,19.000957977745365,19.000957977745365,19.000957977745365,19.000957977745365,19.000957977745365,19.000957977745365,19.000957977745365,19.000957977745365,19.000957977745365,19.000957977745365,19.000957977745365,19.000957977745365,19.000957977745365,19.000957977745365,19.000957977745365,19.000957977745365,19.000957977745365,19.000957977745365,19.000957977745365,19.000957977745365,19.000957977745365,19.000957977745365,19.000957977745365,19.000957977745365,19.000957977745365,19.000957977745365,19.000957977745365,19.000957977745365,19.000957977745365,19.000957977745365,19.000957977745365,19.000957977745365,19.000957977745365,19.000957977745365,19.000957977745365,19.000957977745365,19.065060571032706,19.065060571032706,19.141237688141686,19.141237688141686,19.141237688141686,19.141237688141686,19.141237688141686,19.141237688141686,19.141237688141686,19.141237688141686,19.141237688141686,19.141237688141686,19.141237688141686,19.141237688141686,19.141237688141686,19.141237688141686,19.141237688141686,19.141237688141686,19.141237688141686,19.141237688141686,19.065060571032706,19.065060571032706,18.14064231143072,18.14064231143072,18.14064231143072,18.14064231143072,18.14064231143072,18.14064231143072,18.14064231143072,18.14064231143072,18.14064231143072,18.14064231143072,18.14064231143072,18.14064231143072,18.14064231143072,18.14064231143072,18.14064231143072,18.14064231143072,18.14064231143072,19.000957977745365
0.48989898989898994,19.000957977745365,19.000957977745365,19.000957977745365,19.000957977745365,19.000957977745365,19.000957977745365,19.000957977745365,19.000957977745365,19.000957977745365,19.000957977745365,19.000957977745365,19.000957977745365,19.000957977745365,19.000957977745365,19.000957977745365,19.000957977745365,19.000957977745365,19.000957977745365,19.000957977745365,19.000957977745365,19.000957977745365,19.000957977745365,19.000957977745365,19.000957977745365,19.000957977745365,19.000957977745365,19.000957977745365,19.000957977745365,19.000957977745365,19.000957977745365,19.000957977745365,19.000957977745365,19.000957977745365,19.000957977745365,19.000957977745365,19.000957977745365,19.000957977745365,19.000957977745365,19.000957977745365,19.000957977745365,19.000957977745365,19.000957977745365,19.000957977745365,19.000957977745365,19.000957977745365,19.000957977745365,19.000957977745365,19.000957977745365,19.000957977745365,19.000957977745365,19.000957977745365,19.000957977745365,19.000957977745365,19.000957977745365,19.000957977745365,19.000957977745365,19.000957977745365,19.000957977745365,19.000957977745365,19.000957977745365,19.065060571032706,19.141237688141686,19.141237688141686,19.141237688141686,19.141237688141686,19.141237688141686,19.141237688141686,19.141237688141686,19.141237688141686,19.141237688141686,19.141237688141686,19.141237688141686,19.141237688141686,19.141237688141686,19.141237688141686,19.141237688141686,19.141237688141686,19.141237688141686,19.141237688141686,19.141237688141686,19.065060571032706,18.14064231143072,18.14064231143072,18.14064231143072,18.14064231143072,18.14064231143072,18.14064231143072,18.14064231143072,18.14064231143072,18.14064231143072,18.14064231143072,18.14064231143072,18.14064231143072,18.14064231143072,18.14064231143072,18.14064231143072,18.14064231143072,18.14064231143072,18.14064231143072,19.000957977745365
0.5,19.116190829464262,19.116190829464262,19.116190829464262,19.116190829464262,19.116190829464262,19.116190829464262,19.116190829464262,19.116190829464262,19.116190829464262,19.116190829464262,19.116190829464262,19.116190829464262,19.116190829464262,19.116190829464262,19.116190829464262,19.116190829464262,19.116190829464262,19.116190829464262,19.116190829464262,19.116190829464262,19.116190829464262,19.116190829464262,19.116190829464262,19.116190829464262,19.116190829464262,19.116190829464262,19.116190829464262,19.116190829464262,19.116190829464262,19.116190829464262,19.116190829464262,19.116190829464262,19.116190829464262,19.116190829464262,19.116190829464262,19.116190829464262,19.116190829464262,19.116190829464262,19.116190829464262,19.116190829464262,19.116190829464262,19.116190829464262,19.116190829464262,19.116190829464262,19.116190829464262,19.116190829464262,19.116190829464262,19.116190829464262,19.116190829464262,19.116190829464262,19.116190829464262,19.116190829464262,19.116190829464262,19.116190829464262,19.116190829464262,19.116190829464262,19.116190829464262,19.116190829464262,19.116190829464262,19.116190829464262,19.192367946573242,19.192367946573242,19.192367946573242,19.192367946573242,19.192367946573242,19.192367946573242,19.192367946573242,19.192367946573242,19.192367946573242,19.192367946573242,19.192367946573242,19.192367946573242,19.192367946573242,19.192367946573242,19.192367946573242,19.192367946573242,19.192367946573242,19.192367946573242,19.192367946573242,19.192367946573242,18.191772569862277,18.191772569862277,18.191772569862277,18.191772569862277,18.191772569862277,18.191772569862277,18.191772569862277,18.191772569862277,18.191772569862277,18.191772569862277,18.191772569862277,18.191772569862277,18.191772569862277,18.191772569862277,18.191772569862277,18.191772569862277,18.191772569862277,18.191772569862277,18.191772569862277,19.116190829464262
